publication_date,publication_id,publication_title,speaker,party,bloc,speech_type,text
2026-01-06,refs-202526-01-06,Møte tirsdag den 6. januar 2026,Kai Steffen Østensen,A,Left,hovedinnlegg,"Kai Steffen Østensen (A) [10:06:06]: Godt nytt år, president, og takk til saksordføreren for arbeidet og redegjørelsen i saken. Dette er en sak som understreker viktigheten av fortsatt å løfte, prioritere og helhetlig rigge et psykisk helsetjenestetilbud som gir gode og tilgjengelige tjenester der folk bor og trenger hjelp. En sånn helhetlig tilnærming bygger på opptrappingsplanen for psykisk helse som vi la fram sammen med Senterpartiet i 2023. Planen er helhetlig og langsiktig og ser forebygging, lavterskeltilbud og tilbud i spesialisthelsetjenesten i sammenheng – et vesentlig poeng for Arbeiderpartiet – sånn at pasientene får riktig behandling til riktig tid, av de fagfolkene som har kompetansen til å gi det. De distriktspsykiatriske sentrene er en del av planen, og målet er klart: De skal utvikles og styrkes, for vi trenger både poliklinisk behandling, ambulant behandling og døgnbehandling i det som for Arbeiderpartiet handler om å sikre økt totalkapasitet for psykisk helsevern – og arbeidet følges opp. Arbeiderparti-regjeringen har bedt sykehusene lage konkrete og tidfestede planer for hvordan døgnkapasiteten i psykisk helsevern skal øke fram mot 2030, i tråd med framskrivingsplanene, både på sykehus og ved DPS-ene. Dette er et viktig oppdrag som er prioritert, og som sørger for at vi bygger på helheten i vår felles helsetjeneste. Komiteens flertall løfter et viktig poeng om fagfolkbehovet framover. Fagfolkene er grunnplanken i helsetjenesten – uten dem, ingen tjeneste. Det er også derfor vi er i dialog med alle partiene på Stortinget om en ny helsepersonellplan fram mot 2040, med mål om å styrke innsatsen for utdanning og rekruttering, men også for å sikre at vi beholder flere folk i tjenesten. Arbeidet er allerede i gang, og vi vil også inkludere psykisk helsevern. Innspillene til dette representantforslaget bør vi ta med oss inn i arbeidet. Til slutt: Arbeiderpartiet er tydelig på at Stortinget bør være varsomt med å gå inn i hvorvidt enkelttilbud skal legges ned eller opprettes ved ulike helseforetak. Vi setter de overordnede målene for vår felles helsetjeneste i denne sal, mens sykehusene må ha handlingsrommet til å kunne få levere på oppdraget. Det stadig å gripe inn i enkeltbeslutninger vil være å flytte de faglige forsvarlighetsvurderingene fra fagmiljøene til politikerne. La meg likevel understreke at vi ser behovet for å fornye dagens helsemodell, sånn at vi alltid har rammene til å gi verdens beste helsetjeneste. Det arbeidet er i gang med regjeringens varslede helsereform. Skal vi gi trygghet for folks psykiske helse, må vi sørge for at vi bygger opp totalkapasiteten i psykisk helsevern. Det er det Arbeiderpartiet prioriterer."
2026-01-06,refs-202526-01-06,Møte tirsdag den 6. januar 2026,Margret Hagerup,H,Right,hovedinnlegg,"Margret Hagerup (H) [10:09:12]: Psykisk helse er et av de viktigste områdene i helsepolitikken. Det handler om mennesker som strever, familier som står i krevende situasjoner, og et helsevesen som må være tilgjengelig når behovene er størst. Derfor er det også bred enighet i denne salen om at psykisk helsevern må styrkes, og at distriktspsykiatriske sentre er en helt sentral del av dette tilbudet. Høyre deler intensjonen bak representantforslaget som ligger til grunn for denne innstillingen. Vi er enige om at kapasiteten innen psykisk helsevern er presset, at mange pasienter opplever for lange ventetider, og at mangel på personell er en alvorlig utfordring både i spesialisthelsetjenesten og i kommunene. Samtidig er det viktig å være tydelig på hvordan vi best kan løse disse utfordringene. Høyre mener at en styrking av DPS-ene ikke kan skje gjennom detaljstyring fra Stortinget av enkeltinstitusjoner eller bestemte døgntilbud. Slike beslutninger må tas på bakgrunn av faglige vurderinger, pasientenes behov og helheten i tjenestetilbudet – ikke gjennom politiske vedtak om konkrete lokaliseringer eller driftsformer. Helsepolitikk handler også om prioriteringer og realisme. Vi står allerede i en situasjon der mangelen på kvalifisert helsepersonell er den største flaskehalsen i tjenestene. Å vedta nye opptrappingsplaner uten samtidig å sikre rekruttering, utdanning og bedre bruk av personell, risikerer å bli symbolpolitikk med gode intensjoner, men begrenset effekt for pasientene. Høyre mener derfor at en videre utvikling av DPS-tilbudet må inngå i en helhetlig plan for psykisk helsevern – en plan som ser spesialisthelsetjenesten og kommunehelsetjenesten i sammenheng, som legger til rette for mer ambulante tjenester, bedre samhandling og større fleksibilitet, og som tar hensyn til at behovene kan variere betydelig mellom ulike deler av landet. Høyres mål er klart: Pasientene skal få raskere hjelp, bedre kvalitet i behandlingen og et mer tilgjengelig psykisk helsevern uavhengig av hvor de bor. Det er pasientens helsetjeneste. For å få til det må vi gi fagmiljøene tillit, sikre bærekraftige rammer og prioritere tiltak som faktisk styrker kapasiteten i tjenestene. Høyre støtter det første forslaget om å gjennomføre en helhetlig og faglig gjennomgang av tilbudet, med en tydelig føring om å hindre nedbygging av den totale kapasiteten innen psykisk helsevern. Høyre deler ambisjonen om et sterkt og desentralisert psykisk helsevern. Samtidig mener vi at veien dit må være faglig forankret, helhetlig og realistisk."
2026-01-06,refs-202526-01-06,Møte tirsdag den 6. januar 2026,Kathy Lie,SV,Left,hovedinnlegg,"Kathy Lie (SV) [10:12:09]: I denne saken fremmer vi forslag som er både overordnede og prinsipielle og et forsvar mot nedleggelse av konkrete distriktspsykiatriske sentre vi vet det er planer om å legge ned, eller hvor man planlegger å legge ned døgnplassene. Det er stort behov for psykisk helsehjelp i hele landet, og for mange er det viktig å kunne få den hjelpen i nærheten av der de bor og lever sitt liv. Man skal ikke behøve å bo i en større by for å ha psykisk helsehjelp innenfor rimelig reiseavstand. Det er jo hele kjernen i at man i sin tid satset på å få spesialisert psykisk helsehjelp ut av de store sykehusene i form av DPS-er. Altfor mange med psykiske helseplager får ikke den hjelpen de trenger. Mange oppsøker ikke hjelp, og mange av dem som ber om hjelp, får ikke hjelp, eller de får hjelpen altfor sent. Kapasiteten innen psykisk helsevern er rett og slett for lav. Vi har en opptrappingsplan for psykisk helsehjelp, men i dag tror jeg det er mange som ikke opplever noen opptrapping. Særlig er jeg bekymret for at så mange unge sliter med psykisk uhelse. Det er selvfølgelig kritisk for den enkelte som får et vanskelig liv, men også for samfunnet når stadig flere unge ender opp som uføre. Skiftende regjeringer har sagt de skal satse på psykisk helse i mange år. Det vises til statistikker som sier at det er like mange døgnplasser i psykisk helsevern nå som for noen år tilbake, men opplevelsen der ute er en helt annen. Stadig hører vi om fortvilte mennesker som opplever at deres distriktspsykiatri legges ned. Fra et stort helseforetaks side kan det virke bagatellmessig å legge ned en sengeplass her og der, eller endog å flytte sengene et annet sted, men for dem som lever sitt liv i et distrikt hvor den helsehjelpen de visste var i nærheten, ikke lenger er der, er dette dramatisk. Jeg er enig i at helsetilbudet i Norge ikke styres best gjennom enkeltvedtak i Stortinget, men gjennom gode utredninger og god planlegging av det totale tilbudet. Vi kan likevel ikke bare sitte her og se på at psykiatrien bygges ned og sengeplasser flyttes og legges ned, samtidig som alle er enige om at vi skal styrke psykiatrien, og samtidig som vi faktisk har en opptrappingsplan som skal gi bedre og mer psykisk helsehjelp – ikke mindre. Derfor støtter SV forslagene om bevaring av DPS-tilbudet i Seljord og i Troms. SV støtter alle forslag som fremmes i saken. Vi er godt fornøyde med at det er flertall i komiteen for å gjøre en helhetlig faglig gjennomgang av tilbudet innen psykisk helsevern, og at det skal fremmes en konkret og tidfestet plan for utvikling av distriktspsykiatriske sentre i hele Norge. Vi er også godt fornøyd med at det er flertall for å be regjeringen sikre at inntil vi har denne planen på bordet, skal alle planer og vedtak om nedleggelser eller svekking av døgnplasser stilles i bero. Vi er dessuten fornøyde med at vi skal få til en satsing på utdanning og rekruttering av helsepersonell innen psykisk helsevern. Med dette vil jeg bare si: Godt nytt psykisk helseår til alle!"
2026-01-06,refs-202526-01-06,Møte tirsdag den 6. januar 2026,Kjersti Toppe,Sp,Center,hovedinnlegg,"Kjersti Toppe (Sp) [10:15:19] (leiar i komiteen): Takk til komiteen for samarbeidet om saka. I den førre store opptrappingsplanen for psykisk helse, frå 1999 til 2008, vart det etablert distriktspsykiatriske senter i heile Noreg. Det var ei tydeleg politisk satsing på desentralisert struktur av spesialiserte tilbod innan psykisk helsevern. Ei slik utbygging skulle sikra nærleik til pasientar, og at dei store institusjonane ikkje lenger skulle vera hovudregelen i psykisk helsevern. Oppbygginga av DPS skulle sikra desentralisert behandling, spesialiserte tilbod og eit godt samarbeid om pasientar med kommunane, og det skulle inngå i det heilskaplege behandlingstilbodet innan psykisk helsevern. Det har vore fleire opptrappingar etterpå, bl.a. ein opptrappingsplan som vart vedtatt i Stortinget i 2023, som òg skulle fortsetja ei utvikling av det nære helsetilbodet i psykisk helsevern. Vår store bekymring er likevel at trass i ein vedtatt opptrappingsplan er fleire DPS-ar føreslått lagde ned, eller det er gjort vedtak om nedlegging. I høyringa komiteen hadde, kom det fram frå fleire at det no skjer ei stille nedbygging av DPS-ar i psykisk helsevern. Legeforeningen påpeikte at fleire DPS-einingar har fått redusert kapasitet eller har mista døgnfunksjonen. Fagforbundet rapporterer om at tillitsvalde seier at det no skjer ei nedbygging av DPS-ar over heile landet. I Seljord er det no gjort eit vedtak om å leggja ned DPS-en. Det vil bety at kapasiteten for psykosepasientar når det gjeld døgnbehandling, vert redusert med 40 pst. Mitt spørsmål er om Stortinget kan karakterisera dette som ei enkeltsak som ikkje er Stortinget verdig å bry seg om, og at vi berre skal visa til at dette er ei fagleg utvikling vi skal ha respekt for. I opptrappingsplanen for 2000-talet var det ein politisk visjon om eit desentralisert tilbod. Eg ser ikkje den visjonen no. Eg synest det er veldig, veldig trist at ein skal leggja ned eit fagmiljø i Seljord med over 20 kompetente medarbeidarar og eit unikt tilbod for ei sårbar pasientgruppe i Øvre Telemark med meir. Det synest eg faktisk at Stortinget skulle ha brydd seg om. Eg er glad for fleirtalet vi har fått for det eine forslaget, og forslaga er vel tatt opp frå før."
2026-01-06,refs-202526-01-06,Møte tirsdag den 6. januar 2026,Seher Aydar,R,Left,hovedinnlegg,"Seher Aydar (R) [10:18:41]: Psykisk helsevern må styrkes, ikke svekkes. I Telemark og Troms legges døgntilbud ned, og selv ved store sykehus som Oslo universitetssykehus kuttes det dramatisk. Med helseforetaksmodellen skal sykehusene få folk gjennom. De skal produsere behandling. De vil at pasienten skal raskt inn og raskt ut. Det har gjort at psykisk helsevern har vært salderingspost i helseforetakene lenge. Hver eneste helseminister som har sittet siden helseforetaksmodellen ble innført, har forsøkt å få helseforetakene til å prioritere psykisk helse, uten å klare det. Psykisk helse lønner seg ikke i sykehusenes system. Da er det der de kutter når økonomien settes under press. Det er altså økonomiske kutt, ikke faglige. Kuttene i psykisk helse i spesialisthelsetjenesten har lempet ansvaret over på kommunene, noe de verken har kapasitet eller kompetanse til å håndtere. Jeg er bekymret over en situasjon der befolkningens psykiske helseproblemer øker, uten at tjenesten er rustet til å møte det behovet. Høyre innførte innsatsstyrt finansiering i poliklinisk psykisk helsevern, til tross for advarsler fra fagfolkene. Resultatet har vært at de ansatte har måttet bruke mye av tiden sin på administrative oppgaver og koordinering av pasientene. Det har helt klart gått ut over pasientene. Ifølge en medlemsundersøkelse Psykologforeningen utførte, oppleves det at rammene er for trange, og at de presses til å skrive ut pasienter før de er ferdig behandlet. Nå har DPS-ene store vansker med å holde på og rekruttere psykologer, og det påvirker selvfølgelig tilbudet over hele landet. Det som skjer nå, er at over hele landet står tilbud i fare for enten å bli lagt ned eller å kuttes kraftig i. Riksrevisjonen har kommet med sterk kritikk av tjenestetilbudet for mennesker som sliter med rus og psykiske helselidelser. Det er faktisk ikke sånn at pasientene blir borte selv om tilbud blir vedtatt lagt ned, og legges ned. Derimot fører disse kuttene i psykisk helsehjelp til at mange pasienter blir stående uten hjelp, oppfølging og behandling, og det til tross for at de har et behov for helsehjelp. Det er det som er konsekvensen av å vedta å legge ned psykiske helsetilbud til tross for at behovet er til stede. Noen oppsøker aldri hjelp. Det finnes det ulike grunner til. Andre som derimot faktisk oppsøker hjelp, får ikke den hjelpen de trenger. Ja, mange får også veldig god hjelp av dyktige fagfolk. Det vi ber om i disse forslagene, er at det skal bli tilgjengelig for flere over hele landet, uansett om de bor i Troms, Telemark, Oslo eller et annet distrikt eller en annen storby – altså uavhengig av geografi, økonomi eller bakgrunn. Rødt er mot nedleggelse av tilbudene, fra nord til sør."
2026-01-06,refs-202526-01-06,Møte tirsdag den 6. januar 2026,Marius Langballe Dalin,MDG,Center,hovedinnlegg,"Marius Langballe Dalin (MDG) [10:21:52]: Det er vondt å miste noko som har betydd mykje for ein. Vi som kjem frå Distrikts-Noreg, blir med rette bekymra når vi ser at storsamfunnet tek frå oss noko. Det skal vi ta på alvor, også i denne salen. Samtidig er det viktigare å sjå på korleis vi kan stille dei riktige krava framover og utvikle tilbodet i eit heilskapleg perspektiv, framfor å gå inn og krevje at vi skal ha akkurat det vi har i dag. Vi må sjå heilskapen framfor å gå inn i detaljar vi ikkje har føresetnader for å gå inn i. Det viktigaste er faktisk å ha lokale tenester ein treng ofte, og det er dei polikliniske tenestene. Vi i MDG satsar hardt på å utvikle betre og meir utbreidde polikliniske tenester både i psykiatrien og i somatikken. Vi har kjempa igjennom 100 mill. kr ekstra til døgnplassar i psykiatrien, og det skal vi følgje opp, men dei veit best lokalt korleis desse midlane kan brukast. Vi har tru på det lokale sjølvstyret, faktisk. Om eg er rett informert, er DPS-en i Seljord allereie i praksis nedlagt. Det har vore store rekrutteringsutfordringar, og det å prøve å oppretthalde dette no er som å piske ein død hest, dessverre. Det har også vore lågt belegg, ikkje minst frå dei lokalt. Det er også noko ein tek i betraktning. Eg har sjølvsagt vore i kontakt med Legeforeningen, mi eiga fagforeining, og dei åtvarar på det sterkaste mot at vi skal gå inn på denne måten i Troms og Seljord, slik delar av Stortinget no ønskjer å gjere. Ikkje minst i Troms er det ein situasjon der dei faktisk har ei betydeleg styrking av døgnplassar i psykiatrien, men dei ser det som fagleg nødvendig å samle det. Totalt sett vil det å vedta dette difor vere ei betydeleg svekking av det psykiske tenestetilbodet i Troms. Vi kjem difor berre til å støtte eitt forslag, og det er det første punktet i tilrådinga frå komiteen om «en enhetlig faglig gjennomgang». Vi forstår det slik at dei i kvart lokale helseføretak skal styrkje døgntilbodet i psykiatrien og styrkje det totale tilbodet, men at vi ikkje skal gå inn og detaljstyre frå Stortinget. Vi risikerer å skyte oss i foten og gjere vondt verre for dei som treng det aller mest, for det er nettopp desse dei ønskjer å satse på, ikkje minst i Troms."
2026-01-06,refs-202526-01-06,Møte tirsdag den 6. januar 2026,Ida Lindtveit Røse,KrF,Center,hovedinnlegg,"Ida Lindtveit Røse (KrF) [10:24:43]: DPS-ene er viktige. De sikrer nærhet til behandlingstilbudet, og de sikrer også et bedre samarbeid med kommunehelsetjenesten. Det er veldig stor enighet om at dette er riktig og viktig, men likevel går utviklingen i feil retning. Istedenfor at DPS-ene styrkes, svekkes de og er nedleggingstruet. Det medfører lengre avstander og kan også heve terskelen for både å få og å be om hjelp. På den ene siden har det vært et sterkt politisk ønske om mer behandling nærmere der folk bor, at mennesker ikke skal bli kasteballer i systemet mellom instanser, og at man på den måten svekker tilbudet. Samtidig er det nettopp det som skjer. Det desentraliserte tilbudet svekkes, og det rapporteres både om nedbygging og om at tilbud avsluttes og legges ned. Det får konsekvenser – først i det små og kanskje ikke så synlig, men deretter blir det mer synlig. Statsråden viser i sitt svar til at det er personellutfordringer, og at personell er den viktigste ressursen for å gi trygge og gode tjenester. Det er jeg helt enig i. Det er allerede mangel på personell, og behovet blir enda større i årene som kommer. Når man lar det gå så langt og bygger ned et tilbud over tid, kan man heller ikke la seg overraske over at det på et tidspunkt vil oppstå personellmangel i andre enden. Det er ikke ordene som betyr noe; det er faktisk handling. Vi kan gjenta så mange ganger vi vil i denne salen at psykisk helsevern må styrkes, men når det er det motsatte som i realiteten skjer, må vi sette foten ned, og det er KrFs utgangspunkt i denne saken. Derfor støtter vi forslag til vedtak I, om at inntil det reelt sett er en plan for utvikling av distriktspsykiatriske sentre, må nedskjæringen og nedstengningen stoppe. Det er uakseptabelt at DPS-er legges ned samtidig som vi behandler denne saken, og samtidig som vi står og sier at tilbudet må styrkes. Når det gjelder forslag nr. 2, mener jeg intensjonen egentlig er ivaretatt gjennom forslag til vedtak I. Samtidig vil jeg uttrykke en stor skepsis til at vi fra Stortingets side skal begynne en detaljstyring på institusjonsnivå. Til slutt: For å sikre nok personell innenfor psykisk helsevern må det også satses på utdanning og rekruttering for framtiden. Det kan selvsagt ses på i sammenheng med andre strategier og satsinger for å sikre nok helsepersonell, men det er viktig når vi ser den utviklingen som har vært og er, at dette også er en tydelig satsing fra Stortingets side."
2026-01-06,refs-202526-01-06,Møte tirsdag den 6. januar 2026,Statsråd Jan Christian Vestre,NA,NA,hovedinnlegg,"Statsråd Jan Christian Vestre [10:27:54]: Godt nytt år! Aller først vil jeg takke representanten Toppe for å løfte fram et viktig tema. La meg begynne med å si at vi har gode desentraliserte tjenester innen psykisk helsevern i Norge. De distriktspsykiatriske sentrene, DPS-ene, står for hovedvekten av det polikliniske tilbudet til voksne pasienter over 18 år. Det gis tilbud om døgnbehandling ved DPS-ene eller i sykehus, avhengig av pasientens tilstand og behov. Det er verdt å minne om at vi har greid å snu nedgangen i antall døgnplasser til at det nå er en økning. Den økningen kommer til å fortsette gjennom 2026 og 2027. I de planene for økt døgnkapasitet som regjeringen har bestilt, og som de regionale helseforetakene leverte på i høst, er døgntilbudet ved de distriktspsykiatriske sentrene medregnet. Jeg kommer til å stille krav til de regionale helseforetakene om at denne økningen skal fortsette også i årene framover, i tråd med de behovene helseforetakene selv har pekt på gjennom framskrivningsmodellen. Jeg vil legge til at det også er gledelig at vi ser en nedgang i ventetider for psykisk helsevern. Vi ser at stadig flere kommuner bygger ut lavterskeltilbud innen psykisk helsevern. Det jobbes også med nye måter å organisere tjenestetilbudet på, slik at pasienter som har behov for tjenester, ikke skal være kasteballer mellom kommunehelsetjenester og spesialisthelsetjenester, men at de skal få én vei inn til psykisk helsevern. Alt dette er viktige tiltak. Å sikre tilgang til døgntilbud handler om å ta vare på de mest alvorlig psykisk syke. Også for denne gruppen pågår det en styrking av tilbudet, bl.a. gjennom en overordnet plan for sikkerhetspsykiatrien. Så trenger vi å satse enda mer på forebygging og lavterskeltilbud. Det bidrar til at sykdomsbyrden kan bli mindre, både for den enkelte og for samfunnet. Jeg deler komiteens bekymring for økningen i psykiske plager, særlig når det gjelder våre barn og unge. Derfor er innsats spesielt overfor barn og unge viktig i den videre oppfølgingen av Opptrappingsplan for psykisk helse. Her er også en videre styrking av DPS-ene et viktig mål. I videreutviklingen av disse tilbudene bygger vi på de framskrivningsmodellene vi har, og jobber for å sikre et best mulig og mest mulig helhetlig tilbud til målgruppen. Så må vi også vurdere konsekvensene av all politikk når det gjelder tilgangen til helsepersonell og hvordan vi legger til rette for både å rekruttere og å beholde de fagfolkene vi trenger framover. Jeg er glad for at komiteen er engasjert i tilbudet til dem med psykiske lidelser. Jeg er glad for at vi har gode desentraliserte tjenester. Innstillingen viser at det er bred enighet om mål og ambisjoner, men noe ulike syn på hvilke beslutninger vi skal ta nasjonalt, og hvilke som bør tas av dem som er nærmere pasientene. Til slutt vil jeg si at jeg naturligvis merker meg innstillingen, og regjeringen kommer naturligvis til å følge opp de vedtakene Stortinget vil gjøre."
2026-01-06,refs-202526-01-06,Møte tirsdag den 6. januar 2026,Kristian August Eilertsen,FrP,Right,replikk,"Kristian August Eilertsen (FrP) [10:31:13]: I høringsinnspillene fra både Legeforeningen og Fagforbundet til komiteen ble det påpekt at flere DPS-enheter har fått redusert kapasitet, de har mistet døgnfunksjoner de siste årene, og at pasienter dermed har fått lengre avstand til tilbud som tidligere var tilgjengelig lokalt. De trekker også fram at dette er en bekymringsfull utvikling. Når vi ser til Troms fylke, er det altså nå vedtatt i helseforetaket å legge ned døgntilbudet ved DPS-ene på Storslett i Nordreisa, på Storsteinnes i Balsfjord og på Silsand på Senja. Dersom det gjennomføres, står man uten døgnplasser i distriktene i Troms. Det er ingen døgnplasser igjen, det er kun i de to store byene – Harstad og Tromsø – at det er døgntilbud tilgjengelig. Hva tenker statsråden om dette? Mener han det er fornuftig at man skal stå uten døgntilbud i distriktene i Troms?"
2026-01-06,refs-202526-01-06,Møte tirsdag den 6. januar 2026,Kristian August Eilertsen,FrP,Right,replikk,"Kristian August Eilertsen (FrP) [10:33:13]: Det er ikke snakk om en justering av tilbudet i Troms, det er snakk om en sentralisering av tilbudet i Troms. Alt skal sentraliseres fra distriktene i fylket inn til de store byene. Det virker som statsråden mener at det er en fornuftig politikk å kutte ut døgntilbud i distriktene, og at dette kun skal være tilgjengelig i de store byene. Jeg vil minne statsråden om at Troms er et fylke med enorme avstander. Hvis man skal kjøre fra f.eks. Nordreisa, der DPS på Storslett ligger, og det i dag er døgntilbud, og til Tromsø, snakker vi altså om opp mot 4 timers kjøretid. Det vil si at avstanden for de sykeste blir betraktelig større, og tilgjengeligheten blir mindre. Det er konsekvensen av politikken statsrådens regjering fører. Mener virkelig statsråden det er fornuftig å sentralisere såpass viktige tilbud for de sykeste av de psykiatriske pasientene – inn til de største byene, der man også f.eks. har et større rusmiljø – og at man da ikke skal ha noe tilbud igjen i distriktene?"
2026-01-06,refs-202526-01-06,Møte tirsdag den 6. januar 2026,Statsråd Jan Christian Vestre,NA,NA,replikk,"Statsråd Jan Christian Vestre [10:34:16]: Sentralisering er ikke noe mål for regjeringen. Målet er at vi skal ha gode helsetjenester over hele Norge. Når de lokale helsemyndighetene er helt tydelige på at de trenger å flytte kapasitet, bl.a. for nettopp å ta vare på de aller sykeste pasientene ved Åsgård i Tromsø, der vi nå skal investere stort i et helt nytt sykehusbygg, mener jeg vi skal lytte til hva de lokale helsemyndighetene sier. Jeg har møtt fagfolkene i UNN, som er veldig tydelige på at de mener dette er det beste for pasientene i Troms. Det er ikke sånn at alle tjenestene skal sentraliseres. Snarere tvert imot pågår det nå en prosess sammen med kommunene for å se på hvordan man kan lage halvannenlinjetjenester, hvordan man kan videreutvikle DPS-strukturen med tanke på samarbeid mellom kommunehelsetjenesten og spesialisthelsetjenesten. Det er allerede levert inn en søknad fra Helsefellesskapet Troms og Ofoten om rekrutterings- og samhandlingsmidler, og der ser man nå på både samdrift av KAD-senger og også døgnplasser ved DPS. Det kommer til å være tilbud også i framtiden."
2026-01-06,refs-202526-01-06,Møte tirsdag den 6. januar 2026,Statsråd Jan Christian Vestre,NA,NA,replikk,"Statsråd Jan Christian Vestre [10:36:35]: Innbyggerne i Vest-Telemark er like viktige som alle andre innbyggere i landet vårt, men jeg må også minne om at Sykehuset Telemark helt siden mai 2024 har forsøkt å rekruttere psykiater til DPS i Seljord uten å lykkes. Vi kan liksom ikke bare hoppe over det og late som at det rekrutteringsproblemet ikke eksisterer. Jeg har sjekket tallene i dag. Når det gjelder Sykehuset Telemark, er det riktig at det nå er besluttet å avvikle ni døgnplasser ved Seljord DPS, men vi må også ha med i ligningen at en øker antallet sikkerhetspsykiatriske plasser med syv, og en oppretter også to nye psykoseplasser ved en annen lokasjon i Telemark. Veldig mange av dem som har brukt DPS i Seljord, kommer ikke fra Vest-Telemark. Det er mange innbyggere fra Grenland som bruker det tilbudet. Det har helt sikkert vært et godt tilbud, men nå er vi inne i veldig detaljerte spørsmål. Jeg lurer litt på hvordan representanten mener at vi på Stortinget skal ha bedre forutsetninger for å vite hva som gir det beste tjenestetilbudet til innbyggerne i Telemark, enn Sykehuset Telemark kan, som er opptatt av sine innbyggeres ve og vel, og som kan gjøre de helhetlige, faglige vurderingene."
2026-01-06,refs-202526-01-06,Møte tirsdag den 6. januar 2026,Kjersti Toppe,Sp,Center,replikk,"Kjersti Toppe (Sp) [10:41:58]: Når eg høyrer innlegget til statsråden, slår det meg at det verkar som det er det same for statsråden og regjeringa om det er eit tilbod i eit distriktspsykiatrisk senter i distriktet, eller om det er eit tilbod meir sentralisert i helseføretaket. Det er òg full tillit til at dette er avgjerder helseføretaket sjølv må gjera – inga politisk innblanding og ingen politiske visjonar om at vi faktisk skal ha eit godt, desentralisert psykisk helsevern med distriktspsykiatriske senter med døgnfunksjonar. I Seljord betyr nedlegging av DPS-et ein reduksjon på 40 pst. i psykoseplassar. Det hjelper ikkje om ein aukar sikkerheitspsykiatrien, for det er faktisk ikkje den same pasientgruppa – såpass mykje forstår òg vi på Stortinget. Spørsmålet mitt er, som Bård Hoksrud òg tok opp: Har statsråden godkjent denne nedlegginga på eit føretaksmøte?"
2026-01-06,refs-202526-01-06,Møte tirsdag den 6. januar 2026,Statsråd Jan Christian Vestre,NA,NA,replikk,"Statsråd Jan Christian Vestre [10:43:05]: Begge representantene vet at det ikke har vært gjennomført foretaksmøte om DPS i Seljord. Det er offentlig tilgjengelig informasjon. Jeg er også litt overrasket over at representanten ikke hører hva jeg sier i innlegget mitt, så la meg gjenta det jeg sa. Jeg sa at i opptrappingsplanen er videre styrking av DPS et viktig mål. Selvsagt skal vi styrke DPS-ene. Vi er bare grunnleggende uenige om vi skal sitte i hovedstaden, i Oslo, og detaljstyre hvor plassene i distriktene skal være, eller om de lokale sykehusstyrene, med lokale tillitsvalgte, lokale verneombud og lokale fagfolk, og etter høringsinnspill fra de lokalt berørte kommunene, skal ha den myndigheten. Ja, jeg har faktisk større tillit til at lokale sykehusstyrer, som sitter tett på pasientene sine, kan vurdere hva som er hensiktsmessig struktur, og ja, jeg tar det på alvor når Sykehuset Telemark sier at de i to år har forsøkt å rekruttere til Seljord og ikke får det til. Vi kan jo ikke lukke øynene for det. Så er det et politisk ansvar å sikre nok døgnplasser, og det var også det jeg ga representanten ros og anerkjennelse for å bringe fram i dette forslaget."
2026-01-06,refs-202526-01-06,Møte tirsdag den 6. januar 2026,Statsråd Jan Christian Vestre,NA,NA,replikk,"Statsråd Jan Christian Vestre [10:45:17]: Noen tilbud legges ned, bl.a. fordi det ikke er pasientgrunnlag, fordi en ikke klarer å rekruttere helsepersonell, eller fordi en mener at pasientene vil ha større faglig utbytte og bedre kvalitet ved å få den helsehjelpen et annet sted – og ja, jeg mener at det er faglige spørsmål sykehusstyrene lokalt bør få vurdere. Det er imidlertid ikke riktig at psykisk helsevern bygges ned, for antall døgnplasser går opp, og ventetidene går ned. Det er også stadig flere kommuner som utarbeider og utvikler lavterskeltilbud innenfor psykisk helsevern. Betyr det at alt er rosenrødt? Nei, på ingen måte. Jeg er like bekymret som det Stortinget er for at vi har for få døgnplasser. Det er derfor vi nå bygger opp antall døgnplasser. Jeg er like bekymret som det Stortinget er for at det fortsatt er for mange kommuner som ikke har lavterskeltilbud. Det er derfor vi bevilger mer penger til kommunene, sånn at de kan opprette lavterskeltilbud. Det er åpenbart utfordringer, men det er ikke det denne saken handler om. Det denne saken bl.a. handler om, er om vi skal gripe inn i et lokalt sykehusstyres ansvar og stoppe en omstillingsprosess. Da mener jeg vi flytter oppgaver bort fra sykehustyrene, og det er regjeringen imot."
2026-01-06,refs-202526-01-06,Møte tirsdag den 6. januar 2026,Ada Lassen-Urdahl,A,Left,hovedinnlegg,"Ada Lassen-Urdahl (A) [10:46:45]: Psykisk helsearbeid skjer ikke først og fremst i et system. Det skjer i skolen, i arbeidslivet, i familien, i fritiden, i hverdagen. Derfor må vi tenke helhetlig. Forebygging, tidlig innsats og oppfølging er i stor grad et kommunalt ansvar. Det er der vi kan fange opp problemer tidlig, gi støtte før det blir alvorlig og bidra til mestring over tid. Samtidig vet vi at noen vil få alvorlige psykiske lidelser og ha behov for spesialisert kompetanse, døgnbehandling og tverrfaglig oppfølging. Da skal hjelpen være der – kompetent, trygg og tilgjengelig. Distriktspsykiatriske sentre er en sentral del av dette bildet. Derfor er styrking og videreutvikling av dem avgjørende for å sørge for at flere får rett hjelp til rett tid, men DPS-ene kan ikke fungere godt alene. De må inngå i et sammenhengende tjenestetilbud, der kommunen, DPS, ambulante team og sykehus jobber sammen rundt pasienten. Det er nettopp dette vi i Arbeiderpartiet legger til grunn i innstillingen: at utviklingen av DPS må ses i sammenheng med hele behandlingskjeden og med hvordan vi best bruker den viktigste ressursen vi har, nemlig kompetent helsepersonell. Derfor har vi satset på opptrappingsplanen for psykisk helse og satt i gang arbeidet med Helsepersonellplan 2040. Det avgjørende spørsmålet her er faktisk ikke hvor mange planer vi har. Det avgjørende er om pasienten faktisk får den hjelpen de trenger, til rett tid, på rett nivå og med riktig kompetanse. Helseforetakene har ansvaret for å vurdere hvordan de, i samarbeid med kommunene, kan sikre dette på en faglig forsvarlig måte. Det innebærer også å se ressursene samlet, slik at kompetansen brukes der den gjør mest nytte for befolkningen som helhet. Ja, det er viktig å ha tilbud nær folk, men ikke når det går på bekostning av kvaliteten og stabiliteten disse pasientene sårt trenger. Personellmangelen må løses før Stortinget vedtar opprettholdelse av døgnplasser. For Arbeiderpartiet handler dette om ansvarlighet og tillit – tillit til faglige vurderinger, et ansvar for helheten og en tydelig ambisjon om å bygge et psykisk helsevern som henger sammen, rundt menneskene det er til for."
2026-01-06,refs-202526-01-06,Møte tirsdag den 6. januar 2026,Bård Hoksrud,FrP,Right,hovedinnlegg,"Bård Hoksrud (FrP) [10:49:21]: Distriktspsykiatriske tilbud i distriktene er viktig. Det handler om at det skal være nær der folk er. Da må man ikke drive og sentralisere, som man nå er i ferd med å gjøre både i Troms, i Telemark og også andre steder, for når DPS-tilbudet flyttes lenger unna, er det ikke alle pasientene som faktisk følger etter. Noen blir sittende igjen, ikke fordi de ikke vil ha hjelp, men fordi de ikke klarer å reise dit – det er så store utfordringer med det. Det er det også viktig å ha med seg i dette bildet. For Fremskrittspartiet er dette et spørsmål om trygghet og verdighet. DPS-ene skal være med og bidra til å senke terskelen for hjelp, ikke heve den. Jeg har eksempler fra min egen hjemkommune, der DPS er flyttet til nabokommunen. Det medfører utfordringer for noen av dem som brukte dette tilbudet, når man først skal på én buss og så må skifte til en annen buss. For de fleste av oss er ikke det noe stort problem, men for noen mennesker er det faktisk en stor barriere for å klare å komme seg dit. Det betyr altså at tilbudet blir dårligere, og det er konsekvensen med noe av det som ligger her. Jeg frykter det veldig i Telemark når det gjelder DPS i Seljord, der det ikke gjelder det daglige tilbudet, men døgntilbudet. Det er derfor vi ønsker å stoppe den beslutningen som er gjort. Jeg stilte et konkret spørsmål som statsråden ikke svarte meg på, om det hadde vært foretaksmøte, og om han hadde fulgt opp det han svarte i skriftlig spørsmål til meg i oktober i fjor. Han avkrefter altså nå i etterkant til representanten Toppe og sier at han ikke har gjort det. Da er tydeligvis ikke dette viktig nok for helsetilbudet i Telemark, for man har sagt at vesentlige endringer i helsetilbudet i Telemark skulle statsråden politisk avklare i et foretaksmøte. Det er noe helt annet enn det statsråden svarte til representanten Toppe. Han sa bare at han ikke har gjort det. Jeg mener noe om å bruke de sikkerhetspsykiatriske plassene i Skien som argumentasjon for hvorfor man skal legge ned ni plasser i Seljord. For det første er det ikke samme type plasser, og for det andre er det noe som er vedtatt for lenge siden. Dette er ikke noe som kommer som en konsekvens av det som skjer i Seljord. Det har vært utsettelser når det gjelder bygg og ferdigstillelse osv., så ikke prøv å late som at dette er en oppfølging, og at man sørger for å ta hensyn til det som skjer i Seljord. Jeg synes det er viktig å ha med seg. Jeg mener også noe om at regjeringens representanter her fra talerstolen skryter av at man skal heve og styrke tilbudet. Realiteten er at man først legger ned tilbud, for så å si at man kanskje skal øke det igjen. Jeg synes dette er veldig dumt. Jeg håper at både Kristelig Folkeparti og MDG besinner seg og tenker seg om en gang til, sammen med Høyre, og faktisk støtter mindretallets forslag i denne saken. Dette er viktig. Seljord har hatt utfordringer med rekruttering, men det har jammen ikke vært lett når man hele tiden har som spøkelse at tilbudet skal legges ned. Det har vært flere søkere, men man har ikke valgt. Jeg tror dette handler om kravene til kutt for Sykehuset Telemark på over 60 mill. kr om et par år."
2026-01-06,refs-202526-01-06,Møte tirsdag den 6. januar 2026,Erlend Svardal Bøe,H,Right,hovedinnlegg,"Erlend Svardal Bøe (H) [10:52:41]: Vi har store utfordringer innenfor psykisk helse i Norge. Det er flere som sliter og som faller utenfor arbeidslivet. Andelen som får nei til hjelp, har økt med nesten 40 pst. de siste fire årene, og vi ser at tilbudet av døgnplasser ikke bygges raskt nok opp, og også blir spist opp, f.eks. av dem som blir dømt til tvungent psykisk helsevern. Vi har gjort en del tydelige vedtak i denne salen. For to og et halvt år siden behandlet vi opptrappingsplanen for psykisk helse. Da vedtok Stortinget at vi skulle stoppe nedbyggingen av døgnplasser, og vi vedtok å øke antallet døgnplasser i tråd med framskrivingsbehovene i helseforetakene fram mot 2040. Fortsatt har ikke regjeringen fulgt opp det, men de skal nå lage en plan for hvordan man skal øke kapasiteten. For ett år siden vedtok Stortinget at vi skal ha et desentralisert tilbud innenfor psykisk helsevern, som også er en del av dette arbeidet. Igjen har ikke Arbeiderpartiet fulgt det godt nok opp. Selv om det ligger 100 mill. kr i budsjettenigheten, er det 100 mill. kr som smøres tynt utover. Dette er ikke 100 mill. kr bare til psykisk helsevern og oppbygging av døgnplasser i psykisk helsevern; dette er penger som også skal gå til andre områder for å bygge opp kapasitet. Høyre er bekymret for den nedbyggingen av distriktspsykiatriske sentre som vi ser. Det er viktig at vi har tjenester nær folk, både døgnplasser og poliklinisk virksomhet. Det er også grunnen til at Høyre støtter forslaget om å ha en faglig og helhetlig gjennomgang av tilbudet innenfor distriktspsykiatriske sentre. Jeg tror vi må stille oss et litt mer grunnleggende spørsmål enn det jeg opplever at man har gjort i salen så langt i dag. Hva er problemet i psykisk helsevern i dag? Er problemet lokasjonen, altså hvor tilbudet ligger, eller er problemet at folk ikke får hjelp? Jeg mener at problemet er det siste. Problemet er ikke hvor man legger tilbudet; problemet er at folk ikke får hjelp. Det er jo det vi burde ha brukt tiden på å diskutere her i salen. Hvordan kan vi øke den totale kapasiteten innenfor psykisk helsevern, hvordan kan vi sørge for at færre blir avvist i det psykiske helsevernet, og hvordan kan vi sørge for å bygge opp lavterskeltilbudene? Det er det vi burde fokusere på. Hvordan sørger vi for at flere mennesker får mer hjelp innenfor det psykiske helsevernet? Det er tydeligvis ikke interessant nok, for det gir kanskje ikke et oppslag i avisene, men det er folk vi snakker om. Det vi må diskutere, er folk som trenger hjelp. Jeg er helt enig i diskusjonen som går på desentralisert tilbud, at det må forankres og følges opp. Derfor er også Høyre veldig glad for at forslaget om dette vil få flertall, for det betyr at regjeringen blir nødt til å gjøre en faglig og helhetlig gjennomgang av tilbudet ved de distriktspsykiatriske sentrene i dag. Totalkapasiteten og hvordan flest mulig skal få hjelp, må være det viktigste når vi diskuterer dette – for slik er det ikke i dag."
2026-01-06,refs-202526-01-06,Møte tirsdag den 6. januar 2026,Hanne Beate Stenvaag,R,Left,hovedinnlegg,"Hanne Beate Stenvaag (R) [10:55:55]: Det har tidligere i debatten blitt beskrevet hvor alvorlig situasjonen i Troms er, altså at tre desentraliserte døgntilbud skal legges ned – alle tilbudene i distriktene i Troms, både i Nordreisa, i Balsfjord og i Senja. Dette er veldrevne sengeposter som er viktige alternativer til innleggelser ved akuttpostene i Tromsø, hvor det er sprengt kapasitet og også begrenset mulighet for å skjerme forskjellige pasientgrupper fra hverandre. Dette er en dramatisk sentralisering som svekker tilgangen på helsehjelp for mange i Troms. Det betyr at alvorlig syke mennesker må reise langt bort fra hjemstedet sitt – bort fra familie, venner og kjente omgivelser – for å få behandling. Det betyr at terskelen vil bli høyere for å få hjelp, og at det i praksis vil bli vanskeligere med samhandling mellom spesialisthelsetjenesten og kommunehelsetjenesten når spesialisthelsetjenestene flyttes bort fra der pasientene og de pårørende lever sitt liv. Avstandene i Nord-Norge er store. Fra Nordreisa tar det fire timer å kjøre til Tromsø. Til Alta tar det 2,5 time, og man må over Kvænangsfjellet, som er stengt ganske mange ganger i løpet av en vinter. Min vararepresentant på Stortinget fra Troms, Camilla Mikkelsen, har vært en veldig tydelig stemme mot disse nedleggelsene, og hun har skrevet om sine erfaringer med DPS i Nordreisa: «Første gang jeg ble innlagt ved døgnenheten ved DPS, var jeg så syk at jeg knapt klarte å møte opp, selv om innleggelsen var frivillig. Jeg måtte ha hjelp til å både pakke koffert og samle tanker, for alt var totalt kaos og mørke. Jeg var heldig – hjelpen jeg fikk ved DPS i Nordreisa ble et vendepunkt. Gjennom god og nær oppfølging kunne jeg sakte, men sikkert bygge meg opp igjen. Denne hjelpen har ikke bare gjort det mulig for meg å finne tilbake til meg selv, men også til å delta i samfunnet igjen. (...) Dette viser hvor viktig det er med et tilgjengelig og lokalt tilbud som kan gi mennesker muligheten til å reise seg.» Det er en sterk historie hun forteller om hvor viktig det er å ha et tilbud nær der man bor. DPS Nordreisa har ikke hatt problemer med fagfolk, har hatt stabil bemanning, og døgnplassene er en vesentlig del av tilbudet. Blant annet kan seksjonsleder ved DPS på Storslett fortelle om den store kontrasten til før denne døgnavdelingen ble opprettet, da det ofte var behov for politiet for å få lagt inn folk på tvang på Åsgård i Tromsø. Det er vanskelig å tro at noen ønsker seg tilbake til en sånn situasjon. Disse nedleggelsene av DPS-er i Troms er en tydelig nedbygging av den offentlige velferden og gjør det mer utrygt å bo i distriktene i Troms. Det viser også absurditeten i helseforetaksmodellen – en helsepolitikk som prioriterer økonomi framfor mennesker. Et flertall av de politiske partiene har vært på disse DPS-ene og vist motstand mot nedleggelsen, men helseforetaksmodellen gjør at man likevel ender opp med at de blir lagt ned, selv om det altså er et politisk flertall for å beholde disse plassene. Derfor ville det være utrolig viktig å få et konkret vedtak på Stortinget i dag, men jeg håper at det vedtaket vi får, kan være tydelig nok til å sende et signal til Universitetssykehuset Nord-Norge om at disse nedleggelsene i distriktene i Troms må stoppes."
2026-01-06,refs-202526-01-06,Møte tirsdag den 6. januar 2026,Anne Grethe Hauan,FrP,Right,hovedinnlegg,"Anne Grethe Hauan (FrP) [10:59:24]: Psykisk helsevern skal vera tryggleiken når livet raknar, ikkje ei reiseplanlegging. Når avstanden aukar, fell fleire frå. Det er ei utvikling regjeringa har ansvaret for. Me ser store geografiske forskjellar. Finnmark og Nordland ligg dårlegast an, men òg i Vestfold og Telemark skjer det ei svekking av DPS-tilbodet. I Telemark er det heilt konkret snakk om å leggja ned døgnkapasiteten ved DPS Seljord. Det er ikkje ein teoretisk diskusjon; det er ei pågåande avgjerd. Regjeringa veit om det, helseministeren veit om det – likevel blir det ikkje gripe inn. Då må me stilla eit heilt grunnleggjande spørsmål: Veit regjeringa kva dette faktisk betyr for dei menneska det går ut over? DPS, distriktspsykiatrisk senter, er ryggrada i det psykiske helsevernet for vaksne. Det er her menneske med alvorleg depresjon, angst, PTSD, bipolar liding og spiseforstyrring får hjelp utan å bli lagde inn på sjukehus. La meg vera konkret: Ein småbarnsfar slit med alvorleg depresjon. Han treng tett og stabil oppfølging. Når DPS-tilbodet blir flytta eller lagt ned, blir han beden om å møta opp langt vekke – ofte med buss og tog i fleire timar. Meiner regjeringa på alvor at menneske i psykisk krise skal reisa slik for å få behandling? Fagfolk og brukarorganisasjonar har åtvara i årevis: Lange reisevegar og brot i behandling aukar risikoen for fråfall, forverring og akuttinnlegging. Presset kjem til å auka, for me ser ein kraftig vekst i barne- og ungdomspsykiatrien. Fleire unge får hjelp i BUP, og fleire skal vidare til DPS når dei blir vaksne. Overgangen er sårbar, og han krev kapasitet og kontinuitet. Då må me byggja opp DPS, ikkje byggja ned. Når psykisk helsehjelp sviktar, får det alvorlege konsekvensar. Me ser det i samfunnet, og me ser det i fengsel, med fleire dødsfall på kort tid. Det er ikkje tilfeldig. Det er resultatet av manglande oppfølging og nedbygging av tilbod. Når me ikkje gjev folk hjelp i tide, endar nokre i krise – i verste fall med livet som innsats. Arbeidarpartiet seier dei prioriterer psykisk helse. Samstundes blir ryggrada i systemet – DPS – bygd ned. Det er eit alvorleg sprik mellom det regjeringa seier, og det regjeringa gjer. Sentralisering er ikkje modernisering. Det er ansvarsfråskriving. Psykisk helsehjelp skal vera tilgjengeleg når livet raknar. Når ho ikkje er det, er det ikkje pasienten som har feila, det er politikken – og ansvaret ligg hos regjeringa. Difor må me stoppa nedbygginga av DPS og sørgja for at alle får hjelp der dei bur."
2026-01-06,refs-202526-01-06,Møte tirsdag den 6. januar 2026,Kristian August Eilertsen,FrP,Right,hovedinnlegg,"Kristian August Eilertsen (FrP) [11:02:40]: For Fremskrittspartiet handler denne saken om trygghet for pasientene. Hvis vi igjen går til situasjonen i Troms, har vi i dag tre velfungerende DPS-er – på Storslett i Nordreisa, på Storsteinnes i Balsfjord og på Silsand i Senja kommune. Det er tre velfungerende DPS-er med et veletablert fagmiljø, som er godt etablert også i nærmiljøet, som har tillit og troverdighet blant befolkningen og hos pasientene. Det er et avgjørende tilbud for noen av de aller sykeste i Troms fylke. Det som skjer nå, er at man med regjeringens velsignelse – og også tydeligvis med partiet Høyres velsignelse – skal bygge ned disse ekstremt viktige tilbudene for de sykeste syke i Troms fylke. Man skal sentralisere de viktige tjenestene. Man skal sentralisere dem bort fra distriktet og inn til de største byene i Troms. Det er ikke til å forstå. Hadde det enda bare vært en faglig begrunnelse for at man skal gjøre det, så kunne man kanskje ha akseptert det, men det finnes altså ikke et eneste faglig argument for å gjøre denne nedbyggingen av døgnplasser ved DPS-ene i distriktene i Troms. Ingen faglige argumenter foreligger. Hvis man går inn og ser i referatet fra styremøtet i UNN da beslutningen ble tatt, handlet vedtaket utelukkende om økonomi. Det er altså økonomi som er årsaken til at man skal sentralisere bort disse døgnplassene fra distriktene i Troms og inn til de største byene. Uten å kutte i distriktene hadde man ikke kunnet bygge opp tjenester i byene. Her er det store paradokset. I stedet for å sentralisere og kutte i viktige tilbud i distriktene i Troms, burde man legge mer penger på bordet for å kunne både bygge opp tilbudet ved Åsgård ved UNN Tromsø og beholde disse viktige tilbudene i Troms. Jeg har vært og besøkt disse tre døgnenhetene ved DPS-ene i Troms. Jeg har sett de ansatte i øynene. Jeg har pratet med pasientene. Jeg har pratet med pårørende. Det er ingen av dem heller som forstår hvorfor man skal gjøre dette. Ingen forstår det. Det lokale helsepersonellet i kommunene rundt forstår heller ikke hvorfor man skal legge dette ned. Når man prater med dem, sier de at de ikke finner noen fornuftige argumenter for å gjennomføre denne sentraliseringen av viktige døgntilbud. Likevel insisterer statsråden på at dette er fornuftig å gjøre. Det er faglige vurderinger, sier statsråden, men klarer ikke å vise til en eneste plass der dette står i offentlige dokumenter. Den nedbyggingen som foregår, er alarmerende. Den kan ikke få fortsette. Det eneste ansvarlige, også ut fra et faglig perspektiv, er at Stortinget griper inn i denne saken og sier stopp – dette aksepterer vi ikke, for disse grunnleggende tjenestene i distriktene i Troms er såpass avgjørende at vi ikke aksepterer at det skal flyttes inn til storbyene. Hvis man likevel velger å la dette gjennomføres, får man også bære ansvaret for konsekvensene av det."
2026-01-06,refs-202526-01-06,Møte tirsdag den 6. januar 2026,Kai Steffen Østensen,A,Left,hovedinnlegg,"Kai Steffen Østensen (A) [11:05:50]: Dette har vært en god debatt så langt om et viktig tema, og den har oppklart en viktig del av diskusjonen om hva som ligger i forslag til vedtak I i tilrådingen fra komiteen. Arbeiderpartiet er for at vi tar en helhetlig faglig gjennomgang av tilbudet innen psykisk helsevern. Vi støtter for så vidt at det fremmes en konkret og tidfestet plan for utvikling av psykisk helsevern-tilbudet i Norge, slik regjeringen også er i gang med, og som både helseministeren og undertegnede har redegjort for i denne debatten. I debatten tydeliggjøres det også at forslag til vedtak I i komiteens tilråding for flere partier handler om at den totale kapasiteten ikke skal bygges ned. Det gjør at Arbeiderpartiet nå varsler at vi også kommer til å stemme for forslag til vedtak I, med den samme begrunnelsen. Det skal ikke være tvil om at tjenestene skal styrkes, en begrunnelse som er i tråd med vårt uttalte og klare mål om å øke kapasiteten i psykisk helsevern. Det bygger på målene i opptrappingsplanen for psykisk helse og arbeidet regjeringen allerede har satt i gang. Arbeiderpartiet legger til grunn at vi stemmer for forslaget, med mål om å stoppe en nedbygging av totalkapasiteten, i det tilbudet som tilbys innenfor distriktspsykiatriske sentre og psykisk helsevern. Dette er derfor å anse som en stemmeforklaring. Jeg ser fram til et spennende helsepolitisk 2026 sammen med gode kollegaer i helse- og omsorgskomiteen. Denne debatten vitner om en god start på det året vi nå er på vei inn i."
2026-01-06,refs-202526-01-06,Møte tirsdag den 6. januar 2026,Kristian August Eilertsen,FrP,Right,hovedinnlegg,"Kristian August Eilertsen (FrP) [11:10:08]: Bare for å ta det siste først, som ble sagt fra representanten fra Miljøpartiet De Grønne. Når det gjelder de tre DPS-ene i Troms, er det ingen utfordringer med å rekruttere personell. Man har hatt et stabilt fagmiljø over lang tid, så det er ingen problemer der, men man har fått et problem nå, når man har gjort et vedtak om å legge ned og avvikle de døgntilbudene som er der. Da har problemet oppstått, men før det var det ikke noe problem. Når det gjelder spørsmålet om økonomi, har Fremskrittspartiet både i nysalderingen av budsjettet for i fjor og i vårt alternative budsjett lagt inn betraktelig med midler til bl.a. Helse nord for å kunne ha disse døgntilbudene i framtiden, så argumentet som framføres fra Miljøpartiet De Grønne om at det ikke er personell og ikke følger med penger, faller på steingrunn når man ser på hva Fremskrittspartiet har gjort tidligere i denne salen. Så over til innlegget fra representanten Svardal Bøe og Høyre. Man snakker om at lokalisering ikke har noe å si, det viktigste er at man får et tilbud, men lokalisering har faktisk noe å si, for hvis det er stor avstand til tilbudet, øker det terskelen for de sykeste syke når det gjelder å oppsøke hjelp. Terskelen øker også for å kunne involvere de pårørende i behandlingsforløpet, og for at de pårørende skal kunne besøke sine nære og kjære. Derfor har lokalisering noe å si. Det virker som at partiet Høyre er komfortabelt med at man sentraliserer bort alle døgntilbudene i Troms og legger det til den store byen i Troms fylke, som er Tromsø. Det mener tydeligvis partiet Høyre er bra. Når Fremskrittspartiet forsøker å stoppe dette, fordi statsråden ikke vil gripe inn, mener partiet Høyre at dette er en hopp-og-sprett-politikk. Det er hopp-og-sprett-politikk å forsøke å berge et viktig tilbud i distriktene i Troms. Det synes jeg også er interessant. Hadde representanten fra Høyre turt å si det samme hvis han hadde besøkt disse døgntilbudene? Hadde han turt å si til de ansatte, si til de pårørende, si til pasientene at det er hopp-og-sprett-politikk å skulle stoppe nedleggelsen av deres tilbud eller av deres arbeidsplass? Det er helt utrolig at man får seg til å si noe sånt. Man kan ikke bare stille opp i lokalavisen og si at man er bekymret for nedleggelsen og bekymret for at det skal kuttes i plasser, men så vil man ikke løfte en finger i denne salen for å stoppe disse alvorlige kuttene som skjer. Til slutt. Representanten fra Arbeiderpartiet nevnte at man hadde tillit til de faglige vurderingene som blir gjort, men det finnes ingen faglige argumenter for å legge ned disse døgntilbudene i Troms fylke. Jeg håper at representanten fra Arbeiderpartiet eller noen andre fra regjeringspartiet kan redegjøre for de faglige argumentene for å sentralisere bort disse viktige døgntilbudene i Troms fylke."
2026-01-06,refs-202526-01-06,Møte tirsdag den 6. januar 2026,Kjersti Toppe,Sp,Center,hovedinnlegg,"Kjersti Toppe (Sp) [11:13:24]: Oppbygginga av DPS under opptrappingsplanen på byrjinga av 2000-talet var ei politisk satsing på eit desentralisert psykisk helsevern. No ser vi at det skjer ei nedbygging av distriktspsykiatriske senter, og fleirtalet i denne salen karakteriserer det som ei fagleg utvikling politikarar ikkje har kompetanse til å bry seg med. Det reagerer eg på. Når representanten Langballe Dalin seier han har tatt ein telefon til si eiga fagforeining, Legeforeningen, reagerer eg òg, for han kan jo kanskje heller sjå kva dei skriv i høyringa. Der skriv dei at dei i lang tid har meldt si bekymring for nedlegging av døgnplassar i psykisk helsevern og følgjene dette får for dei mest alvorleg psykisk sjuke pasientane. Representanten frå Miljøpartiet Dei Grøne seier han har meir tru på dei polikliniske tenestene. Det har sjølvsagt alle, men Legeforeningen skriv heilt korrekt at spørsmålet er om vi no har nådd eit punkt der det ikkje lenger er fagleg forsvarleg med ytterlegare reduksjon i døgnkapasitet. Når ein no godtar, altså fleirtalet her, at 40 pst. av døgnkapasiteten til psykosepasientar i Telemark vert lagd ned, forstår eg ikkje korleis ein kan la vera å ha nokre overordna føringar for korleis DPS-strukturen i Noreg skal vera. Det er stor støtte til den konkrete, fagleg forankra og tidfesta opptrappingsplanen for DPS og døgnkapasitet i psykisk helsevern, men eg fryktar no, med den siste stemmeforklaringa frå Arbeidarpartiet, at dette berre vil handla om den totale kapasiteten, ikkje om DPS. Det som var utgangspunktet for heile forslaget, var at vi er bekymra for at DPS-strukturen i Noreg sakte, men sikkert vert lagd ned. Fleire viser til at dei er opptatt av det lokale sjølvstyret. Senterpartiet er opptatt av det lokale sjølvstyret, men ærleg tala: Eit føretaksstyre er ikkje eit lokalt sjølvstyre. Der sit det ikkje folkevalde. Det er bedriftsøkonomiske styre som sit der på nåde frå ein helsestatsråd eller eit overordna føretak og har bedriftsøkonomiske målsetjingar, som er det overordna. Det er ikkje eit lokalt sjølvstyre. Det folkevalde organet som styrer den statlege spesialisthelsetenesta, sit her, og da må òg vi ta ansvar. Når det gjeld mangelen på psykiatrar i Seljord, har føretaket sagt nei til delt stilling. På folkemøtet i Seljord var det nokon frå kommunen som sa: Ja, vi manglar sjukepleiarar på sjukeheimen, men vi legg ikkje ned sjukeheimen for det."
2026-01-06,refs-202526-01-06,Møte tirsdag den 6. januar 2026,Trine Fagervik,Sp,Center,hovedinnlegg,"Trine Fagervik (Sp) [11:16:43]: Oppbyggingen av distriktspsykiatriske sentre skulle sikre desentralisert behandling, bidra til godt samarbeid om pasientene med kommunene og inngå som en del av det helhetlige behandlingstilbudet innen psykisk helse. Likevel kan vi stadig lese om tilbud i hele landet som står i fare for å bli kuttet kraftig eller lagt ned. Vi hører historier og erfaringer fra pasienter, familie og støtteapparat om pasienter som ikke får tilbudet som trengs for å få hjelp og oppfølging, selv om de har stort behov for helsehjelp. Et eksempel kunne vi lese i en VG-sak fra desember, der det vises til en systematisk nedbygging av det distriktspsykiatriske tilbudet i Vesterålen og Lofoten over flere år, til tross for at det i oppdragsbrev fra departementet gjentatte ganger er blitt pekt på at slike tilbud skal styrkes. I 2014 gikk man fra tre til ett behandlingstilbud, og tjuefire døgnplasser ble redusert til åtte. Nå skal Vesterålen, med sine åtte gjenværende døgnplasser, dekke et stort geografisk område med rundt 56 000 mennesker. I 2024 ble også disse plassene foreslått lagt ned. Det ble heldigvis stoppet. I VG kunne vi lese om psykiater Reiulf Ruud, som på 1980-tallet flyttet til Nord-Norge og bygget opp det psykiatriske tilbudet i Vesterålen, som ifølge VG ble landsledende. Føringen den gangen og det som for psykiater Ruud ble avgjørende for at han flyttet til Vesterålen, var at det skulle være høyest mulig kompetanse, nærmest der folk bor. Det må fortsatt være en føring. Folk må få den hjelpen de trenger, nærmest mulig. Politiet i Lofoten og Vesterålen melder på sin side om minst 10–15 politioppdrag i måneden, som ofte varer mellom 2 og 18 timer per oppdrag, hvor politiets ressurser ubetinget låses til helseoppdrag. Politiet i Vesterålen og Lofoten melder om økte kostnader som følge av reduksjonen i helsetilbudet og om at andre politioppgaver må nedprioriteres. Slike signaler får vi også fra Helgeland og øvrige områder der avstandene er store, og sannsynligvis vil vi få slike beskrivelser om Seljord og Storsteinnes, mfl., blir lagt ned. Det kan ikke være sånn at politiet skal finansiere sentralisering og nedleggelse av distriktspsykiatriske tilbud. Utviklingen er og har vært bekymringsfull. Vi trenger derfor denne gjennomgangen av tilbud innen psykisk helsevern og en tidfestet plan for utvikling av distriktspsykiatriske sentre, og vi må hindre nedbygging av slike tilbud."
2026-01-06,refs-202526-01-06,Møte tirsdag den 6. januar 2026,Seher Aydar,R,Left,hovedinnlegg,"Seher Aydar (R) [11:19:56]: Først til helsepersonellmangelen: La oss slå fast at man ikke løser det ved å legge ned helsetilbud. Det er problemer som noen steder har vedvart, men som ikke har blitt løst. De som jobber i disse avdelingene, har mange ganger bedt om at arbeidsvilkårene må bli bedre hvis de skal kunne stå i jobb. Det har ikke blitt løst. Dette er ikke bare et problem som har blitt skapt med denne regjeringen, det er et problem som har vedvart lenge før, men det er på tide å løse det. Løsningen er ikke at folk mister helsetilbud. Det andre jeg vil påpeke, er at det egentlig er litt interessant å høre alle som mener vi ikke skal gripe inn og stoppe nedleggelse av helsetilbud, fordi vi ikke har den faglige kunnskapen. Problemet er at det for det første ikke er faglig kunnskap som ligger bak f.eks. nedleggelsene i Troms, de er økonomisk begrunnet. For det andre er det ikke lokalt bestemt. Representanten Toppe var inne på det. Helseforetakenes styre er ikke lokale representanter, de er ikke på valg, de har ikke noe folkevalgt mandat, og mange av dem bor ikke engang i de fylkene eller regionene de faktisk skal ta avgjørelser for. De er altså ikke valgt av folket, og mange av dem bor ikke engang der de skal ta store avgjørelser som handler om hva slags helsetilbud folk skal ha. Det er viktig å minne om det min kollega fra Rødt i Troms, Hanne Stenvaag, var inne på tidligere i dag, med tanke på hva det betyr for Troms, og avstandene der, når man sentraliserer. Derfor er det ikke godt nok å si at man skal øke tilbudet sentralt, for også distriktene må være trygge. Det er noe paradoksalt med at vi på den ene siden snakker om at folk skal bo i hele Norge, men på den andre siden gjør vi det ganske uattraktivt å bo i hele Norge hvis man får et helseproblem, enten det er psykisk eller fysisk. Det er det som er problemet når man legger ned tilbud lokalt og sentraliserer det, spesielt i landsdeler hvor avstandene er store. Vi ser samtidig at det er enorme kutt også i de store byene. Det er det som er problemet her: Vi ser kutt på kutt på kutt og nedleggelse etter nedleggelse, og så får vi beskjed om at vi som er folkevalgte, som har fått tillit av folk til å representere dem, ikke skal sette foten ned og stanse nedleggelsene. Da er spørsmålet mitt: Hvem sitt ansvar er det? Hvem er det som har ansvar for at distriktene i Troms har et psykisk helsetilbud, hvis vi som sitter her, ikke skal ta det ansvaret? Er det helseforetakene, og så skal vi si at vi håper – inshallah – at de tar det ansvaret? Det holder ikke. Som folkevalgte er vi nødt til faktisk å ta politisk ansvar for at befolkningen – uansett om de bor i et distrikt eller i en by – har helsehjelp. Spesielt kan vi stanse all nedleggelse fram til denne planen regjeringen snakker om at de skal legge fram og faktisk gjennomføre, er gjennomført."
2026-01-06,refs-202526-01-06,Møte tirsdag den 6. januar 2026,Kristian August Eilertsen,FrP,Right,hovedinnlegg,"Kristian August Eilertsen (FrP) [11:26:23]: Denne saken har en større betydning enn bare det å gi behandling til pasienter som har psykisk sykdom. Den handler også om å opprettholde bosetting i landet. For å kunne opprettholde bosetting i distriktene er det viktig å opprettholde tilbudene som er der. Det som nå skjer i Troms, er en storstilt sentralisering av tilbud – bort fra distriktene og inn til de største byene. Det vil være med på å spenne bein under muligheten for å opprettholde bosettingen i distriktene i Troms og Nord-Norge framover. Jeg synes det er veldig leit at partiet Høyre velger å være haleheng og støttehjul for regjeringspartiet Arbeiderpartiet i denne saken og sørger for at de får flertall for at denne sentraliseringen kan fortsette, i stedet for at de slutter seg til resten av opposisjonen og sørger for at man stopper disse ufornuftige nedleggelsene og sentraliseringene. Jeg må også si om innlegget fra statsråden nå nettopp at det nesten var som om han abdiserte fra talerstolen. Han sa at han ikke har peiling på det helsefaglige tilbudet i f.eks. Troms, og at han overlater til helseforetakene å styre det etter eget forgodtbefinnende. Han burde i det minste klare å framføre et faglig argument for hvorfor det er fornuftig å gjøre det. Det er da et tegn på at han ikke har satt seg inn i saken og heller ikke funnet fram til de faglige argumentene for å gjøre dette. Det illustrerer hele poenget i denne saken: Det handler om økonomi, det handler ikke om fag. Hvis man lytter til de faglige argumentene i saken, er det altså ikke noe som tilsier at man skal legge ned og sentralisere døgntilbudene i Troms fylke. Fra statsrådens side snakker man også om at det er viktig å ha et godt tilbud over hele landet. Det er alle sammen enig i, men det vi ser i praksis, er at disse tilbudene er i ferd med å forsvinne mange steder i landet. Likevel folder man sine hender i denne salen, og man velger ikke å gripe inn og stoppe det som er i ferd med å skje. Det er veldig trist, synes Fremskrittspartiet, både på vegne av de ansatte som jobber der og utøver disse tjenestene i dag, og ikke minst på vegne av pasientene og de pårørende, som i dag har store lidelser, og som i dag får god hjelp på disse plassene, bl.a. i Troms og i Telemark, men som kommer til å miste tilbudet i sitt nærmiljø framover. Det kommer til å heve terskelen for å søke hjelp. Det kommer til å heve terskelen for å få hjelp. Det kommer med stor sannsynlighet også til å føre til at liv går tapt, fordi vi ikke har et godt tilbud i distriktene i Troms. Jeg vil derfor komme tilbake til poenget at man her altså har en mulighet til å stoppe det. Noen partier i denne salen, bl.a. Fremskrittspartiet, forsøker å gjøre det. Andre partier mener tydeligvis at det er hopp-og-sprett-politikk. De folder sine hender. De står og raser i lokalavisene over at dette skjer, men de er ikke villig til å løfte en finger i Stortinget for å stoppe det som nå er i ferd med å skje. Det håper jeg at innbyggerne i dette landet merker seg."
2026-01-06,refs-202526-01-06,Møte tirsdag den 6. januar 2026,Erlend Svardal Bøe,H,Right,hovedinnlegg,"Erlend Svardal Bøe (H) [11:34:08]: Det er veldig mye retorikk fra Fremskrittspartiet i denne salen. Jeg tror FrP skal passe seg litt for å beskylde Høyre for sentralisering, når det er FrP som vil legge ned helseforetakene og flytte all makt til et sykehusdirektorat i Oslo. Det vil gjøre at en fjerner veldig mange av beslutningene bort fra pasientene ute i landet vårt. Når Eilertsen snakker om Høyre her fra talerstolen, virker det som om han har et slags eierskap til virkeligheten og til Høyres politikk. Høyres politikk på dette området er veldig tydelig. Det var vi som gikk i bresjen for å stoppe nedbyggingen av plassene innenfor psykisk helsevern da vi behandlet opptrappingsplanen for psykisk helse. Det var vi som var med på å legge føringer for at en skulle legge til grunn framskrivingene fram mot 2040, som vil si at en skal øke antallet plasser med 430, og vi har også vært veldig tydelige på at vi er nødt til å gjøre noe med andelen avviste pasienter framover. Når det gjelder Troms, har jeg vært på besøk på veldig mange av de institusjonene lenge før Fremskrittspartiet var på besøk der. Jeg har snakket med de ansatte og snakket med pasientene der, og det er ingen tvil om at en trenger å ha et desentralisert tilbud, men da må en også forholde seg til virkeligheten. Det er ikke snakk om å legge ned alle de distriktspsykiatriske sentrene, det er snakk om å gjøre noen endringer i døgnplasser opp mot det polikliniske tilbudet. Her framstilles det som at nå skal alt legges ned i distriktene. Det er ikke riktig i det hele tatt. Så blir min utfordring tilbake igjen til Fremskrittspartiet når en snakker om Troms: Er en da imot den byggingen av UNN Åsgård som nå skal komme, som vil være kjempeviktig? Det er et lokale fra 1961, et dårlig lokale, som er nedslitt, og som ikke representerer en verdig behandling for pasienter innenfor psykisk helsevern i hele tatt. Skal en nå sette det i spill, så en ikke får satt i gang med den byggingen, som gjelder et bygg tilbake igjen til ca. 1960? Det er på en måte det en setter det opp mot når en bruker argumentasjonen om sentralisering. Hvis en ikke skal gjøre noen grep, vil en ikke få realisert UNN Åsgård. Det er realiteten, og det er realiteten en er nødt til å forholde seg til. Jeg er også veldig bekymret for den overstyringen vi holder på med fra Stortinget her. Det ser vi også fra Fremskrittspartiet, som nå er på vei til å bygge ned UNN som et universitets- og regionsykehus fordi en skal splitte opp veldig mange spesialisthelsetjenester i Helse nord, som har et svakt pasientgrunnlag, og som har store utfordringer med helsepersonell. En slik nedbygging blir realiteten når en overstyrer på den måten en gjør nå. Bare noen får mer oppmerksomhet i media, skal en kaste seg inn i det, men helheten er en tydeligvis ikke så opptatt av. La meg være helt tydelig: Høyre vil øke antallet døgnplasser i psykisk helsevern, vi vil ha et desentralisert tilbud, og vi vil gjøre noe med andelen avviste pasienter, som har økt altfor mye de siste årene."
2026-01-06,refs-202526-01-06,Møte tirsdag den 6. januar 2026,Kjersti Toppe,Sp,Center,hovedinnlegg,"Kjersti Toppe (Sp) [11:50:41] (leiar i komiteen): Senterpartiet støttar proposisjonen utanom dei to endringane, som eg vil gå inn på, og eg må seia at det er veldig gledeleg at det no ser ut til å verta eit einstemmig storting som meiner det same som Senterpartiet har stått for i innstillinga. Det er veldig bra for norske helsetenester. Når det gjeld § 21 nytt andre ledd bokstav c i helsepersonellova, som omhandlar dette med private formål, kom det veldig tidleg fram er at ein her hadde tråkka feil i departementet. Ein kan forstå intensjonen, men når det er forklart av omsyn til rettferdig prioritering, ikkje med vern av pasienten, har ein gått litt feil frå byrjinga av. Departementet skreiv òg at «uttrykket ‘private formål’ skal forstås vidt», og det vart eksemplifisert i innstillinga at ein skal forstå dette slik at ein får opplysningar for å ivareta andre sine interesser, som f.eks. «en ektefelle, egne barn, slekt, venner, kolleger og naboer». Dette ville eigentleg ha ramma alle legar i heile Noreg, og det ville ha hindra det store samfunnsbidraget alle bidrar med. Eg vil òg tru at det ville ha auka helsekøane i Noreg, så det ville vore eit veldig spesielt vedtak å gå vidare med. Eg er veldig glad for at komiteen har tatt høyringsinnspela på alvor og ikkje vedtar akkurat denne endringa. Dei andre forslaga i proposisjonen er jo einstemmige, og dei er sjølvsagt veldig viktige. Det dette ville ha ført til, var at om ein som lege gjekk inn og fekk ein del helseopplysningar frå ein person ein ikkje var sett til å behandla, ville den handlinga verta likestilt med misbruk av teiepliktig pasientinformasjon, journalsnoking og brot på teieplikta, og det ville kunna føra til bøter og fengsel i opptil eitt år. Det var faktisk eit veldig oppsiktsvekkjande forslag. Når det gjeld helsepersonellova § 21 tredje ledd, om å fjerne unntaket når opplysningane er anonymiserte, var det òg eit feiltrinn frå departementet, der ein sidestilte anonyme opplysningar med avidentifiserte opplysningar. Eg meiner òg det er rett at ein ikkje fjernar dette unntaket, slik at ein kan bidra til kvalitetsutvikling i helsetenestene."
2026-02-24,refs-202526-02-24,Møte tirsdag den 24. februar 2026,Stig Atle Abrahamsen,FrP,Right,hovedinnlegg,"Stig Atle Abrahamsen (FrP) [10:09:05] (ordfører for saken): Innledningsvis vil jeg takke helse- og omsorgskomiteen for et godt samarbeid om behandlingen av en sak som vil ha stor betydning for helsetjenestene til våre innbyggere i Sogn og Fjordane. Saken dreier seg om den krevende økonomiske situasjonen i helseforetaket Helse Førde og de foreslåtte tiltakene som påvirker lokalsykehusene i Lærdal og Nordfjord spesielt sterkt. Temaet som har vært oppe, er å fjerne ortopedisk behandling ved Lærdal sjukehus, kutt i barselomsorgen ved både Nordfjord sjukehus og Lærdal sjukehus, endringer i ambulansedekning og tilbudet med skadepoliklinikk. Komiteen har gjennomført en skriftlig høring, og det har kommet inn 21 skriftlige innspill til høringen. Saken har generert stort lokalt engasjement og en veldig opplysende og god debatt. Fra Fremskrittspartiets side har vi gått inn for å kunne beholde gode tilbud som har blitt bygd opp over lang tid, som er etablert, og som lokalbefolkningen setter stor pris på og kjenner seg avhengig av for å ha trygghet for liv og helse. Fremskrittspartiet har også tidligere denne måneden hatt oppe forslag som ville ha ordnet denne finansieringssituasjonen som er så kritisk ute i sykehusene. Dessverre fikk vi ikke flertall for å ordne det overordnede problemet, men jeg håper at vi nå i dag kan gå inn og i hvert fall løse noen av utfordringene for dem som ser sterke kutt i sine lokale sykehus i Helse Førde. Det er også et element i behandlingen av denne saken Fremskrittspartiet har reagert sterkt på. Når Stortinget har en sak til behandling om de konkrete tiltakene som er foreslått, om å kutte i behandlingstilbudet, særskilt på Lærdal sjukehus og Nordfjord sjukehus, er det også en forventning om at ikke byråkratiet foregriper hva som blir utfallet av saken. Det mener vi er statsrådens ansvar å påse at ikke skjer, men likevel ser vi at det lokale helseforetaksstyret har fattet et sluttvedtak bare noen uker før klubben skal gå i Stortinget på om en skal opprettholde ortopedisk kirurgi ved Lærdal sjukehus. Jeg vil på det sterkeste gjøre oppmerksom på at statsråden er underlagt Stortinget, og det er også helsebyråkratiet."
2026-02-24,refs-202526-02-24,Møte tirsdag den 24. februar 2026,Kai Steffen Østensen,A,Left,hovedinnlegg,"Kai Steffen Østensen (A) [10:12:24]: Lokalsykehusene våre er viktige grunnsteiner for trygghet, kompetanse og levende bygder over hele Norge. Arbeiderpartiet er enig i intensjonen i forslaget som nå behandles i Stortinget. Likevel mener vi at forslag som går langt inn i faglige vurderinger, best avklares av fagmiljøene selv. Det er et viktig prinsipp som skiller politikernes ansvar fra fagfolkenes kompetanse. Det utelukker ikke endringer i styringen av helsetjenesten, men det må bygge på helhet – en helhet ingen går i fakkeltog for. Ja, det er utfordringer med foretaksmodellen. Det viser også det viktige engasjementet fra dem som berøres av endring i helsetjenester. Derfor varsler regjeringen en helsereform, som også komiteen drøfter, om hvordan tjenesten skal styres, utvikles, finansieres og organiseres framover. Jeg har stor respekt for at vi vurderer dette ulikt, men selv kommer jeg fra en region hvor vi har utfordringer med tilgang på helsepersonell og faglige ressurser. Jeg mener at vi skal være varsomme med å gå inn og detaljstyre, særlig når man ikke har noen god løsning for å håndtere konsekvensene. Når det er sagt, skal Stortinget gi retning i arbeidet, og for Arbeiderpartiet er det helt klart at vi skal ha lokalsykehus i Lærdal og Nordfjord. Innstillingen i saken er krevende å følge fordi det har skjedd endringer underveis i komiteens behandling, bl.a. et vedtak fra Helse Førdes styremøte 29. januar, der de har nedjustert forslagene til endringer kraftig. Jeg er glad for det, og Arbeiderpartiet støtter derfor Miljøpartiet De Grønnes løse forslag om at de nå i sitt videre arbeid må legge en plan for hvordan de desentraliserte polikliniske tilbudene ytterligere kan styrkes for pasientene. Det peker framover, mot hvordan lokalsykehuset kan få enda mer aktivitet som kommer innbyggerne til gode. I en sånn plan er det viktig at de vurderer helseberedskapen i regionen, med mål om å sikre gode, tilgjengelige og desentraliserte helsetjenester i Sogn og Fjordane. Arbeiderpartiet har en klar forventning om at dette arbeidet kommer i gang, og at sykehusledelsen fortsetter å sikre bred involvering av tillitsvalgte, vernetjeneste og lokalsamfunnet, der folk lever og bor. Det siste halvåret har Sogn og Fjordane vist oss at vi får til bedre løsninger for vår felles helsetjeneste når vi jobber sammen. Til slutt en kort stemmeforklaring: Arbeiderpartiet vil støtte komiteens tilråding og det løse forslaget fra Miljøpartiet De Grønne om å følge opp styrevedtaket i Helse Førde fra 29. januar 2026. Vi vil videre stemme mot mindretallets forslag fra komiteens innstilling."
2026-02-24,refs-202526-02-24,Møte tirsdag den 24. februar 2026,Erlend Svardal Bøe,H,Right,hovedinnlegg,"Erlend Svardal Bøe (H) [10:15:26]: Vi ser en utvikling der sykehusene i økende grad tar beslutninger basert på økonomi og i mindre grad basert på medisinske vurderinger. Det kan godt være at vi må gjøre endringer i pasienttilbudet i sykehusene fordi medisinen utvikler seg, men det har blitt vanskeligere for folk å se hvilke beslutninger som er basert på hva, og det mener jeg er en utvikling som kan skade tilliten til helsetjenesten. Situasjonen vi nå ser i Helse Førde, er i stor grad et resultat av den helsepolitikken som har blitt ført av Arbeiderpartiet og Senterpartiet de siste fire årene. Sykehusene sliter kraftig økonomisk, flere pasienter får nei til helsehjelp, og det kuttes i pasienttilbud. Det er ikke vanskelig å forstå den frustrasjonen mange i Lærdal og Nordfjord kjenner på, når Arbeiderpartiet og Senterpartiet nok en gang på sin vakt kutter i viktige pasienttilbud i Helse Førde. Vi må være ærlige med folk. Vi kan gjøre fine vedtak her i salen i dag som sier at det ikke skal gjøres noen endringer, at vedtaket til styret i Helse Førde skal reverseres, men det vil ikke endre på den økonomiske situasjonen Helse Førde står i, som går ut over pasienttilbudet. Det er veldig frustrerende at de partiene her i salen som roper høyest, er de samme partiene som har flertall for å vedta statsbudsjettet, der sykehusenes økonomiske rammer bestemmes. Det mener jeg er dobbeltmoralisme, og det viser manglende evne til å ta ansvar for den vanskelige økonomiske situasjonen sykehusene står i, som også er grunnen til at en nå gjør justeringer i pasienttilbudene. Høyre mener vi må ha et utgangspunkt i helsepolitikken der vi spesialiserer der vi må, og desentraliserer der vi kan. Det er grunnen til at Høyre styrker bl.a. sykehusøkonomien betydelig mer enn de rød-grønne partiene gjorde i sin budsjettenighet. Det er også grunnen til at Høyre vil at sykehusene skal få mer betalt jo flere pasienter som behandles, slik at ventetidene går ned. Begge deler ville bidratt til at Helse Førde hadde stått i en helt annen økonomisk situasjon enn de gjør nå. Vi mener at man på sikt er nødt til å gjøre endringer i organiseringen og finansieringen av helseforetakene. Til slutt er jeg veldig glad for at en samlet komité stiller seg bak Høyres forslag om at forsvars- og beredskapsevne bedre må inngå i vurderingsgrunnlaget når sykehusstruktur og helseberedskap skal vurderes. Er det noe Høyre er kritisk til i denne saken, er det at kommunene ikke er godt nok involvert, og at helseberedskapen heller ikke er godt nok vurdert mot denne saken. Med det støtter vi komiteens tilråding."
2026-02-24,refs-202526-02-24,Møte tirsdag den 24. februar 2026,Marian Hussein,SV,Left,hovedinnlegg,"Marian Hussein (SV) [10:18:43]: Lokalsykehus rundt omkring i landet opplever stadig presset økonomi. De opplever også at stadig flere spøkelser henger over dem, og fagmiljøer blir stadig vekk utfordret av disse spøkelsene. Forrige uke var jeg og besøkte Lærdal sjukehus. Der har avgjørelsene i Helse Førde nå ført til at mange helsepersonell som har et ønske om å jobbe i Lærdal, har sagt opp jobbene sine. Lokalsykehus er et nav i lokalsamfunn rundt omkring i landet vårt som sikrer trygghet – trygghet for at folk kan bosette seg der og vite at de får helsehjelp når de trenger det. Som mamma vet jeg at det er viktig å ha en skadelegevakt og ortopediske miljøer tilgjengelig når barnet ditt brekker en kroppsdel. Jeg vet også at ortopedi ikke er noe man dør i påvente av, og at veldig mange lokalsykehus bruker mye av ortopedikompetansen sin til planlagte operasjoner, istedenfor øyeblikkelig hjelp, som mitt lokalsykehus på Ahus gjør. Tellekantene i helsevesenet vårt blir altså brukt på ganske ulike måter. I Lærdal har de en ortopediavdeling som har markert seg godt. De har bygget et fagmiljø på det vi pleier å snakke om i denne salen; de deler oppgaver, og veldig mange av sykepleierne og de ulike faggruppene, som fysioterapeuter og diverse andre, har ganske klare roller. Det er ikke bare ortopeden som er viktig. Jeg var også i en fullsatt sal i Lærdal, hvor folk kjemper med nebb og klør for sykehuset sitt, for ortopediavdelingen sin. For mange handler dette om trygghet. Folk har ikke lyst til å reise til verken Bergen eller Førde for å få helsehjelp. De har lyst å ha lokalsykehuset sitt. Vi i SV støtter de forslagene som har blitt lagt fram av Senterpartiet, om å beholde lokalsykehuset i Lærdal."
2026-02-24,refs-202526-02-24,Møte tirsdag den 24. februar 2026,Kjersti Toppe,Sp,Center,hovedinnlegg,"Kjersti Toppe (Sp) [10:22:07] (leiar for komiteen): Det er ein stor skuffelse for meg og Senterpartiet, som har gått til val på ei raud-grøn regjering, at Arbeidarpartiet vender oss og distrikta ryggen i dag. Hadde saka vore kjend for eit halvt år sidan, hadde Arbeidarpartiet aldri vorte det største partiet i Sogn. Arbeidarparti-ordførarar ber no stortingsrepresentanten sin om å stemma for forslaget frå Senterpartiet, men Arbeidarpartiet lyttar ikkje til sine eigne og driv splitt og hersk med raud-grøne parti, som dei vann valet saman med. No har dei i tolvte time fått på plass Miljøpartiet Dei Grøne, og saman med Høgre vil dei med éi stemme i overvekt kunna sikra fleirtal for ei drastisk svekking av lokalsjukehusa og ei sentralisering av helseberedskapen i Indre Sogn. Det er ein dårleg start på totalberedskapsåret 2026, og eg vil spørja Arbeidarpartiet: Veit de kva de gjer? Saka handlar likevel ikkje om Arbeidarpartiet, ho handlar om folk og samfunn i Nordfjord og Sogn, som kjempar for tryggleik for helsetilbodet og beredskapen, og ber om bevaring av dei statlege arbeidsplassane sine. Dersom ortopedisk sengepost med elektiv kirurgi og skadepoliklinikk vert lagd ned i Lærdal, vil regionen mista 40 kompetansearbeidsplassar. Mange av desse er kvinnearbeidsplassar. Dette vil sjølvsagt gi samfunnsmessige konsekvensar også for totalberedskapen. Helseministeren meiner at dette ikkje er ei sak av stor betydning. Han ville ikkje retta seg etter helseføretakslova, som i § 30 er tydeleg på at eit lokalt helseføretak ikkje kan gjera slike vedtak, og at slike forslag må behandlast av føretaksmøtet, altså av statsråden sjølv. Det ansvaret tar ikkje helseministeren, og det meiner eg er ansvarsfråskriving. Endringane i Helse Førde er økonomisk motiverte og ikkje fagleg grunngitte. For 25 mill. kr kan ein vidareføra ortopedien i Lærdal som i dag. Dette er det sjølvsagt mogleg å finna midlar til. Senterpartiet fekk forhandla inn ein halv milliard kroner meir til sjukehusa i 2026. I førre veke gjekk helseministeren ut i Bergens Tidende og lovde 52 mill. kr til å dobla betalinga for operasjonar i Bergen. Det har regjeringa funne pengar til, men ikkje til å driva vidare heilt vanleg betalte operasjonar i Lærdal. Det står ikkje til truande. Det manglar ikkje på pengar, men på politisk vilje. Senterpartiet har kjempa i denne saka, som vi òg har gjort før, og vi har hatt folket i ryggen. Eg vil spesielt takka aksjonsgruppa Forsvar Lærdal sjukehus. Erik Bye har sagt: Politikarar skal ikkje vera folkets herrar, dei skal vera folkets tenarar. – Det er det visst nokon som har gløymt her i dag."
2026-02-24,refs-202526-02-24,Møte tirsdag den 24. februar 2026,Seher Aydar,R,Left,hovedinnlegg,"Seher Aydar (R) [10:25:22]: Hvis det skal bo folk i hele landet, må det også være helsetilbud tilgjengelig i hele landet. Nasjonal helse- og samhandlingsplan vil ha mer elektiv aktivitet til lokalsykehusene. Det dette forslaget egentlig ber om, er at man skal følge egne føringer. Når regjeringen ber sykehus om å forberede seg på krig og helt utenkelige scenarioer, kan man ikke samtidig bygge ned helsetilbud i et fylke med lange avstander og mye vær. For Rødt er det ganske tydelig: Vi vil stanse nedbyggingen, og vi vil sikre lokalsykehusene. I dette tilfellet er ikke forslagene basert på faglige vurderinger, men de er økonomisk styrt. Det som må ligge til grunn, er kvalitet og pasienttrygghet. Det er dessverre i dette tilfellet basert på økonomi. Vi må også huske at lokalsykehus er samfunnsinfrastruktur. I Indre Sogn og Nordfjord er lokalsykehuset også avgjørende for arbeidsplasser og bosetting. Å rasere velfungerende tilbud gir varige konsekvenser, langt utover det jeg tror både er tenkt og er hensikten, men det er det som blir konsekvensen. Det er riktig at det etter at forslagene ble levert og behandlet, har kommet noen endringsforslag knyttet til disse tilbudene. Lærdal får ortopedisk poliklinikk inntil tre dager i uken, men fortsatt blir hoveddelen av ortopedi lagt ned i Lærdal. Det er på en måte realiteten. For oss innebærer disse forslagene fortsatt en svekking av lokalsykehuset. Derfor står vi fast ved forslagene og kommer til å stemme som vi har varslet i komiteen. Når innbyggerne sier fra, da lytter vi, og for at vi skulle høre, tok massevis av mennesker bussen hele veien til Oslo. Alt de vil, er å redde helsetilbudet og lokalsykehuset sitt. Det er på tide at vi tar et oppgjør med sentraliseringspolitikken, det er på tide å avvikle helseforetaksmodellen, for dagens styrings- og finansieringsmodell driver fram sentralisering og kutt, og det er på tide med faktisk demokratisk styring av sykehusene. Jeg mener det er helt rett at vi som er folkevalgte tar tak i saker som handler om helsetilbud, for vi er ikke enig i at dette skal være noe som avgjøres på styrerom, av folk som aldri har vært på valg. Vi må våge å ta ansvar. Helt til slutt vil jeg takke forslagsstillerne for at de har satt fram dette forslaget, og ikke minst aksjonsgruppen, som har vært veldig tydelig på hva det er som står på spill."
2026-02-24,refs-202526-02-24,Møte tirsdag den 24. februar 2026,Marius Langballe Dalin,MDG,Center,hovedinnlegg,"Marius Langballe Dalin (MDG) [10:28:33]: Saka om ortopedien i Lærdal har vore den vanskelegaste for meg så langt i politikken. Dette er rett og slett verre enn å velje mellom pest og kolera. Vi i MDG har eit oppriktig ønske om å bevare alle arbeidsplassane ved Lærdal sjukehus. Miljøpartiet Dei Grøne ønskjer ikkje kutt i sjukehustilbodet i Sogn og Fjordane på nokon som helst måte. Samtidig er utgangspunktet for denne debatten at vi har vedteke eit statsbudsjett for 2026 som har sett ei ramme for Helse Førde. Det er for lite pengar til å oppretthalde dei tilboda som er der i dag. Difor står vi i dette umoglege valet. Det ansvaret ligg primært hos regjeringa, med finansminister Stoltenberg i spissen. Så til forslaget frå Senterpartiet: Det er eit forslag utan ny finansiering og utan alternative kuttforslag. Det kan dermed føre til farlege kutt ved sjukehusa i fylket. Det kan i verste fall true pasientsikkerheita og gå ut over liv og helse. Det kan eg ikkje gå med på verken som lege eller som stortingsrepresentant. Vi reddar barseltilbodet og skadepoliklinikken på Eid og i Lærdal. Difor stemmer vi for forslaga frå opposisjonen om desse to tenestene. Vi vil utvide det polikliniske tilbodet på lokalsjukehuset, både på Eid og i Lærdal, men også i landet elles. Så må Helse Førde få rom til å organisere gode tilbod i samarbeid med kommunane, for både skadepoliklinikken, barseltilbodet og dei nye tenestene. Vi vil kjempe for meir midlar, så Helse Førde kan få gå føre og utvikle sterkare, framtidsretta lokalsjukehus. Difor fremjar Miljøpartiet Dei Grøne i dag eit laust forslag om korleis dei desentraliserte polikliniske tenestene kan styrkjast ytterlegare. Dette handlar ikkje berre om Lærdal, men om heile måten vi har organisert helsevesenet på. Eg har jobba 40 år i Helse-Noreg, men etter berre fire månader på Stortinget ser eg tydelegare enn nokon gong kva som skal til. Eg kjem til å starte med å føreslå ein plan for lokalsjukehusa som gjev mest mogleg tenester nærmast mogleg der folk bur. Eg kjem til å ta eit oppgjer med rapporteringsvelde og detaljstyring for å gje meir fridom til helsearbeidarar som står på i Helse-Noreg dag for dag. Alt dette krev eit oppgjer med helseføretaksmodellen. Helseføretaksmodellen er rett og slett bankerott. Det er ikkje rart folk føler avmakt når fødeavdelingar blir lagde ned og lokalsjukehus blir tappa mens avgjerdene blir tekne langt unna dei det gjeld. Eg meiner det er på tide å ta sjukehusa heim til dei folkevalde igjen. Helseberedskap, samarbeid med kommunane og utviding av polikliniske tilbod er noko vi brenn for i MDG. Vi fremjar difor forslag i dag for å sikre at alle i Sogn og Nordfjord skal vere heilt trygge på at dei får den hjelpa dei treng. Med det fremjar eg forslaget som MDG står bak."
2026-02-24,refs-202526-02-24,Møte tirsdag den 24. februar 2026,Ida Lindtveit Røse,KrF,Center,hovedinnlegg,"Ida Lindtveit Røse (KrF) [10:31:46]: Det er lett å lage planer på et skrivebord, der kartet ligger helt flatt foran en, og der fjell, fjorder og rasutsatte veier bare er streker og ulike fargekoder. For på skrivebordet synes ikke vær og vind og stengte veier. Det er nettopp derfor vi ikke kan styre helseberedskapen vår på en sånn måte. Det er derfor vi har en desentralisert sykehusstruktur, og det er helt avgjørende for å sikre trygghet for befolkningen vår, uavhengig av hvor man bor. Med sentralisering fjernes fagmiljøer, nærhet, samarbeid med kommunene, lokal kompetanse og beredskap. Det er ikke bare sentralt for sykehuset i seg selv eller når ulykken skulle være ute. Det er sentralt for å sikre at folk vil bo i hele landet vårt, og at bedrifter vil utvikle næring og skape arbeidsplasser i distriktene. Nå legges viktige tilbud ned, ikke på grunn av faglig vurdering, men på bakgrunn av stram sykehusøkonomi. For om lag en måned siden holdt helseministeren sin helsetale med visjoner for 2030, og visjonene er det ikke noe galt med. Norge skal ha verdens beste helsetjenester. Man skal ikke merke forskjell på om man er i spesialisthelsetjenesten eller kommunehelsetjenesten. Det skal være kortere ventelister. Det skal være attraktivt å jobbe i helsetjenestene våre. Problemet er i møtet med realitetene, for det er et hav av forskjell mellom visjonene og de realitetene vi finner i sykehusene: sykehusenes økonomi, forholdene for de ansatte, pasientbehandlingen og ventelistene. Det henger ikke på greip. Skal visjonene oppnås og ikke bare være prat i en tale, kreves bedre sykehusøkonomi i tillegg til grep for å sikre både effektivitet og teknologiutvikling. Det har vi vist i vårt alternative budsjett. Vi kan ikke fortsette en evinnelig pekelek der det pekes på helseforetakene, det pekes på Stortinget, og det pekes på helsereformutvalget. Ansvaret for det som skjer nå, ligger hos regjeringen, og det ligger hos de partiene som har gått sammen om et budsjett som medfører disse kuttene. Når vi står sammen i dag, noen av de partiene som har vært med på det budsjettet, forventer jeg altså et helt annet fokus og press for å få andre rammer for sykehusene våre framover."
2026-02-24,refs-202526-02-24,Møte tirsdag den 24. februar 2026,Statsråd Jan Christian Vestre,NA,NA,hovedinnlegg,"Statsråd Jan Christian Vestre [10:34:47]: Helse Førde så i fjor høst behov for å foreta en gjennomgang av ulike sider ved tjenestetilbudet ved sykehusene i Sogn og Fjordane. Dette ble besluttet av styret i september i fjor, og formålet var og er fortsatt å sikre mer bærekraftige spesialisthelsetjenester til befolkningen i en krevende økonomisk situasjon. Gjennomgangen omfattet kun deler av tjenestetilbudet. Jeg deler mange av intensjonene bak representantforslaget, og la det være helt klart: Jeg er tilhenger av gode lokalsykehustilbud, og jeg er opptatt av at det skal sikres fortsatt gode spesialisthelsetjenester i Sogn og Fjordane, som i landet for øvrig. Og la meg understreke så tydelig jeg bare kan: Lokalsykehusene i Lærdal og i Nordfjordeid skal bestå. Samtidig vet vi at både medisinen og pasientgrunnlaget endrer seg, slik at det av og til er nødvendig å gjøre noen endringer og justeringer i oppgaver mellom de ulike sykehusene i regionen. Etter et grundig arbeid med bred medvirkning og involvering av ulike berørte aktører har styret i Helse Førde nylig behandlet sak om omstillingstiltak og besluttet hvilke endringer de mener må gjennomføres. Jeg har merket meg at disse endringene er betydelig nedjustert i forhold til det man opprinnelig så for seg, og det er jeg glad for. Den største endringen berører ortopeditilbudet ved Lærdal sykehus, men samtidig er det besluttet å legge nye tilbud til lokalsykehusene. Jeg nevner bl.a. poliklinisk tilbud innen hjerte- og karsykdommer, poliklinisk tilbud innen lunge, lungerehabilitering, samt tilbud om øyeoperasjoner. Vi snakker da om inntil 5 000 andre polikliniske operasjoner og konsultasjoner, som kommer i tillegg til den aktiviteten som er i dag. Det skal anskaffes ny CT-skanner. Helse Førde vil også se på om det er ytterligere polikliniske tilbud som kan legges til lokalsykehusene. Der vedtakene medfører negative konsekvenser for ansatte, legger styret til grunn at det må foretas kompenserende tiltak, slik at berørte ansatte får ivaretatt sine rettigheter. Det er et stort folkelig engasjement rundt sykehusspørsmålet i Sogn og Fjordane. Jeg har vært på folkemøte med 1 000 innbyggere, og det gjorde sterkt inntrykk. Jeg har veldig stor forståelse i dag for alle dem som opplever seg berørt av endringer, og som uttrykker stor skuffelse over det. Jeg er helt sikker på at engasjementet som har vært fra befolkningen, fra kommunen, fra lokalpolitikere og fra andre, har bidratt til at omstillingsplanene nå har blitt kraftig nedjustert. Som jeg viser til i mitt svarbrev til Stortinget, er spesialisthelsetjenesten i stadig utvikling. Jeg mener at helseforetakene må ha mulighet til å gjøre vurderinger og fortløpende avveininger av sitt tjenestetilbud og sikre at driften kan skje på en god måte. Derfor mener jeg at helseforetaket selv har kompetanse til å ta avgjørelse i den aktuelle saken, og som nevnt gjelder altså dette avgrensede deler av tjenestetilbudet."
2026-02-24,refs-202526-02-24,Møte tirsdag den 24. februar 2026,Erlend Svardal Bøe,H,Right,replikk,"Erlend Svardal Bøe (H) [10:43:34]: Jeg er selv født og oppvokst i Sogn og Fjordane og bor i Troms. Det er to fylker med store avstander mellom helsetjenestene, noe som gjør det viktig å ha desentraliserte tjenester. I landet vårt bor vi spredt, og det er lange avstander. Arbeiderpartiet har sammen med Senterpartiet styrt helsepolitikken de siste fire årene. Grunnen til at en står i denne situasjonen i Helse Førde, er at sykehusene sliter kraftig økonomisk. Det er det som er grunnen til at en må gjøre kutt i de pasienttilbudene en har nå. Spørsmålet blir ganske åpent: Hva er grunnen til at Arbeiderpartiet i regjering ikke har gjort mer for å desentralisere helsetjenester nærmere folk? Hva er grunnen til at Arbeiderpartiet kan stå her og skryte av styrket sykehusøkonomi, mens folk i Sogn og Fjordane opplever noe helt annet ved sitt sykehus, der det f.eks. må gjøres kutt i pasienttilbudene? Hvordan henger det sammen?"
2026-02-24,refs-202526-02-24,Møte tirsdag den 24. februar 2026,Statsråd Jan Christian Vestre,NA,NA,replikk,"Statsråd Jan Christian Vestre [10:44:34]: Takk for oppfølgingsspørsmålet. Det er en realitet at sykehusbudsjettene er betydelig styrket under denne regjeringen. Det viser tall fra Teknisk beregningsutvalg. Jeg registrerer nå at opposisjonspartiene har mye penger ekstra til sykehusene når de er i opposisjon, men jeg er mer opptatt av å se på de resultatene en faktisk leverte. Da vil en se at i den perioden det var borgerlig flertall for statsbudsjettene, sto sykehusøkonomien mer eller mindre på stedet hvil. Med denne regjeringen har det vært en realvekst. Vi bruker mer penger på sykehus og helse enn stort sett alle andre land i verden, og vi øker sykehusbudsjettene hvert eneste år, også utover demografi og kostnadsvekst. Det betyr ikke at alle problemer er løst, og det har jeg sagt fra denne talerstolen mange ganger. Det betyr ikke at sykehusene ikke må forholde seg til budsjettene. Det har til alle tider vært gjennomført endringer i tjenestetilbudet. Det kommer til å bli endringer i tjenestetilbudet også framover, men det er viktig for meg i dag å understreke at lokalsykehusene vi har i Nordfjord og Lærdal, skal bestå. De skal videreutvikles, for de tilbyr viktige tjenester til befolkningen."
2026-02-24,refs-202526-02-24,Møte tirsdag den 24. februar 2026,Erlend Svardal Bøe,H,Right,replikk,"Erlend Svardal Bøe (H) [10:45:37]: Forskjellen fra da Høyre, Fremskrittspartiet, KrF og Venstre styrte sammen i regjering, er at sykehusene i Lærdal og Nordfjord ikke sto i den situasjonen de står i nå. De står i denne situasjonen nå, på Arbeiderpartiets vakt. Senterpartiet har også vært en del av regjeringen og styrt helsepolitikken. Det er forskjellen mellom da vi styrte, og nå, som Arbeiderpartiet styrer. Det er ingen tvil om at Høyre la inn mer penger til sykehusene i sine budsjetter – 1,2 mrd. kr mer enn det Arbeiderpartiet foreslo i sitt opprinnelige budsjett. Det gjorde vi fordi vi er nødt til å styrke rammene til sykehusene for å opprettholde en del pasienttilbud. Jeg vil utfordre statsråden en gang til på å være litt mer konkret på hvordan vi skal lykkes med å desentralisere helsetjenester i større grad. Mener virkelig statsråden at en ikke skal gjøre noen endringer i de økonomiske rammene til sykehusene, enten det handler om å øke rammen eller å sørge for at sykehusene får mer betalt jo flere pasienter som behandles, slik Høyre vil? Hva konkret skal Arbeiderpartiet gjøre for å styrke sykehusøkonomien og de desentraliserte sykehustjenestene?"
2026-02-24,refs-202526-02-24,Møte tirsdag den 24. februar 2026,Statsråd Jan Christian Vestre,NA,NA,replikk,"Statsråd Jan Christian Vestre [10:46:43]: Det er bare å se på resultatene – hva som har vært veksten til sykehusene de siste årene. Vi fortsetter å prioritere sykehus. Uansett hvor mye penger vi bevilger, løser vi likevel ikke alle problemene, for mange steder i landet er det også utfordringer med å få nok arbeidskraft – demografien endrer seg, bosettingene endrer seg. Vi er nødt til å gjøre endringer i tjenestetilbudet framover. Hvis vi tror at den strukturen vi har i dag, vil se uendret ut i løpet av 5–10–15–20 år, tar vi feil. Det er jo ikke riktig at det ikke ble gjort endringer i tjenestetilbudet også under den borgerlige regjeringen. Sykehusene våre har til alle tider gjort endringer i tjenestetilbudet. Det har berørt alle helseregionene. Så er spørsmålet: Har vi fått et dårligere helsetilbud, eller har vi fått et bedre helsetilbud? Vel, vi lever stadig lenger, vi kurerer stadig flere sykdommer, og vi behandler stadig flere pasienter. Sykehusene våre har aldri behandlet flere pasienter enn det de gjorde i fjor. Ventetidene går ned, det forskes, og vi utdanner mer helsepersonell enn før, så det er mye som går bra i helsetjenestene også. Det må vi ta vare på og bygge videre på, men da må vi også være åpne for omstilling når det er behov for det."
2026-02-24,refs-202526-02-24,Møte tirsdag den 24. februar 2026,Kjersti Toppe,Sp,Center,replikk,"Kjersti Toppe (Sp) [10:52:32]: I Bergens Tidende førre veke gjekk statsråden ut og lovde 52 mill. kr til dobbel betaling på operasjonar i Helse Bergen. Korleis kan han finna pengar til det, men ikkje til å fortsetja vanleg betalte operasjonar i Lærdal? Til Bergens Tidende sa helseministeren også at han var forbanna på vegner av pasientar som måtte venta i Helse Bergen. Kvifor er han ikkje forbanna på vegner av pasientar i Indre Sogn, som mistar store delar av sjukehustilbodet sitt? Når statsråden reiser til Alta og er så tydeleg i sine formuleringar at han i praksis overstyrer helseføretaket der, som vil sommarstengja fødeavdelinga, kvifor ville han ikkje vera like tydeleg mot Helse Førde, da dei planla å leggja ned ortopedisk avdeling?"
2026-02-24,refs-202526-02-24,Møte tirsdag den 24. februar 2026,Statsråd Jan Christian Vestre,NA,NA,replikk,"Statsråd Jan Christian Vestre [10:55:12]: Takk for spørsmålet. Dette står det en del om i forarbeidene til § 30 i loven. En av de tingene som trekkes fram der, er vedtak som kan endre virksomhetens karakter. Det kan være vedtak om nedleggelse av et sykehus, det kan være omfattende endringer i sykehusstrukturen i helseregionen eller i tjenestetilbudet, for å peke på noe. Hvis det var slik at Helse Førde foreslo å legge ned lokalsykehusene – hvilket ville vært uaktuelt fordi vi har garantert for at lokalsykehuset i Nordfjord og i Lærdal skal være der også i framtiden – ville det åpenbart vært en sak som måtte blitt behandlet av foretaksmøtet. Hvis en ville gått inn og gjort store endringer i det indremedisinske tilbudet som vesentlig svekket beredskapen eller vesentlig endret tjenestetilbudet, mener jeg også det ville vært en sak for foretaksmøtet. Med det forslaget som nå er behandlet av styret, som altså er et betydelig nedjustert forslag, er min klare vurdering at dette er innenfor hva helseforetaket selv kan beslutte."
2026-02-24,refs-202526-02-24,Møte tirsdag den 24. februar 2026,Stig Atle Abrahamsen,FrP,Right,hovedinnlegg,"Stig Atle Abrahamsen (FrP) [10:58:36]: Det var lenge uklart hvordan dette skulle falle ut, men de siste dagene tegner det seg et veldig tydelig bilde av at f.eks. ortopedien i Lærdal vil bli lagt ned. Jeg husker hvor stolt jeg var av det man fikk til ved Lærdal sjukehus. Det var et lite lokalsykehus som hadde bygd opp en stor faglig kompetanse og fikk anerkjennelse fra alt av fagmiljøer – veldig viktig for lokalsamfunnet. Det tiltrakk seg kompetanse fra hele landet, og den tiden Fremskrittspartiet hadde en hånd på rattet i styringen av Norge, kunne pasienter faktisk velge å dra til Lærdal for å få god ortopedisk behandling, fordi dette tilbudet var så godt anerkjent. Vi finansierte det å kunne gjennomføre behandlingen med at den innsatsstyrte finansieringen var høyere. På den måten kunne forskjellige lokale sykehus bygge gode tilbud, som også kunne tiltrekke seg pasienter fra andre deler av landet. Slik utviklet man gode helsetilbud drevet fram av fagfolk. Det vi ser nå, er at statsråden først skryter av at man har lagt fram et statsbudsjett som skal styrke sykehusene, som skal gi bedre sykehusøkonomi. Så, når året faktisk skal settes i gang, må det gjennomføres vesentlige kutt fordi sykehusene er blitt gjeldsslaver til staten, for de må betale renter og avdrag. Da er det plutselig bare opp til lokale helseforetaksstyrer å skulle stå i det og gjøre upopulære – og jeg vil si noen direkte uansvarlige – kutt, som fører til at man tar ned gode tilbud, og som sørger for at folk som før følte at man hadde tryggheten i lokalsamfunnet om noe skjedde, ikke lenger kjenner på den tryggheten. Når Arbeiderpartiet styrer, er det plutselig faglige vurderinger som skal gjøres der ute, selv om det egentlig burde være et politisk ansvar. Det er politikerne som legger rammene, og man har bevilget for lite til å opprettholde dette tilbudet. Det er jo helt tydelig. Det bør bli en slutt på at man i store ord, generelle taler og generelle planer lover gull og grønne skoger, men når man kommer til de konkrete kuttene som faktisk går ut over folk, ja, så peker man på lokale helseforetak og byråkrater – ikke folkevalgte."
2026-02-24,refs-202526-02-24,Møte tirsdag den 24. februar 2026,Marius Langballe Dalin,MDG,Center,hovedinnlegg,"Marius Langballe Dalin (MDG) [11:08:16]: Eg forstår veldig godt at folk føler utryggleik når det ser ut som delar av helsetilbodet endrar seg vesentleg. I Lærdal har dei vore stolte av ortopedien, og det har bidrege til ei kjensle av tryggleik lokalt. Ikkje minst det å kunne få ordna med enkle skadar lokalt og få ei avklaring har vore viktig reint praktisk for folk. Det siste meiner eg er særdeles viktig å oppretthalde. Som kirurg i Sogn og Fjordane og aktiv i traumemiljøet i Noreg i over 20 år veit eg at kirurgisk beredskap er godt ivareteken i Lærdal i dag. Det vil vere det også framover, rett og slett fordi dette er ivareteke av sjukehusa på Voss, i Førde og i Bergen. Det vil det framleis vere. Likevel er det ikkje vanskeleg å skjøne at folk kjenner på bekymring lokalt for at endringane skjer. Dette meiner eg det er viktig å adressere. Difor er det viktig at Helse Førde går i dialog med kommunane og er flinkare til å kommunisere ut det tilbodet dei har, og sørgje for gode evakueringskjeder. Elles vil eg understreke veldig tydeleg at vi har forsøkt å finne løysingar dei siste dagane. Det har vore eit sterkt ønskje frå mange, ikkje minst i Miljøpartiet Dei Grøne i Vestland og Sogn og Fjordane, der mange er sterkt engasjerte for lokalsamfunna og lokalsjukehusa våre. Ei slik løysing har vi ikkje funne. Vi står framleis i eit dilemma, der eg meiner vi må velje det som er mest ansvarleg. Eg vil også utdjupe kva tenester eg meiner bør styrkjast, både i Lærdal og på andre lokalsjukehus. MDG sikrar i dag fleirtal for å bevare barseltilbod og skadepoliklinikk i Lærdal og på Nordfjordeid. Vi har jobba lenge for å ta vare på barseltilbodet God Start, som Helse Førde opphavleg ønskte å avvikle begge stader. I Lærdal har vi også jobba for å etablere nye tilbod. Førebels ligg det an til at det blir lungepoliklinikk, hjartesviktpoliklinikk og driftstilskot til augelege, men vi er ikkje fornøgde med dette. Vi meiner at vi må få på plass fleire tilbod til glede for pasientane lokalt. I tillegg vil eg seie noko meir om helseføretaksmodellen og korleis han fungerer sentraliserande. Helse er ikkje butikk. Vi skal ikkje sende rekninga for pasientane mellom føretak. Det er ein heilt meiningslaus måte å drive helsetenester på. Kutta vi ser i fylket, skuldast bl.a. at vi har ein blodig urettferdig og sentraliserande finansieringsmodell som ikkje premierer lange avstandar og komplisert geografi. Dei små helseføretaka tapar, og dei store vinn. Dette systemet må endrast. Det er på tide å skrote helseføretaksmodellen og yte rettferd til dei små sjukehusa i distrikta, og det vil eg fremje forslag om snart."
2026-02-24,refs-202526-02-24,Møte tirsdag den 24. februar 2026,Erlend Svardal Bøe,H,Right,hovedinnlegg,"Erlend Svardal Bøe (H) [11:23:28]: Det er ingen tvil om at lokalsykehusene har og kommer til å ha en viktigere rolle i årene framover. Det handler om nærheten til tjenester, ikke bare tjenester i kommunene, men også spesialiserte tjenester. Men vi er også nødt til å gjøre en vurdering av hvor nær disse tjenestene skal være for å unngå f.eks. at det er de veldig sårbare pasientene som blir nødt til å reise langt for å få hjelp. Noe av det som Høyre har vært litt kritisk til i denne prosessen, er at en ikke har gjort gode nok beredskapsvurderinger. Det er også grunnen til at jeg er veldig glad for at Stortinget i dag støtter det forslaget som Høyre har fremmet, om at slike vurderinger skal legges mer til grunn når en skal gjøre endringer i sykehusstruktur eller annet. Når jeg hører representantene Sande og Toppe fra talerstolen, kan jeg ikke unngå å kommentere noe: Jeg opplever det litt som krokodilletårer, for å si det rett fram. Både Toppe og Sande var statsråder i en regjering som gikk av for under ett år siden. I løpet av de årene de var statsråder og satt i regjering selv, hadde de all mulighet til å gjøre noe med sykehusøkonomien, men de løftet ikke en finger for å gjøre det. Da bør de samme representantene komme opp hit og svare på hvordan diskusjonene har vært. Hvorfor tok en ikke opp dette da en satt med det øverste ansvaret og styrte helsepolitikken, da en hadde makten og satt i regjering? En må kunne ta litt av ansvaret for den situasjonen sykehusene nå står i, som i stor grad skyldes at en ikke har styrket sykehusøkonomien godt nok. Det er noe som er spesielt med dette: Helse Førde kom ut med dette i september 2025. De sa at de måtte gjøre en del kutt fordi de hadde et underskudd på nesten 150 mill. kr. Så kommer vi til desember 2025, da Senterpartiet er én av budsjettpartnerne. Da legger en ikke inn mer penger, som ville gjort at en hadde unngått de kuttene det her er snakk om. Det synes jeg er veldig spesielt. Hadde Senterpartiet virkelig vært opptatt av å få til reell endring, hadde de gjort det som Høyre har gjort i sitt budsjett: lagt inn 1,2 mrd. kr mer til sykehusene og sørget for at sykehusene fikk mer betalt jo flere pasienter de behandler. Det ville vært veldig bra for f.eks. ortopedisk avdeling ved Lærdal sjukehus, for da hadde Helse Førde blitt belønnet for at det var pasienter som brukte Lærdal sjukehus og ortopedisk avdeling der. Så av og til må en gå litt i seg selv og se hva en selv gjorde da en satt i regjering, og hva en selv gjør når en sitter med den øverste makten og budsjettmakten i Stortinget når det gjelder disse sakene. En må evne å ta ansvar når en har ansvar, og det opplever jeg at Senterpartiet ikke gjør i denne saken. En er mer opptatt av å snakke med utestemme enn reelt sett å styrke sykehusøkonomien. Uansett hva slags vedtak som blir fattet i dag, kommer sykehusene fortsatt til å ha en vanskelig økonomi, og det er det vi må løse hvis vi skal sørge for at en ikke må kutte i pasienttilbudene i landet vårt."
2026-02-24,refs-202526-02-24,Møte tirsdag den 24. februar 2026,Seher Aydar,R,Left,hovedinnlegg,"Seher Aydar (R) [11:51:10]: Rødt er opptatt av å legge til rette for levende distrikter og lokalsamfunn. Vi har på den ene siden hensynet til muligheten til å drive lokalbutikk også når det ikke er stor økonomi i distriktene. Samtidig er det viktig for oss å ivareta alkohollovens krav til kontroll. I dag er det ulik praksis mellom kommuner når det gjelder på hvilke vilkår de gir salgsbevilling i fjernbetjente butikker. Det skaper uforutsigbarhet. Det gjelder særlig i distriktene. Jeg tror at for veldig mange – i hvert fall er det slik for meg – er selvfølgelig fysisk bemannede butikker, der folk kan møte hverandre, å foretrekke. Samtidig må vi ta inn over oss endringene i samfunnet vårt. For de mindre distriktsbutikkene er nettopp digital bemanning i deler av åpningstiden det som gjør det mulig å opprettholde butikkdriften. For Rødt handler det om at vi både vil legge til rette for tilgjengelige dagligvarebutikker i distriktene og opprettholde en restriktiv alkohol- og tobakkspolitikk – da tobakk nå ble lagt til. Derfor stemmer vi for at kommunene skal fortsette å godkjenne salg av alkohol i fjernbetjente butikker, og det med den forutsetning at de tekniske løsningene er gode nok til å oppfylle lovens krav til kontroll. Jeg legger til grunn at akkurat dette er ivaretatt i endringen i det løse forslaget. Det handler om at vi vet at alkoholbruk kan ha store konsekvenser for både enkeltmennesker, familier og samfunnet. For Rødt er det viktig med en fortsatt restriktiv alkoholpolitikk, og vi skal fortsette å jobbe for at norsk alkoholpolitikk er og må være folkehelsepolitikk. Det er også derfor vi kun støtter forslag nr. 2 i dette tilfellet. Det forslaget er tydelig på at både alkohollovens og tobakksskadelovens krav til bl.a. kontroll skal være på plass."
2026-02-24,refs-202526-02-24,Møte tirsdag den 24. februar 2026,Ida Lindtveit Røse,KrF,Center,hovedinnlegg,"Ida Lindtveit Røse (KrF) [11:55:24]: Med denne debatten ser vi veldig tydelig hvor fokuset i de andre partiene er. Alkoholpolitikken i Norge er bygd på at folkehelse prioriteres framfor forbruker- og næringshensyn. Det er i ferd med å endre seg, det ser vi i denne debatten, og det bekymrer meg. På rekke og rad kommer det nå saker som utfordrer dette, uten tanke på hva summen blir, eller hvilke konsekvenser en lite prinsipiell alkoholpolitikk medfører. Alkohol er det vanligste rusmiddelet vi har. Voksnes rusproblemer berører mange barn, unge og familier i Norge. Folkehelseinstituttet anslår at 90 000 barn og unge under 18 år har en forelder som bruker rusmidler på en måte som påvirker daglig fungering og funksjon. Det tilsvarer to–tre elever i alle skoleklasser i Norge. Jeg er opptatt av tilgjengelige butikker i distriktene, og at butikkene også bruker teknologi for å sikre en mer effektiv drift og overlevelse i distriktene. KrF mener imidlertid ikke at teknologien kan erstatte kontrollfunksjonene som ansatte har i møte med salg av alkohol. Alkoholloven bygger på prinsippet om at alkohol ikke skal selges til mindreårige, til personer som er synlig beruset, eller utenfor fastsatte salgstider. Alt dette forutsetter tilstedeværende betjening. Fjernbetjente løsninger vil ikke være tilstrekkelig for å ivareta disse hensynene. Det vil også være nærmest umulig å føre kontroll med langing, altså at personer over 18 år kjøper alkohol til mindreårige. Det er et paradoks at flere i denne debatten synes å mene at det er alkohol som skal redde distriktsbutikkene. Ifølge en Oslo Economics-rapport fra 2021 koster alkoholkonsumet vårt mellom 80 mrd. kr og 100 mrd. kr i året. For å få ned disse kostnadene må forebygging prioriteres, og vi må hegne om det regelverket vi har. Folkehelse kan ikke ofres av distriktspolitiske hensyn. De langsiktige konsekvensene vil være dårligere folkehelse og livskvalitet og mer utenforskap. Jeg er ikke overrasket over at FrP og Høyre går inn for noe slikt. Vi hørte i debatten at de er opptatt av å liberalisere alkoholregelverket. Jeg er mer overrasket over andre."
2026-02-24,refs-202526-02-24,Møte tirsdag den 24. februar 2026,Kjersti Toppe,Sp,Center,hovedinnlegg,"Kjersti Toppe (Sp) [12:21:20]: Undersøkingar tyder på at så mange som ein av fem er i risikosona for å utvikla ei spiseforstyrring eller har eit problematisk forhold til mat og kropp, og at heile ein av ti vidaregåandeelevar kan ha ei spiseforstyrring. I ein skuleklasse på 30 vil det kunna vera 6 elevar med eit problematisk forhold til mat og kropp, og 3 vil kunna utvikla ei spisesforstyrring. For jenter er talet endå høgare. Det viser litt av omfanget. Altfor mange familiar er akkurat no på sjukehus eller i eigen heim og i ei krise fordi ein son eller ei dotter slit med alvorleg eteforstyrring, som er den mest dødelege av dei psykiske lidingane. I media har nokre av desse stått fram. Vi har lese hjarteskjerande historier om barn og familiar i ein livstruande situasjon, om kampen for å verta frisk, som kan ta lang tid, og om kampen for å få i seg nok næring, slik at dei klarar å overleva. Eg trur det er vanskeleg å forstå kva desse ungane og familiane går igjennom, utan å ha sett det på nært hald eller opplevd det sjølv. Ei av dei som har stått fram, er Linn og hennar familie, som vi kunne lesa om på NRK 25. januar. Halden Arbeiderblad skreiv i fjor sommar om Emilie og hennar sterke vitnesbyrd om ein kvardag prega av sjukdom og manglande oppfølging. Eg vil takka familiane som har stått fram. Dette er veldig krevjande, ikkje berre for dei som har sjukdomen, men òg for foreldre, søsken og vener. Gjennom medieoppslaga kjem det sterk kritikk mot helsevesenet. Det er kritikk mot at pasientar vert skrivne ut for tidleg, at dei opplever for dårleg oppfølging og ein meiningslaus kvardag på sjukehus, og at foreldre kan oppleva at eit for stort ansvar vert lagt over på dei. Det er foreldre som fortel om eit helsevesen som i dag ikkje klarar å gi den hjelpa ein treng for at ungdomen skal koma seg ut av spiseforstyrringa. Dei fortel om tallause innleggingar, psykolog- og behandlingsopplegg. Dei har erfaring med at dei ulike instansane ikkje snakkar saman, og med ei helseteneste med for lite kompetanse og ressursar. Det vert etterlyst ein heilskapleg plan for behandlingsopplegg, og dei kritiserer at mange mister plassen dei har fått, for tidleg. Frå Rådgivning om spiseforstyrrelser, ROS, får vi rapportar om liknande historier frå heile landet. Det er lange ventetider sjølv for å få lågterskelhjelp, som i ROS. Vi får høyra om svingdørspasientar som vert skrivne ut, men ikkje er friske og vert dårlege igjen. ROS meiner vi er nøydde til å bruka meir ressursar på å førebyggja og på å behandla. No har helseministeren i ein kronikk på NRK sagt at barn med spiseforstyrring skal få god hjelp, foreldra òg. Det er oppretta ei nasjonal kompetanseteneste som skal sikra at helsepersonell over heile landet får oppdatert kunnskap. Helsedirektoratet har òg utvikla ei nasjonal retningslinje for behandling av spiseforstyrringar. Statsråden forsikrar om at tenestene tar spiseforstyrringar på alvor, og at ei ny helsereform skal sikra at tenestene snakkar betre saman om pasientane. Samtidig som helseministeren lovar at helsetenestene skal ta spiseforstyrringar på alvor, skal det kuttast om lag 20 mill. kr ved regional seksjon for spiseforstyrringar ved Oslo universitetssjukehus. ROS, som driv rådgiving, har måtta seia opp folk, trass i at det er stor pågang og venteliste sjølv for eit lågterskeltiltak. Mi uro er at det verkar langt frå det helseministeren lovar i sine uttalar, til det som er realiteten for mange som har ei alvorleg spiseforstyrring. Spørsmålet mitt er korleis helseministeren meiner det kan verta meir hjelp til dei barna og familiane som slit, med færre årsverk i tenestene, og kva regjeringa gjer for å betra førebygging og behandling ved anoreksi og andre spiseforstyrringar."
2026-02-24,refs-202526-02-24,Møte tirsdag den 24. februar 2026,Statsråd Jan Christian Vestre,NA,NA,hovedinnlegg,"Statsråd Jan Christian Vestre [12:26:13]: Først vil jeg takke interpellanten for å starte en veldig viktig diskusjon. Det setter jeg pris på at interpellanten gjør. Som vi vet, er spiseforstyrrelser en av de mest alvorlige psykiske lidelsene hos unge. Anoreksi kan, som representanten viser til, medføre helseskader og i ytterste konsekvens også fare for liv. Det er behov for både oppfølging og behandling over tid. Denne lidelsen medfører også stor belastning for den unge selv, og ikke minst for familien. Det har også de hjerteskjærende historiene vi har sett i mediene de siste ukene og månedene vist oss. Det gjør sterkt inntrykk, og la meg derfor være helt tydelig: Unge mennesker med alvorlig anoreksi skal få rask, koordinert og faglig god behandling. Vi må gjøre det vi kan for å forebygge strev med mat hos barn og unge, og samtidig sørge for at de som utvikler en spiseforstyrrelse, får rask og god helsehjelp. Sykdommen er kompleks og har sammensatte årsaker. Regjeringen arbeider derfor på flere områder for å styrke forebygging og behandling av spiseforstyrrelser. For det første har Helsedirektoratet laget en kompetansepakke som skal hjelpe dem som jobber med barn og unge i kommunen. Tjenester som skolehelsetjenesten, fastlege og psykisk helsetjeneste i kommunen er viktige for å fange opp unge som har problemer, tidlig. Vi vet også at ungdom møter et massivt kroppsfokus på nett, med redigerte bilder og urealistiske idealer, gjerne i kombinasjon med usunne og motstridende råd om kosthold. Her er det viktig at det er god kompetanse i kommunene. For noen er denne sykdommen en metode for å få kontroll og håndtere vonde og vanskelige følelser. Derfor lyser vi også i år ut midler til utprøving og implementering av tiltak i kommunale tjenester som helsestasjoner og skolehelsetjenesten, fastleger og psykiske helsetjenester. Kommuner som Bærum, Kristiansand og Oslo har allerede fått midler. Vi har også i år økt ordningene som frivillige aktører kan søke på for å forebygge. Vi har nylig besluttet å etablere en nasjonal kompetansetjeneste som skal sikre at helsepersonell over hele landet får oppdatert kunnskap. Målet vårt er at pasienter alltid skal møte fagfolk som har god kompetanse om spiseforstyrrelser. Unge som utvikler en alvorlig spiseforstyrrelse som anoreksi, bør raskt få utredning og behandling i spesialisthelsetjenesten. De kan ha behov for både somatisk helsehjelp og behandling i psykisk helsevern. Ifølge nasjonal faglig retningslinje for spiseforstyrrelser er familiebasert behandling anbefalt som førstevalg for barn og unge med spiseforstyrrelser. Behandlingen skal blant annet styrke foreldrenes kompetanse på å hjelpe barnet sitt med å overvinne sykdommen. Det er viktig for meg å understreke at foreldre skal få lov til å være foreldre og ikke være helsepersonell. Helsetjenesten må derfor sørge for god støtte og rådgivning, slik at foreldrene kan ivareta den veldig krevende rollen som foreldre til et barn med alvorlig sykdom. Jeg har stor forståelse for at det å ha et barn som ikke spiser, og som går ned i vekt, er svært krevende. Barn og unge skal ikke legges inn på sykehus dersom det kan unngås. Det er det bred faglig enighet om. Derfor bygges det ut flere tilbud som dagbehandling, ambulant behandling og hjemmesykehus. Det kan bidra til å styrke det helhetlige behandlingsløpet, støtte og hjelp i hverdagen, og tidlig fange opp om det skjer en forverring i tilstanden. Så må vi ha tilstrekkelig døgnbehandling, og det er spesielt viktig når andre alternativer ikke er tilstrekkelige. Derfor har vi gitt oppdrag til de regionale helseforetakene om å følge opp de faglige framskrivningene som er laget om økt døgnkapasitet. Dette gjelder også for spiseforstyrrelser. Vi forventer også at helseforetakene benytter og utvider avtalene de har med ideelle og private aktører, slik at den samlede kapasiteten i vår felles helsetjeneste utnyttes best mulig. Som interpellanten Toppe understreker, er anoreksi en svært alvorlig tilstand som er vanskelig å behandle. Samtidig er det viktig for meg å si at det er forskjellige måter å behandle spiseforstyrrelser på, og ulike metoder skal tas i bruk. De historiene vi nå ser og hører, viser dessverre at det fortsatt er for store variasjoner i tilbudet, og det er for mange som ikke får god nok hjelp, tidlig nok. Derfor kommer vi selvfølgelig til å følge med på utviklingen. Vi kommer til å se til at de tiltakene vi har varslet, og som jeg nå redegjorde for, blir iverksatt, og vi kommer til å fortsette å styrke arbeidet med både forebygging, oppfølging og behandling."
2026-02-24,refs-202526-02-24,Møte tirsdag den 24. februar 2026,Kjersti Toppe,Sp,Center,hovedinnlegg,"Kjersti Toppe (Sp) [12:31:32]: Takk til statsråden for svaret. I mai 2021 hadde eg ein ganske liknande interpellasjon til dåverande statsråd Bent Høie. Han svarte da at han kunne forsikra om at regjeringa skulle ha stor merksemd på både unge med alvorlege lidingar, som spiseforstyrringar, og den psykiske helsa til barn og unge generelt. Den gongen, under pandemien, såg vi ein veldig stor auke når det gjaldt barn og unge som vart lagde inn, òg med spiseforstyrringar. Dette er no fem år sidan. Eg høyrer statsråden vise til at no er det sett i verk tiltak som skal auka både kompetansen på spiseforstyrringar i tenestene og kapasiteten ved dei sengepostane vi har. Det er ei kjensgjerning at sjølv om noko av den toppen vi såg rundt pandemien, har gått tilbake igjen, er det framleis ei veldig stor utfordring. Det er mange familiar som opplever at dei ikkje får den hjelpa dei skal ha, eller at dei må venta altfor lenge på ho. For dei familiane som her og no står i ein veldig krevjande situasjon og vil ha ei endring og vil ha god hjelp, er det sikkert fint å høyra lovnader om endring og forbetring, men dei vil nok òg høyra om kva som vil skje veldig, veldig snart. Så det vil eg utfordra statsråden på: Når trur statsråden at dei tiltaka han viser til, vil gi ei faktisk forbetring for dei familiane som her og no står i ein sånn situasjon? Eg vil òg gjerne utfordra statsråden på standardbehandlinga for spiseforstyrringar, altså familiebasert terapi, som har vore mykje diskutert i debattar og i media. Det kan fungera for nokre, men vert det ei individuell vurdering for dei som behandlinga ikkje fungerer for? Kan statsråden i alle fall gjera sitt for at det vert det? Eg vil òg koma inn på rådgivingstenesta ROS, som har opplevd ganske store budsjettkutt. Dei har no 400 personar på venteliste. Det er eit landsdekkjande lågterskeltiltak. Eg vil òg høyra om planane statsråden har for korleis dette kan utviklast."
2026-02-24,refs-202526-02-24,Møte tirsdag den 24. februar 2026,Statsråd Jan Christian Vestre,NA,NA,hovedinnlegg,"Statsråd Jan Christian Vestre [12:34:49]: Takk til interpellanten for gode oppfølgingsspørsmål. Vi har åpenbart ikke løst alle problemene, men det har skjedd vesentlige endringer siden interpellanten reiste dette spørsmålet i 2021. Noe av det er at Arbeiderpartiet og Senterpartiet i regjering sammen la fram en opptrappingsplan for psykisk helse, som det fulgte ganske mye penger med. Der lovet vi en varig opptrapping på 3 mrd. kr til formålet. Vi har snart nådd om lag halvparten av den opptrappingsplanen. Vi ser at det tas i bruk stadig flere lavterskeltilbud i kommunene. Vi ser at ventetidene for å få hjelp i psykisk helsevern er på vei nedover. Vi ser nå at vi ikke bare har klart å bremse nedbyggingen i døgnkapasitet, altså behandlingskapasiteten i spesialisthelsetjenesten, men også at oppbyggingen har kommet i gang, og at vi har en økning. Den er ganske liten foreløpig, men den kommer til å bli større i årene framover. Vi jobber også med helt nye måter å organisere dette tilbudet på. Det skal være én vei inn til psykisk helsevern, for det en del av innbyggerne – pårørende, foreldre – forteller om, er en følelse av avmakt i møte med systemet, der en blir kasteball mellom kommunen og spesialisthelsetjenesten. Det er en opplevelse av at ingen tar et helhetlig ansvar for at en skal få god hjelp. Med prosjektet Én vei inn, som vi nå tester ut, og som er en del av Prosjekt X, som er et samarbeid mellom regjeringen og KS, der innovative kommuner og innovative sykehus får jobbe på nye måter, ser vi nå at avvisningene går veldig ned. Målet er at ingen skal avvises, og at en skal komme raskt i gang med behandling. Så alt dette vil ha effekt. Dette er ikke lovnader; det er tiltak som implementeres, og som er implementert. Det samme gjelder for kommunenes kompetansepakke, som er laget. Tilskuddsordningene jeg redegjorde for, er styrket i inneværende år, også som en del av budsjettforliket som ble gjort med bl.a. Senterpartiet. Det betyr at organisasjoner som ROS og andre nå kan søke midler fra en større pott. Det at vi har satt i gang arbeidet med økt dagbehandling, kommer vi til å se effektene av. Det er ikke en dag for tidlig, for det er for mange i vårt land som ikke har fått god nok oppfølging. Interpellanten spurte om familiebasert behandling. Da vil jeg bare gjenta det jeg sa om at dette er i henhold til den nasjonale, faglige retningslinjen for spiseforstyrrelser, der denne behandlingsmåten er anbefalt som førstevalget for barn og unge som har spiseforstyrrelser. For en del vil likevel ikke det være tilstrekkelig. Derfor er det selvfølgelig helt avgjørende at vi også har god kapasitet i helsetjenesten til både ordentlig utredning, ordentlig behandling og oppfølging. Det skulle bare mangle."
2026-02-24,refs-202526-02-24,Møte tirsdag den 24. februar 2026,Stig Atle Abrahamsen,FrP,Right,hovedinnlegg,"Stig Atle Abrahamsen (FrP) [12:38:02]: I hvert fall ukentlig er det fortvilte foreldre som tar kontakt fordi de står i en helt umulig situasjon med sin ungdom. Det er mange som virkelig sliter med spiseforstyrrelser. Mens det tidligere var veldig krevende ved at det var mange som ikke søkte hjelp, og at det gikk for langt fordi dette var skambelagt, opplever vi nå at det er veldig mange som tar tak i et stort problem og søker hjelp. Men så står vi og det offentlige helsevesenet uten nødvendig kapasitet. Når da foreldre endelig har fått en ungdom til å ville søke hjelp, setter vi dem på en venteliste. Det er virkelig ikke en god måte å møte disse ungdommene på. Av og til er det rett og slett mangel på personell i helsevesenet vårt, og vi får ikke tak i nok folk, men de andre som ofte tar kontakt med Fremskrittspartiet, er private tilbydere av psykiske helsetjenester, også spisset mot behandling av spiseforstyrrelser, men de får ikke kontrakter med helseforetakene. Vi har registrert at statsråden sier at nå skal man benytte disse, men fortsatt ser vi at man faktisk ikke kommer dit at det blir inngått avtaler, og at disse blir tilgjengelige for andre enn dem som har råd til å betale for det selv. Samtidig er vi også nødt til å ta fatt på å bygge opp den offentlige kapasiteten, også for de tyngste behandlingsformene. Vi ser f.eks. at i hele Helse vest har vi én regional avdeling for spiseforstyrrelser – det er åtte sengeplasser. De opplever at de må avvise stadig flere som har kommet så langt at de egentlig har behov for et døgnbehandlingstilbud. Da flyttes det alltid flere oppgaver ned til et DPS, distriktspsykiatrisk senter, for å forsøke å håndtere det, men deres kapasitet er også sprengt. Så flyttes det ned til det kommunale tilbudet, hvor man kanskje har hatt den innledende kontakten for å komme til et godt behandlingstilbud. De får dem altså i retur, etter at de allerede har sagt at de ikke har et godt nok tilbud til dem. Når vi skal gripe fatt i dette, er det altså utrolig viktig at vi klarer å få på plass det forebyggende. Det er også viktig at vi klarer å ha gode lavterskeltilbud. Det som imidlertid virkelig skaper et enormt press i hele systemet, er at de tyngste pasientene blir dyttet nedover i systemet igjen, og dermed fortrenger dem som egentlig skulle kommet veldig fort til disse lavterskeltilbudene. Da skaper man nesten en håpløshet hos de pasientene som har begynt, og som har trodd at de nå skulle komme i gang. Jeg håper at vi får se ikke bare fagplaner og tiltaksplaner, men også konkrete bevilgninger i budsjettene framover, slik som Fremskrittspartiet har foreslått, for å bygge opp døgnkapasiteten. For det er virkelig slik at når det som er det statlige helsevesenets kjerneoppgave, ikke leverer på kapasitet, får det ringvirkninger nedover i hele systemet, og det treffer definitivt de som trenger oss mest, aller hardest."
2026-02-24,refs-202526-02-24,Møte tirsdag den 24. februar 2026,Margret Hagerup,H,Right,hovedinnlegg,"Margret Hagerup (H) [12:42:47]: Historien i NRK om jenta og foreldrene som opplever at de ser et «selvmord i sakte film», er rystende. Det må være noe av det mest fortvilende et menneske kan stå i – å se barnet sitt bli sykere og samtidig møte stengte dører, ventelister og et system som ikke griper inn raskt nok. Foreldre skal slippe å måtte kjempe mot systemet samtidig som de kjemper for barnets liv. Samtidig finnes det håp. Rådgivning om spiseforstyrrelser, ROS, jobber tett på dem som lever med et anstrengt forhold til mat og kropp. I heftet Historier om håp deler sterke stemmer erfaringer om smerte og skam, men også om mot, mestring og muligheten for å bli frisk. Marianne beskriver hvordan hun etter 30 år med kroppsforakt og slanking kaller seg «pensjonert slanker». Hun trodde kroppen måtte fikses. I dag vet hun at den trengte å bli hørt. Kine forteller at da hun begynte som frivillig i ROS, ble de vanskelige erfaringene hennes en styrke. Når hun møter noen som har det vondt, trenger de ikke forklare alt, for hun vet hvordan det er. Line gir en stemme til de pårørende: panikken, skyldfølelsen og spørsmålet om man kunne ha forhindret det. Dyveke gir en stemme til 16-åringen som jaktet på mestring og kontroll. Elin, som er rådgiver i ROS, har tegnet setningen «Hvis ingen holder meg, må jeg holde meg selv.» Hun vet hvordan det er å være syk, og hvordan det er å bli frisk. I møte med en bekymret far som spurte «Nå som du er frisk, liker du mat nå?», svarte hun: «Jeg liker ikke fisk.» Det var et lite øyeblikk av normalitet og et lite glimt av håp for faren. Vi må også snakke om det som skaper presset. Det er mye i samfunnet som forteller oss at vi ikke er gode nok. I sosiale medier flommer det over av budskap om hvordan vi kan forbedre og optimalisere oss selv. Selv får jeg daglig reklame om hvordan jeg skal bli kvitt slapp hud i ansiktet. På 1980-tallet kunne min mødregenerasjon lese setninger som «Den som sover, spiser ikke». I dag møter unge «Thintok» og «Skinnytok», hvor idealet er å være sykelig tynn, og barn oppfordres til å veie maten for å kutte kalorier. Det er for mange som sliter. Ifølge ROS står 400 personer på venteliste, med 3–4 måneders ventetid, samtidig som organisasjonen har måttet kutte ansatte fordi de ble tatt ut av statsbudsjettet i 2022. Tall fra Norsk pasientregister viser en kraftig økning i spiseforstyrrelser blant barn og unge. Høyre har lenge vært tydelig på at situasjonen er prekær. Behovet har eksplodert, ventelistene øker, og kapasiteten i BUP er sprengt. Samtidig fases private og ideelle aktører ut, selv om de kunne avlastet køene. Det hjelper lite med fagre ord når barn står i fare for å miste livet mens de venter. Høyre vil innføre rett til vurdering og møte med fagperson innen tre uker ved henvisning til BUP. Ingen familier skal måtte leve i uvisshet når livet står på spill. Vi vil gjeninnføre fritt behandlingsvalg og bruke alle gode krefter. Det er meningsløst at behandlingsplasser står tomme mens unger står i helsekø. Overgangen mellom barnepsykiatri og voksenpsykiatri er sårbar. Derfor vil vi utvide aldersgrensen i BUP til 25 år for å sikre kontinuitet. Vi vil også øremerke midler til organisasjoner som ROS, slik at flere kan få hjelp tidlig. Foreldre trenger støtte, og når de beskriver at de må bære alt ansvaret selv, fungerer ikke systemet. Foreldre skal være foreldre, ikke terapeuter og koordinatorer. Høyre har foreslått bedre informasjon til pårørende, sterkere koordinering og en egen pårørendestrategi. Regjeringen må sikre at dette følges opp. Forebygging i skolen er også avgjørende. Vi vil rulle ut programmet Youth Aware of Mental Health for å styrke unges psykiske helse og fange opp problemer tidligere. Vi må styrke skolehelsetjenesten, øke behandlingskapasiteten og sikre mer kunnskap om forebygging. Politikk handler om å prioritere. Når vi ser at ventetidene i barne- og ungdomspsykiatrien øker, og at kapasiteten for å behandle alvorlige spiseforstyrrelser hos barn er sprengt, må vi tørre å diskutere hvordan vi bruker ressursene våre. Høyre mener at helsevesenets viktigste oppgave er å være der for dem som trenger det aller mest. Da må vi prioritere behandling av livstruende sykdommer, som anoreksi, før vi bruker store summer på å subsidiere tjenester for grupper som i utgangspunktet er friske. Dette handler om liv, og om foreldre som ikke skal måtte stå maktesløse og se barnet forsvinne. Vi skylder dem både handling og prioritering."
2026-02-24,refs-202526-02-24,Møte tirsdag den 24. februar 2026,Ida Lindtveit Røse,KrF,Center,hovedinnlegg,"Ida Lindtveit Røse (KrF) [12:47:52]: Dette er en veldig viktig debatt. Spiseforstyrrelser er alvorlig, det ødelegger liv, og det tar liv. Det er fortsatt veldig tabubelagt, og det gjør at det kan være veldig vanskelig å søke hjelp. Spiseforstyrrelser er en sykdom som ikke bare påvirker den enkelte, det påvirker også familien over lang tid. Det kan ta tid å fange opp, og det kan ta tid å behandle. Det kan også ta veldig kort tid å bli syk, og så tar det ekstremt lang tid å bli frisk hvis man ikke fanges opp tidlig nok. Mange skammer seg, og mange tier og venter altfor lenge før de ber om hjelp. Når de først gjør det, møter de et system som ikke er i stand til å ta imot dem. Dette er sykdommer som ikke bare rammer den enkelte, men hele familien: foreldre som legger hele livet sitt til side, søsken som blir stående i skyggen, år som går med til bekymring, behandling og gjentatte tilbakefall. Det tar tid å fange opp, det tar tid å bli frisk, og derfor er kontinuitet og kompetanse helt avgjørende. Samtidig som flere søker hjelp og trenger hjelp, kuttes det i behandlingstilbud som RASP. Det mangler kompetanse for å hjelpe foreldre og familier i oppfølgingen av familiebasert behandling. Familiebasert behandling er anbefalt og kan i visse tilfeller være veldig god behandling, men uten hjelp, støtte og kompetanse svikter vi både familien og barna. Vi har sett en rekke saker i mediebildet om familier som er frustrert over at pasienter skrives ut altfor tidlig fra behandling. Da blir pasientforløpet også veldig mye lengre. De historiene vi får, er ikke bare enkelthistorier. De er symptomer på et system som ikke er rigget for omfanget av problemet. Det kan være veldig mange veier inn i en spiseforstyrrelse: traumer, press og psykisk uhelse, men også langvarig energiunderskudd som påvirker både kropp og hjerne. Derfor trenger vi mer og oppdatert kunnskap. Vi trenger forskning som kan gi oss mer forståelse av sykdommen, bedre forebygging og bedre behandling. Det handler om kompetanse, ikke bare hos helsesykepleiere, men hos lærere og idrettsledere. Disse møter daglig barn og unge, og de må være i stand til å fange det opp. Det handler også om de sosiale mediene som denne generasjonen barn og unge vokser opp med, som er av en helt annen verden enn det vi så for få generasjoner siden. Det er både reklame, press, grupper man blir sugd inn i, og ulike fora hvor man gir mat til spiseforstyrrelsen. Vi skylder dem som blir rammet av spiseforstyrrelser, noe bedre. Vi må sikre at barn og unge får hjelp når de trenger det, ikke når det tilfeldigvis er plass. Vi må sørge for at de fagmiljøene som er bygd opp, og som har unik kompetanse, ikke forvitrer. Vi må ta på alvor at dette er sykdommer som krever langvarig, helhetlig og spesialisert behandling. Vi kan ikke sende ut pasienter fra behandling før de er ferdigbehandlet eller blir fulgt opp andre steder så de blir friske eller har mulighet til å bli det – da blir behandlingsløpet bare enda mye lengre."
2026-02-24,refs-202526-02-24,Møte tirsdag den 24. februar 2026,Anne Grethe Hauan,FrP,Right,hovedinnlegg,"Anne Grethe Hauan (FrP) [12:52:31]: Først av alt vil eg takka interpellanten for at ho tek opp eit veldig viktig tema som absolutt bør opp på agendaen til dei aller, aller fleste. Anoreksi og spiseforstyrringar rammar ungar heilt ned i 10–12-årsalderen. Det er rett og slett skremmande å høyra når me får dei tala serverte. Det rammar tenåringar midt i ungdomstida. Det rammar unge vaksne som skulle vore i starten av livet, det rammar eldre, og det rammar faktisk begge kjønn. Det er ikkje berre jenter; det er fleire gutar og menn som òg blir ramma av denne dødelege psykiske lidinga, som fleire har nemnt her. Spesielt eldre – det er kanskje noko me ikkje har tenkt over, men det kan utløysast av tap av ektefelle, av at ein går inn i ein depresjon. Det er mange ulike årsaker til at òg eldre faktisk kan li av spisevegring. Denne saka blei løfta fram i Stortinget allereie i 2002. Ho har sikkert blitt løfta fram fleire gonger, men det er i alle fall det eg har hosta opp. Foreldre har bedt om fleire behandlingsplassar, legar har bedt om spesialisert kompetanse, pasientar har bedt om raskare hjelp. Over tjue år seinare står me her og diskuterer akkurat det same. Det er for få døgnplassar, lange ventetider, ulik praksis i landet og manglande forpliktande nasjonale standardar. Det seier noko. Arbeidarpartiet har hatt helseministeren i fleire periodar gjennom desse åra – også no. Problema er ikkje nye. Dei har vore kjende lenge. Det har kome planar – opptrappingsplanar og strategiar – men det har ikkje kome eit målretta, forpliktande nasjonalt løft for spiseforstyrringar med konkret kapasitetsbygging i takt med behovet. Når alt blir lagt inn under «psykisk helse generelt», blir dei mest alvorlege pasientane ofte ståande att. For ein familie som ser ungen sin forsvinna bit for bit, er ikkje dette eit systemproblem. Det er ei akutt krise. Det hjelper lite å bli registrert raskt dersom behandlinga kjem for seint. Det hjelper lite med fine formuleringar dersom det ikkje finst ein behandlingsplass. FrP meiner løysinga er konkret: Døgnkapasiteten må aukast, spesialisert behandling må styrkjast, pengane må følgja pasienten, og ideelle og private aktørar må få bidra der det offentlege ikkje strekk til. Dette handlar ikkje om ideologi; det handlar om kapasitet. Denne krisa er ikkje ny. Ho har vore kjent i over tjue år. Det som manglar, er ikkje kunnskap. Det som manglar, er prioritering. No må me levera behandling og ikkje fleire rundar med konstatering – for dette handlar om liv."
2026-02-24,refs-202526-02-24,Møte tirsdag den 24. februar 2026,Julia Brännström Nordtug,FrP,Right,hovedinnlegg,"Julia Brännström Nordtug (FrP) [12:55:55]: Først vil jeg takke representanten Toppe for å ta anoreksi og spiseforstyrrelser opp til debatt i salen. Det er hjerteskjærende historier som blir fortalt mange steder i landet, om unge jenter – og gutter – som sliter med alvorlige spiseforstyrrelser, og som likevel må kjempe for å få hjelp. Halden Arbeiderblad er blant de avisene som har skrevet om dette, i en serie saker om Emilie og hennes families kamp for hjelp, men Emilies og hennes families kamp er ikke unik. FrP er bekymret over at stadig flere unge mennesker, og eldre, sliter med psykiske plager og sykdom. Vi er også sterkt bekymret for den store økningen av spiseforstyrrelser blant særlig barn og unge de siste årene. Etter pandemien økte andelen jenter med spiseforstyrrelser kraftig. Andelen doblet seg i alderen 13–16 år. Det er dramatiske tall. På samme tid henger ikke antall plasser til behandling med. Tvert imot: Mangelfull behandling er et nasjonalt problem. Det er uakseptabelt at barn og unge står i lange behandlingskøer. I køen rakner familier. Når et familiemedlem er alvorlig sykt og ikke får hjelp, er hjelpeløsheten total. FrP har derfor i flere av sine budsjetter prioritert en styrking av hele tjenestetilbudet innen psykisk helse, fra forebygging til hjelp og døgnplasser. Døgnkapasiteten må opp, og den må opp raskt. Samtidig er det også mulig at behandlingstilbudet for spiseforstyrrelser bør tittes litt nærmere på: hvordan tilbudene organiseres, og hvilken stemme pasientene og deres pårørende har i metodene som brukes. Spiseforstyrrelsen anoreksi er den mest dødelige psykiske lidelsen i Norge, og vi trenger derfor gode tilbud. Pårørende i flere av sakene forteller at de ikke har tro på bare mer penger til det problemet – at det ikke løser noe bare å kaste inn mer penger – men at noe systematisk også må skje. Flere forteller om at symptomene behandles, men ikke sykdommen, og at etter utskriving blusser både symptomene og sykdommen opp igjen. FrP mener også at ettervernet må styrkes. Det er også helt nødvendig med et større mangfold i det tilbudet vi har i dag, både for at den enkelte skal få større innflytelse over egen helse, sykdom og behandling, og for å ta i bruk ledig kapasitet som er tilgjengelig, for å få ned ventetidene. Dette er en sykdom vi må ta på alvor, med alt fra forebyggende tjenester og lavterskeltilbud til økt kapasitet i behandlingstilbudet og en styrking av ettervernet."
2026-02-24,refs-202526-02-24,Møte tirsdag den 24. februar 2026,Kjersti Toppe,Sp,Center,hovedinnlegg,"Kjersti Toppe (Sp) [12:58:55]: Takk til alle som har hatt innlegg i interpellasjonsdebatten. Eg vil referera litt frå ein mail eg har fått frå ein far til ei dotter som nyleg har vore innlagd for spiseforstyrringar, og som er vorten skriven ut. Han skildrar eit opplegg der dei ikkje får noka hjelp etter utskrivinga. Dei har fått avslag hos DPS, utan at dei forstår kvifor. Dei har ingen koordinator frå kommunen som kan hjelpa dei med måltid, inga måltidsstøtte eller slikt frå kommunen. På Nav er jenta sett på venteliste for aktivisering. Det dei spør om, er kvifor dei ikkje får ein plan for vidare oppfølging. Eg er heilt einig i at det er behov for fleire døgnplassar for pasientar med spiseforstyrringar, men det er òg viktig med førebygging – det er det aller viktigaste – og så må det koma eit betre opplegg for oppfølging etter utskriving enn det som skjer her og no, og som vi får rapportar om. Det er faktisk ikkje bra nok, og det fører til reinnleggingar og fare for liv og helse. Eg vil òg seia at da eg var så heldig å få vera barne- og familieminister, var eg på besøk hos ein del barnevernsinstitusjonar. Den fyrste jenta eg møtte, var alvorleg sjuk med spiseforstyrringar, ho var sondeernært på institusjon. Eg fekk veta at ho skulle flytta i eigen hybel om nokre veker, for då vart ho 18 år. Eg såg ei radmager, veldig alvorleg sjuk jente. Det er veldig mange med spiseforstyrringar i barnevernet, og eg er oppriktig bekymra for om dei får den hjelpa dei skal ha. Alle hugsar vel saka om Mille og Mina, som døydde. Der starta det med at dei fekk alvorlege spiseforstyrringar. Det var ikkje ei barnevernssak frå starten av, det var ei frivillig omsorgsovertaking. Det var helgestengde behandlingsinstitusjonar i BUP, og det utvikla seg med rus og åtferd. De kjenner historia, som var djupt, djupt tragisk. Statsforvaltaren konkluderte med at det ikkje var svikt i tilbodet frå barnevernet, men svikt i helsetenesta. Dei hadde ikkje fått den helsehjelpa dei skulle ha, då dei hadde den alvorlege spiseforstyrringa. Vi sa alle at dette ikkje må skje igjen. Det viser alvoret i denne sjukdommen. Det er ein del foreldre som kapitulerer og seier at dei ikkje orkar meir, og ber om hjelp frå barnevernet. Det skal dei få, men det er òg ein risiko, for dei får framleis ikkje den helsehjelpa dei skal ha. Eg vil takka alle som har hatt ordet. Eg håpar at denne interpellasjonen kan føra til at det snart vert ei forbetring for alle desse."
2026-02-24,refs-202526-02-24,Møte tirsdag den 24. februar 2026,Julia Brännström Nordtug,FrP,Right,hovedinnlegg,"Julia Brännström Nordtug (FrP) [13:05:15]: Norge er et av verdens tryggeste land å føde i. Vi er verdensledende på trygg fødselshjelp. Vi er blant de landene i Europa som har lavest dødelighet for mødre, og det er svært gode utfall for nyfødte. Gravide får tett oppfølging i både primær- og spesialisthelsetjenesten. Det er mye å være takknemlig for og stolt av. Det bekrefter kvinnene selv. En rapport fra i høst viser at åtte av ti kvinner opplever fødselsomsorgen som god. Bak dette står det tusenvis av jordmødre, barnepleiere og leger som hver eneste dag bærer et enormt ansvar, og de gjør det med både hjerte, hjerne og hender fulle av faglig tyngde. Jeg har selv kjent på den tryggheten. Da jeg kommenterte roen som jordmor utviste, og tiden hun tilegnet oss da vi fikk vårt tredje barn, svarte hun: Det er som en and som glir stille over vannet, men under overflaten går føttene i full desperasjon for å holde det hele flytende. Hun er ikke alene. Slik har altfor mange ansatte det i dag. Arbeidshverdagen har for mange jordmødre blitt tøffere. Bemanningen er strammere, og flere barselavdelinger bemannes av sykepleiere uten jordmorutdanning. Det gjør at jordmødrene må toppe laget, om man kan kalle det det, med større ansvar og flere krevende vakter. Det flere jordmødre beskriver til meg, er en sterkere og sterkere følelse av utilstrekkelighet på jobben. Ifølge Helsedirektoratet vurderer én av fem jordmødre å slutte, og blant nyutdannede vurderer nesten halvparten å forlate yrket. En fødeavdeling kan ikke eksistere uten jordmor – heller ikke barselavdelingen. Det er ikke forsvarlig å ha for få jordmødre. Det skaper utrygghet og potensielt farlige situasjoner for mor og barn. Da må jordmødrene ha flere kollegaer. Derfor mener FrP at det trengs flere utdanningsplasser og bedre lønns- og arbeidsvilkår, slik at jordmødre ønsker både å begynne og å bli i yrket. Mens fødselsomsorgen som nevnt er god, halter det i barseltiden. Altfor mange kvinner står alene i en av livets mest sårbare overganger. Én av åtte opplever at tiden etter fødsel er vanskelig. Den amerikanske barnelegen Harvey Karp lanserte begrepet fjerde trimester for om lag 20 år siden, der de tre første månedene etter fødsel beskrives som en forlengelse av svangerskapet, en periode der både mor og barn skal tilpasse seg livet etter fødsel. Tvil, usikkerhet og bekymring er normalt, men for noen glir det over i noe mer alvorlig. Når oppfølgingen svikter, øker risikoen for mor, barn og hele familien. Likevel får én av tre ikke besøk hjemme av jordmor etter fødsel. På sommeren er det enda færre, bare halvparten fikk besøk, og det er ikke godt nok. Fremskrittspartiet mener dette er tiden for å møte opp, for vi vet at god barselomsorg forebygger plager, styrker tilknytningen og legger grunnlaget for barnets utvikling de kritiske tusen første dagene. På spørsmål om utbytte av besøket, at jordmor kom hjem og møtte mor og barnet, svarte hele 60 pst. av de nybakte mødrene at de hadde stort eller svært stort utbytte av besøket. Det understreker bare viktigheten av at jordmor kommer på hjemmebesøk etter fødsel. Manglende oppfølging kan bli dyrt menneskelig sett, for mor, barn og familie, men også samfunnsøkonomisk sett med tanke på tilknytningen til arbeidslivet senere. Fødsel og barsel handler om starten på et nytt liv, starten på livet som foreldre. For å sikre trygghet, kvalitet og en god start på livet må vi satse på dem som står midt i det, nemlig jordmødrene. Det er grunnlaget for interpellasjonen, og jeg lurer på hvordan regjeringen vil bidra til å sikre en trygg barselomsorg."
2026-02-24,refs-202526-02-24,Møte tirsdag den 24. februar 2026,Statsråd Jan Christian Vestre,NA,NA,hovedinnlegg,"Statsråd Jan Christian Vestre [13:09:46]: Takk til interpellanten. La meg først si at kvinner skal være trygge på at de får god og sammenhengende omsorg og oppfølging gjennom hele svangerskaps-, fødsels- og barseltiden. Vi vet at de tusen første dagene, fra svangerskapets start til barnet er to år, er svært viktige for både familien og barnet. Jeg er glad for at interpellanten i sitt innlegg også understreker at Norge er et av verdens tryggeste land å føde i. Og så er det alltid slik at vi kan bli bedre. En fødsel er en stor og viktig hendelse og betyr ofte store omveltninger for en familie. Vi vet at denne tiden betyr mye. Det som er trygt, er ikke alltid godt, og det som er trygt, er ikke alltid det beste. Derfor er vi enige i at det er forbedringspotensial. Derfor har regjeringen lagt fram en tipunktsplan for en bedre svangerskaps-, fødsels- og barselomsorg, og vi er i full gang med å følge opp denne planen. Planen rommer tiltak som bedre ammeveiledning, rett til å ha med partner under fødsel, bedre forhold for de ansatte gjennom ansvars- og oppgavedeling, kompetanseutvikling og planer for å rekruttere og beholde jordmødre. En mer tverrfaglig helsestasjon inngår også. Flere deler av planen er allerede gjennomført. Helsedirektoratet har på oppdrag fra Helse- og omsorgsdepartementet gjennomført brukererfaringsundersøkelser om svangerskaps-, fødsels- og barselomsorgen. Disse undersøkelsene gir verdifulle tilbakemeldinger, og de gir også en indikasjon på hva vi bør prioritere framover. Heldigvis viser brukererfaringsundersøkelsene i all hovedsak gode resultater, men det er rom for forbedring, særlig innenfor barselomsorgen. Ivaretakelsen av mors helse må også bli bedre. Jeg tar på alvor at ansatte rapporterer om økt arbeidspress i føde- og barselavdelingene på sykehus. Det er helseforetakene våre som har ansvaret for at fødetilbudet er forsvarlig, og de må også sørge for at det er en forsvarlig bemanning. Regjeringen jobber nå med Helsepersonellplan 2040. Dette skal være en konkret plan for hvordan vi kan sikre tilstrekkelig helsepersonell fram mot 2040, for å rekruttere og beholde personell er et sentralt tema som vi alle har et ansvar for. Totalt er det bevilget 1,16 mrd. kr av rammetilskuddet til kommunene i 2026 som er begrunnet med behovet for å styrke og utvikle helsestasjons- og skolehelsetjenesten. Gjennom det helt nye tilskuddet «program for forebygging for barn og unge» er det avsatt over en halv milliard kroner til tiltak som også omfatter helsestasjons- og skolehelsetjenesten. Det er også etablert et eget kompetansemiljø ved Folkehelseinstituttet for helsestasjons- og skolehelsetjenesten. Flere kvinner etterspør en mer sammenhengende tjeneste med mer omsorg og mindre samlebånd. Derfor må vi få i gang flere forsøk mellom kommuner og sykehus for å prøve ut nye løsninger, som for eksempel Min jordmor i Drammen og Prosjekt X i Oslo, der byrådet og regjeringen har gått sammen om å jobbe for at alle som føder i Oslo, skal ha et sammenhengende tilbud. Helsedirektoratet har sendt på høring utkast til reviderte retningslinjer for barselomsorgen, og her er det et eget kapittel om barselkvinnens helse. I retningslinjen er det anbefalt at helseforetaket bør legge til rette for at barselkvinnen kan henvende seg direkte til barselavdelingen uten henvisning minimum en uke etter hjemreise. Helseforetakene har fått i oppdrag å etablere rutiner for dette. Vi vet at hjemmebesøk er både nyttig og faglig anbefalt. Samtidig tror jeg ikke veien til bedre velferdstjenester alltid er å innføre nye rettigheter og lovpålagte oppgaver. Kommunene har vært tydelige på at de ønsker mer fleksibilitet i hvordan de organiserer tilbudet til innbyggerne sine. Derfor mener vi løsningen er å bruke de ressursene vi har i tjenestene, bedre enn i dag. Det er en nøkkeloppgave for alle politikere, både lokalt og nasjonalt. Derfor er jeg glad for at vi nå også ser stadig nye forslag og tiltak som gjennomføres med tanke på hvordan vi kan styrke dette tilbudet til innbyggerne våre."
2026-02-24,refs-202526-02-24,Møte tirsdag den 24. februar 2026,Julia Brännström Nordtug,FrP,Right,hovedinnlegg,"Julia Brännström Nordtug (FrP) [13:14:30]: Først vil jeg takke statsråden for et godt svar. Jeg er glad for mange av de tiltakene statsråden nevner som retter seg mot fødende og kvinner i barsel, men det er likevel mye som står på spill på en fødestue. Derfor strekker også veldig mange av de ansatte på fødeavdelingen seg veldig langt for at det skal gå trygt, ryddig og ordentlig for seg, og at det skal være en god opplevelse med det beste utfall – naturligvis. Det gjør også at det i andre enden kan bli veldig vanskelig å følge opp på barsel, for man strekker ikke alltid til begge steder når det mangler folk. Statsråden nevner også flere tiltak, bl.a. å sikre nok jordmødre, både at det kommer nye jordmødre til, og at vi skal beholde dem vi har. Utfordringen er også at det ikke kommer noen konkrete tiltak, og det er kanskje det jeg savner. Det vi snakker mye om, er mangelen på helsepersonell. Da snakker vi ofte om leger og sykepleiere. Vi snakker sjeldnere om dem som skal ta imot neste generasjon, helt bokstavelig talt. Mangel på jordmødre har vært en utfordring over flere år, men det har manglet tiltak. Hver tredje jordmor i helse- og sosialtjenestene er nå 55 år eller eldre, så dette er en utfordring som ikke kommer til å bli mindre med tiden, den kommer tvert imot til å eskalere. Vi kommer til å trenge mange flere innen relativt kort tid. Tall vi har etterspurt og fått, viser at det i 2024 var 1 861 kvalifiserte søkere til jordmorutdanning i Norge, men det ble tatt opp 195. Det er et stort og betydelig gap. Noen av de som kommer inn, får også utdanningen sin finansiert av helseforetaket, noe vi mener er veldig bra. Hva tenker statsråden om utdanningstilbudet til jordmødre? Er det tilstrekkelig, eller vil han jobbe for flere plasser, kanskje flere studiesteder? Hva tenker statsråden om hvordan vi skal løse mangelen på jordmødre som kommer innen relativt kort tid? Til slutt vil jeg bare nevne tilskuddsordningen statsråden også tok opp i sitt innlegg. Det er klokt og bra at vi har gode tilskuddsordninger som retter seg mot forebyggende tjenester i kommunen. Utfordringen med den omleggingen er bare at det forsvant 50 mill. kr på veien. Man rører også flere profesjoner sammen. Jeg mener – og det tror jeg jeg har flere i ryggen på – at en helsesykepleier ikke kan dekke opp for en jordmor på hjemmebesøk etter fødsel. Selv om man ønsker en bedre koordinering, er ikke dette sammenfallende."
2026-02-24,refs-202526-02-24,Møte tirsdag den 24. februar 2026,Statsråd Jan Christian Vestre,NA,NA,hovedinnlegg,"Statsråd Jan Christian Vestre [13:17:34]: Interpellanten spør bl.a. om hva vi vil gjøre for å sikre at det er nok jordmødre. Det er et godt og viktig spørsmål. Vi har økt utdanningskapasiteten for jordmødre. Det ser vi har positiv effekt. Jeg er åpen for at den kapasiteten kan utvides ytterligere. Det er også mulig at vi skal se på mer desentraliserte utdanningstilbud, der en kan ta jordmorutdanning og spesialisering også andre steder i landet vårt, for vi vet vi kommer til å trenge flere jordmødre framover. Det er veldig viktig at vi i større grad klarer å ta vare på dem vi faktisk har. Der redegjorde jeg for noen av de tiltakene vi har satt i gang. For eksempel har vi stor tro på de forsøkene som nå gjennomføres, med nye måter å organisere dette tilbudet på. Jeg tror flere av oss har vært i Drammen og snakket med jordmødrene der, som er en del av prosjektet Min jordmor. De forteller at arbeidsbelastningen har gått ned, sykefraværet har gått ned, mammaene og pappaene er fornøyde, og de små så ganske fornøyde ut de også, skal jeg være helt ærlig. Det er bl.a. fordi jordmødrene som er kommunalt ansatt og ansatt i sykehus, nå deler på å gå tyngre vakter. Da blir belastningen mindre på flere. Det er også en faglig tilfredsstillelse i å få følge mammaene gjennom hele svangerskapet, gjennom fødsel og i barselperioden etterpå. Jeg tror dette prosjektet kommer til fortsatt å være vellykket. Nå får vi testet det ut i stor skala også i Oslo. I Prosjekt X har vi også et eget prosjekt på Voss som handler om kvinnehelse. Jeg heier på innovative kommuner og innovative sykehus også i distriktene, som tester ut nye måter å jobbe på. Regjeringen vil ta dette inn i arbeidet med en ny helhetlig helsereform. Hvis dette lykkes, mener jeg det skal bli den nye standarden for en sammenhengende svangerskaps-, fødsels- og barselomsorg. I tillegg til det handler dette om bedre ansvars- og oppgavedeling. Vi vet at en del jordmødre, spesielt på sykehus, i dag gjør oppgaver andre yrkesgrupper kunne ha gjort. Derfor har vi gitt sykehusene i oppdrag å få på plass bedre ansvars- og oppgavedeling. Vi har satt i gang et stort arbeid med å fjerne tidstyver, for vi vet for mye av tiden til jordmødrene går med til byråkrati, plunder og heft, å fylle ut skjemaer – administrative oppgaver som ikke har noe som helst med jordmorfaget å gjøre, men som tar verdifull tid og kompetanse bort fra kjerneoppgavene. Vi gjennomfører nå prosjekter for å få på plass mer individuelle turnusordninger, flere heltidsstillinger, kompetanseutvikling og mer fleksible arbeidstidsordninger. Vi ser at jordmødrene er i ulike livsfaser og har andre preferanser enn det generasjonen før hadde. Da må vår felles helsetjeneste også tilpasse seg dette. I arbeidet med helsepersonellplanen, som jeg håper og tror at mange partier på Stortinget vil være med på, vil vi kunne lage en forpliktende plan for de neste 15 årene for hvordan vi skal sikre nok helsepersonell, herunder tilgangen på jordmødre."
2026-02-24,refs-202526-02-24,Møte tirsdag den 24. februar 2026,Margret Hagerup,H,Right,hovedinnlegg,"Margret Hagerup (H) [13:23:24]: Jeg må også takke begge interpellantene i dag for gode interpellasjoner. De engasjerer tydeligvis, og det er bra. Jeg ble mor for første gang i 2009. Det forandret livet mitt. Jeg er takknemlig for at jeg har fått føde i Norge, et av verdens tryggeste land å føde i. Vi har høy kompetanse, lav mødre- og spedbarnsdødelighet og dedikerte fagfolk i hele landet. Tryggheten må likevel ikke tas for gitt. Selv om fødselstilbudet holder høy kvalitet, ser vi at barselomsorgen svikter for mange. Én av tre kvinner får ikke hjemmebesøk av jordmor etter fødsel – et besøk som kan forebygge komplikasjoner, fange opp fødselsdepresjon og gi støtte i en sårbar fase. Det må være en sammenhengende trygghet fra svangerskap, gjennom fødsel og inn i barseltiden, men under Støre-regjeringen opplever for mange kvinner at tryggheten stopper idet de reiser hjem fra sykehuset. Samtidig rapporterer jordmødre om en stadig mer krevende arbeidshverdag. Når hver femte jordmor vurderer å slutte og nesten halvparten av nyutdannede vurderer det samme, har vi en utfordring. Vi kan ikke utdanne oss ut av en krise hvis erfarne fagfolk forsvinner ut bakdøren fordi arbeidsbelastningen blir for stor. Det handler om prioriteringer. Mens tuttifrutti-koalisjonen har brukt milliarder på reverseringer og billigere tannhelse til friske unge voksne, står barselomsorgen i en vanskelig situasjon. Vi i Høyre prioriterer annerledes. I vårt alternative budsjett legger vi rammene for en tjeneste der pasienten settes først, ikke systemet. Dagens finansieringsmodell fungerer dårlig. Innsatsstyrt finansiering er egnet for planlagte inngrep som kneoperasjoner – ikke for fødsler, som skjer når de skjer, og med varierende behov. Høyre vil ha rammefinansiering for føde- og barselomsorgen, slik at sykehusene kan bemanne riktig og jordmødrene får nødvendig handlingsrom. Vi må også sørge for at kommunene faktisk leverer det de skal. Hjemmebesøk er avgjørende for å oppdage infeksjoner, psykiske plager og andre komplikasjoner. Likevel gjennomføres det ikke for alle. Høyre vil styrke jordmortjenesten i kommunene og bygge robuste fagmiljøer, uavhengig av hvor trang kommuneøkonomien er under denne regjeringen. Oppfølgingen av kvinnekroppen etter fødsel må også få større oppmerksomhet. Babyen innkalles til regelmessige kontroller på helsestasjonen, mens mor selv må huske å bestille seksukerskontroll hos fastlegen. Delte magemuskler, bekkenproblemer, framfall av livmor og andre mer eller mindre vanlige plager får ofte lite oppfølging, til tross for at dette kan gi langvarige problemer og redusert livskvalitet. Fysioterapeuter kan spille en avgjørende rolle her for å forebygge problemer, redusere smerter og gi bedre livskvalitet på sikt. Barseltiden handler også om mer enn det medisinske. Mange kvinner forteller om ensomhet, usikkerhet og manglende informasjon. Noen reiser tidlig hjem, ikke fordi de ønsker det, men fordi kapasiteten er presset og forholdene ikke ligger til rette for et godt opphold. Når nye sykehus bygges, må det planlegges for rom med plass til mor, barn og partner. Trygghet og privatliv er ikke luksus, det er en del av god pasientbehandling. Høyre vil lovfeste retten til å ha med en selvvalgt støtteperson under svangerskap og fødsel og i barseltiden. Ingen skal sendes hjem uten at det er avklart i samråd med kvinnen selv. Vårt prinsipp er at ingen beslutninger skal tas om deg uten deg. Samtidig er oppfølging av mødres psykiske helse kritisk. Tilbudet til kvinner med fødselsdepresjon er fragmentert, tilfeldig og mangelfullt. Mange faller mellom alle stoler, og kunnskapen blant dem som skal hjelpe, er for lav. Et tett samarbeid mellom helsestasjon, fastlege og psykisk helsevern er en del av løsningen. Vi må slutte å skille mor og barn uten at det er helt nødvendig, og vi må sikre at de som har behov, får riktig hjelp tidlig. Barselomsorg handler om starten på et nytt liv – for barnet, for mor og far og for familien. Tilbudet skal ikke være tilfeldig, og det skal ikke variere med bosted. Regjeringen må sikre trygg, forutsigbar og faglig sterk barselomsorg i hele landet. Jeg har vært så heldig å oppleve fødselstilbudet i Norge flere ganger. Jeg har opplevd det to ganger i juli, som er selve høysesongen. Jeg må si at i 2009, første gang, var jeg slått ut i mange uker. Senere gikk det bedre, men en av de siste gangene måtte jeg hyppig innom helsestasjonen for å få hjelp til amming. Ingen fødsler, ingen kvinner og ingen historier er like. Derfor er det også viktig at en legger til rette for at en kan få den hjelpen en trenger, når en trenger det. Med riktige rammer og kompetente fagfolk kan barselomsorgen gi alle kvinner en trygg start på foreldreskapet. Det kan det faktisk bli flere barn av."
2026-02-24,refs-202526-02-24,Møte tirsdag den 24. februar 2026,Julia Brännström Nordtug,FrP,Right,hovedinnlegg,"Julia Brännström Nordtug (FrP) [13:39:13]: Takk til statsråden for deltakelse i debatten, og takk til de andre som også har bidratt til å belyse et veldig viktig tema. Jeg må si det er bra at enkelte grep er i gang fra regjeringens side for bedre fødsels- og barselomsorg, men FrP frykter og tror at det ikke er tilstrekkelig. Det første gjelder økonomi. Sykehusøkonomien og kommuneøkonomien må styrkes for at dette i det hele tatt skal kunne prioriteres. Barselomsorgen ryker når mer livstruende tilstander må prioriteres. Derfor mener vi, som nummer to, at lovfesting er helt nødvendig. Risikoen øker når det mangler oppfølging, både for mor og for barn. Det tredje er at utdanningstilbudet må styrkes, kanskje også med flere studiesteder, som statsråden var noe positiv til. Det er jeg glad for, men når én av tre jordmødre i dag er over 55 år, står det en personellkrise på trappene i norske sykehus og på norske fødeavdelinger. Det må vi ta på alvor. Når samtidig halvparten av de nyutdannede vurderer å slutte i yrket, er det tall vi må ta på alvor. Tusen takk for debatten."
2026-02-24,refs-202526-02-24,Møte tirsdag den 24. februar 2026,Statsråd Jan Christian Vestre,NA,NA,hovedinnlegg,"Statsråd Jan Christian Vestre [13:40:50]: Jeg vil takke for en god debatt, og det er også bra at flere partier engasjerer seg her. Da jeg la fram regjeringens tipunktsplan for å styrke svangerskaps-, fødsels- og barselomsorgen for ni–ti måneder siden, var det etter omfattende innspillsrunder fra organisasjonene, fagforeningene, Jordmorforeningen, Jordmorforbundet og pasient- og brukerorganisasjonene, som alle var veldig tydelige på at mye fungerer bra. Men det er noen særskilte utfordringer vi må ta tak i. De ti punktene vi la fram, er å øke bruken av «caseload midwifery» – altså Min jordmor – og vurdere forløpsfinansiering, styrke ammeveiledningen, rett til å ha med partner under fødsel, gjennomføre brukerundersøkelser, bedre oppgavedeling, mer fleksible arbeidstidsordninger og noe vi ikke har snakket om i dag, men som også er innspill vi fikk fra en del som har født, som er at det er for dårlige anbefalinger om behandling av ruptur og rifter etter fødsel, særlig rifter av grad 1 og 2. Videre er punktene å ta i bruk Kjenn liv, fra LUB, mer tverrfaglig oppfølging på helsestasjonen samt å bevare dagens fødetilbud. Alle disse ti punktene er vi i full gang med å gjennomføre. På samtlige av disse ti punktene har vi god framdrift, og noen av dem er allerede utkvittert. Min hovedprioritering framover kommer til å være å påse at denne tipunktsplanen følges opp til punkt og prikke, sånn vi har sagt det. Så er jeg selvfølgelig åpen for at vi kan vurdere ytterligere tiltak, og da er jeg opptatt av at de må være godt forankret i fagorganisasjonene, blant fagfolkene, de som er tettest på, og som vet hvor skoen trykker. Så har jeg bare lyst til å understreke at det er veldig positivt at brukerundersøkelsen – jeg tror den gikk ut til nesten 20 000 kvinner – i stort er veldig positiv. Vi ser at det er noen forbedringsområder, som vi er i gang med å ta tak i. Noe av dette handler om oppfølging etter fødsel. Det er riktig, som det blir sagt av flere, at om lag en tredjedel ikke har hatt hjemmebesøk av jordmor etter fødsel, men vi må huske på at det kun er 10 pst. som ikke har hatt besøk av verken jordmor eller helsesykepleier. Ni av ti kvinner får hjemmebesøk. Det er også damer som har født som ikke ønsker hjemmebesøk. Noen har kanskje født flere ganger, vet hva dette dreier seg om, og føler de har god kontroll – ting går bra, og de har ikke lyst på dette besøket. Så det kan være ulike grunner til at man ikke når 100 pst. Ni av ti får altså besøk, og det gjennomføres også kontroller i tråd med de faglige retningslinjene. Jeg vil selvfølgelig ikke sette meg opp mot Stortinget når det gjelder ytterligere lovfesting, men jeg advarer bare litt mot at det ikke nødvendigvis vil løse problemene våre. Og hvis en sånn lovfesting tar bort jordmorkompetanse og kapasitet fra de familiene som trenger det aller mest, risikerer vi faktisk å gjøre situasjonen verre for dem som trenger hjelp. Det må vi i hvert fall tenke veldig nøye igjennom før vi gjør det."
2026-04-22,refs-202526-04-22,Møte onsdag den 22. april 2026,Statsråd Jan Christian Vestre,NA,NA,hovedinnlegg,"Statsråd Jan Christian Vestre [10:02:40]: Heldigvis har vi i Norge en av de beste velferdsystemene i verden. Vi har veldig gode helse- og omsorgstjenester. Vi behandler rekordmange pasienter på sykehusene våre. Vi bygger ut eldreomsorgen. Vi har snudd en krise i fastlegeordningen til at vi aldri har rekruttert flere fastleger enn nå. Ventetidene ved norske sykehus går ned måned for måned. Vi investerer stort i vår felles helsetjeneste – 118 mrd. kr bare de siste fem årene i nye bygg, ny teknologi og nye løsninger. Vi legger snart fram en helsepersonellplan som skal sikre at Norge har nok fagfolk i tjenestene framover, og vi fornyer og forsterker og forbedrer alle deler av velferden vår. Vi må også ha en saklig og ærlig diskusjon om hvordan vi bruker penger, og Norge er på verdenstoppen i budsjetter knyttet til helse. Vi har også mer personell i vår helsetjeneste enn veldig mange andre land. Da må vi av og til stoppe litt opp og stille oss spørsmålet: Bruker vi disse ressursene på best mulig måte? Får vi mest mulig helse ut av de kronene vi bevilger, som er skattebetalernes penger? Og det viktigste: Bruker vi helsepersonellet vårt på en god måte? Når jeg møter leger, sykepleiere, helsefagarbeidere, portører, helsesekretærer, bioingeniører og alle andre, forteller de meg at vi har fått et helsevesen der mye er bra, men det har også blitt for mange unødvendige oppgaver – unødvendige kontroller, unødvendige, rapporteringer, datasystemer som ikke snakker sammen, og økte krav til byråkrati, noe som stjeler tid fra det fagfolkene vil bruke mer av tiden sin på. Hvis vi klarer å frigjøre 30 minutter hver dag av den tiden leger og sykepleiere bruker på oppgaver de selv mener er unødvendige, er det altså 4 500 årsverk vi kan bruke på kortere ventetider, bedre pasientbehandling, lavere arbeidsbelastning og mindre sykefravær, uten at vi må bevilge en eneste krone ekstra fra oljefondet. Det er den debatten jeg mener at alle ansvarlige politikere og alle ansvarlige partier her på Stortinget er nødt til å ta i årene framover."
2026-04-22,refs-202526-04-22,Møte onsdag den 22. april 2026,Statsråd Jan Christian Vestre,NA,NA,replikk,"Statsråd Jan Christian Vestre [10:05:31]: Alle nye metoder vurderes ut fra prioriteringskriteriene: Hvor alvorlig er sykdommen og tilstanden? Hvor stor nytte vil pasienten ha av behandling? Hvor ressurskrevende er det? Det er bredt flertall på Stortinget om at det er slik vi skal vurdere nye metoder. Norge ligger ikke bak andre land – snarere tvert imot. Vi tar i bruk like mye metoder som andre land. Vi ligger til dels foran våre naboland på nye metoder, og vi har også markant redusert saksbehandlingstiden for å godkjenne nye metoder under denne regjeringen, akkurat som vi har fått ned sykehuskøene og ventetidene. Representanten får ikke slippe så billig unna, for representanten sa at FrP er villig til å ta alle debatter om hva vi kan gjøre annerledes i helse. Vel, fra oktober til nå har jeg ikke ett eksempel på noe Fremskrittspartiet har foreslått at vi skal gjøre mindre av. Snarere tvert imot fremmes det en lang rekke forslag, uten inndekning, til hva vi skal bruke mer penger på: 500 mill. kr mer til rehabilitering, som sykehusene mener de ikke trenger, Helseplattformen skal avskaffes til 10–15 mrd. kr ekstra uten prioritering, og vi skal si ja til alle nye medisiner og alle nye metoder, uten å prioritere. Sånn hopp-og-sprett-politikk kan vi ikke styre et land etter."
2026-04-22,refs-202526-04-22,Møte onsdag den 22. april 2026,Julia Brännström Nordtug,FrP,Right,replikk,"Julia Brännström Nordtug (FrP) [10:12:42]: Hver krone brukt på helse bør brukes klokt, slik at flest mulig pasienter får best mulig behandling. I dag venter titusenvis av pasienter over hele landet på sykehusbehandling. For mange innebærer ventetiden at de trenger sykepenger eller arbeidsavklaringspenger, en forverret helsesituasjon og store belastninger både for den enkelte og deres pårørende. Samtidig er betydelig behandlingskapasitet ubrukt ved private sykehus i Norge. Vestre uttalte før jul at regjeringen vil gi helseforetakene i oppdrag å inngå flere langsiktige avtaler med private aktører i 2026, med mål om å få ned ventetidene. Det var et gledelig julebudskap. Kan statsråden redegjøre for hvor mange somatiske avtaler de regionale helseforetakene har inngått med private som en følge av oppdragsbrevet for 2026?"
2026-04-22,refs-202526-04-22,Møte onsdag den 22. april 2026,Statsråd Jan Christian Vestre,NA,NA,replikk,"Statsråd Jan Christian Vestre [10:13:44]: La meg først få begynne med resultatet, for jeg tror det er det som er viktig for folk flest. Hvor mange avtaler staten inngår, er underordnet for dem som står i helsekø og venter på en kneoperasjon, hofteoperasjon, operasjon mot framfall av livmor, kataraktoperasjon, høreapparat – uansett hva det skulle være. Det siste året har ventetidene ved norske sykehus gått ned med 16 dager, og det er flere titusen færre i helsekø gjennom Ventetidsløftet. Vi fikk nettopp tall fra Folkehelseinstituttet som viser at også de såkalte interne ventelistene, altså tiden det tar til f.eks. operasjon, nå er de laveste på to år. Tid til tjenestestart er det laveste på to år, og det fortsetter nedover. Dette er jo veldig bra, og det er takket være fremragende helsepersonell og dyktige ledere i sykehusene. Så er vi absolutt ikke i mål, og ventetidene skal fortsatt ned. Det er fortsatt altfor mange som venter altfor lenge. Den planen vi har lagt, kommer vi til å følge, for den gir resultater. Den innebærer et godt samarbeid med de offentlige, som nå har størsteparten av ansvaret, og de private som har ledig kapasitet."
2026-04-22,refs-202526-04-22,Møte onsdag den 22. april 2026,Julia Brännström Nordtug,FrP,Right,replikk,"Julia Brännström Nordtug (FrP) [10:14:48]: Svaret på spørsmålet mitt er ingen. Så vidt vi kjenner til, er det ikke er inngått en eneste avtale. Det er kun utlyst noen få avtaler med lavt pasientvolum over korte tidsintervaller. Dermed framstår egentlig Vestres budskap før jul mer som et hyggelig julebudskap enn faktisk politisk handlekraft. I den samme julegaven lå en relansering av fritt sykehusvalg, også den med en flott innpakning og store, vakre ord. Men den reelle verdien av pasientens frie valg svekkes betydelig når sykehusene ikke oppdaterer ventelistene på helsenorge.no, altså de reelle tidene, og ventetider på flere fagområder ikke er oppgitt i det hele tatt. Hvordan vurderer statsråden pasientens faktiske og reelle mulighet til å velge behandlingssted når dette er forutsetningene for pasienten?"
2026-04-22,refs-202526-04-22,Møte onsdag den 22. april 2026,Statsråd Jan Christian Vestre,NA,NA,hovedinnlegg,"Statsråd Jan Christian Vestre [10:15:43]: For det første er det inngått avtaler også helt nylig med private. Det er positivt, men det viktigste er jo hva vi gjør der flesteparten av pasientene få behandling, nemlig de offentlige sykehusene: bedre ansvars- og oppgavedeling, bedre logistikk, bedre pasientforløp, mer effektive behandlingsmetoder, fange tidstyver, få til tidsbesparende prosesser – det er jo dette som gir varige effekt i helsetjenesten vår. Jeg bare konstaterer at ventetidene har gått kraftig ned. Jeg er veldig glad for det på vegne av pasientene som nå får raskere helsehjelp, og så er jeg like utålmodig med tanke på dem som fortsatt venter. Det som ble sagt om fritt sykehusvalg, var som å høre min egen helsetale på Drammen sykehus i januar i år. Representanten bruker akkurat de samme ordene jeg brukte. Dette er problemstillinger vi er klar over, og som vi har satt i gang arbeidet med. Som representanten vet, kommer vi før sommeren til både å lansere det nye ventetidstallet og relansere det såkalte fritt sykehusvalg, som Arbeiderparti-regjeringen innførte for 25 år siden, som vi nå vil fornye, forsterke og forbedre."
2026-04-22,refs-202526-04-22,Møte onsdag den 22. april 2026,Julia Brännström Nordtug,FrP,Right,replikk,"Julia Brännström Nordtug (FrP) [10:16:47]: Statsråden viser til noen få avtaler som er inngått, men det statsråden ettertrykkelig sa, var langsiktige avtaler med private aktører. Det er ikke inngått, og det er underlig å stå i landets største avis og holde velgerne for narr. Det er ikke reelt fritt sykehusvalg i Norge. Det er ikke kjøpt noe særlig privat kapasitet for å få ned ventetidene, og sannheten er at hundretusenvis av norske pasienter behandles på private sykehus hvert eneste år, betalt av den enkeltes lomme. Hele 75 pst. av Volvats 400 000 pasienter betaler det selv, ikke av private helseforsikringer, ikke av det offentlige. Så Vestres ventetidsløfte inneholder egentlig det samme som før. Har du råd, kan du betale selv og kjøpe deg den kapasiteten, har du ikke råd, må du vente. Det er et todelt helsevesen helseministeren styrer mot, som bør bekymre flere enn bare Fremskrittspartiet. Har statsråden tenkt å gjøre alvor av egne ord og inngå langsiktige avtaler med private aktører og faktisk benytte kapasiteten? Hvis svaret er ja: hvordan?"
2026-04-22,refs-202526-04-22,Møte onsdag den 22. april 2026,Statsråd Jan Christian Vestre,NA,NA,replikk,"Statsråd Jan Christian Vestre [10:17:53]: Igjen konstaterer jeg altså: Ventetidene går ned måned for måned. Ventetidsløftet har hatt usedvanlig stor effekt. Jeg vet ikke om noen eksempler i nyere tid på at man, etter å ha satt et sånt mål, fått med seg alle partene i arbeidslivet, fagforeningene og arbeidsgiverne, sykehus i offentlig, ideell og privat sektor, har klart å kutte ventetider like raskt. Det burde også Fremskrittspartiet glede seg litt over. Jeg registrerer at Fremskrittspartiet nå leser opp en lang rekke av de tiltakene jeg har varslet, og som jeg er i gang med å gjennomføre, og spør hva jeg skal gjøre med det jeg selv har sagt jeg skal gjøre. Da kan jeg berolige representanten med å si at vi er i rute. Alt går i henhold til plan, og vi kommer til å få dette målet til, det er jeg helt sikker på. Fremskrittspartiet sa at vi ikke kom til å løse fastlegekrisen, men vi har fikset det. Fremskrittspartiet sa at vi ikke kom til å få ned ventetiden, men vi har fått det. Kanskje Fremskrittspartiet snart skal begynne å tenke på å legge noen egne forslag på bordet."
2026-04-22,refs-202526-04-22,Møte onsdag den 22. april 2026,Erlend Svardal Bøe,H,Right,replikk,"Erlend Svardal Bøe (H) [10:19:11]: I forrige uke slo Riksrevisjonen fast at barn og unge ikke får den tilstrekkelige hjelpen de trenger når det gjelder psykisk helse – med for store variasjoner i hjelpetilbudet, svikt i samarbeidet mellom kommuner og sykehus, og kritikk av regjeringen for ikke å sikre barn og unge den hjelpen de har behov for. Vi ser også lange ventetider for å få hjelp med spiseforstyrrelser, en økning i antall unge som blir avvist i psykisk helsevern, og kutt i hjelpetilbudet i sykehusene på grunn av dårligere sykehusøkonomi. Det er ikke sånn vi skal behandle barna våre, der vi fører en politikk som øker risikoen for utenforskap i landet vårt. På arbeiderpartiet.no kan vi lese at det er helt nødvendig med et krafttak for unges psykiske helse. Hva er grunnen til at Arbeiderpartiet, etter fem år i regjering, har sviktet så tydelig i å gi barn og unge den hjelpen de trenger når det gjelder psykisk helse?"
2026-04-22,refs-202526-04-22,Møte onsdag den 22. april 2026,Statsråd Jan Christian Vestre,NA,NA,replikk,"Statsråd Jan Christian Vestre [10:20:08]: Jeg er lei meg for at det er for mange barn og unge som ikke har et godt nok tilbud innenfor psykisk helsevern i dag. Vi så en tydelig økning i antallet unge som rapporterer om dårlig psykisk helse, etter pandemien. Heldigvis ser vi at de tallene flater litt ut. For noen grupper går tallene litt ned, men det er fortsatt et stort samfunnsproblem, og det går ut over mange mennesker som har hele livet foran seg. Det er grunnen til at regjeringen la fram en opptrappingsplan for psykisk helse på 3 mrd. kr over ti år. Vi er nå snart kommet halvveis i den opptrappingen. Vi ser at det nå bygges ut lavterskeltilbud i landets kommuner, og der har det vært en kraftig økning. Vi ser at behandlingstidene innenfor spesialisert behandling går ned. Vi gjennomfører nå endringer, bl.a. med «én vei inn» til psykisk helse, som gjør at ingen skal avvises og ingen skal bli kasteballer i systemet. Vi jobber også med å bedre samhandlingen mellom kommunene og sykehusene. Betyr dette at vi er i mål? Nei. Betyr det at vi må jobbe enda mer med dette framover? Ja."
2026-04-22,refs-202526-04-22,Møte onsdag den 22. april 2026,Statsråd Jan Christian Vestre,NA,NA,replikk,"Statsråd Jan Christian Vestre [10:22:16]: Dette er et veldig alvorlig tema, men jeg må bare si at det er litt oppsiktsvekkende hvor omtrentlig Høyre har blitt med tall i det siste, for her sammenlignes epler og pærer. Vi bruker langt mer på psykisk helsevern og behandling av psykisk syke pasienter enn den opptrappingsplanen på 3 mrd. kr. Man kan altså ikke sammenligne disse tallstørrelsene, og det bør representanten vite. Før hadde i hvert fall Høyre ganske god kontroll på disse tallene, kanskje ikke lenger. Vi må gjøre mer, og vi skal gjøre de tingene som virker. Når vi nå f.eks. har stoppet nedbyggingen av døgnplasser i psykisk helsevern og ser en økning i antallet, som skal betydelig opp framover, er det positivt. Når vi har gått fra at 55 pst. av kommunene hadde lavterskeltilbud innenfor psykisk helse i 2024, til nå å dekke sju av ti kommuner, ja, da er det positivt. Og når ventetidene går ned, slik at flere barn og unge får behandling raskere, er det positivt. Da trenger vi ikke hopp og sprett, da må vi gjøre mer av det som virker, og ha langsiktighet."
2026-04-22,refs-202526-04-22,Møte onsdag den 22. april 2026,Statsråd Jan Christian Vestre,NA,NA,replikk,"Statsråd Jan Christian Vestre [10:24:45]: Med all respekt: Jeg tror ingenting av det som representanten her sa, er det jeg har sagt, og det er heller ikke det som står i dette intervjuet. Det jeg sier, er at framover må alle deler av norsk politikk belage seg på at vi må prioritere mer. Alle problemer kan ikke løses bare med mer penger, både fordi statens utgifter etter hvert vil bli større enn statens inntekter, og også fordi vi mangler personell, og det kan vi ikke bevilge oss ut ifra. Vi må også stille oss spørsmålet: Hvordan kan vi få mer helse ut av hver krone? Det jeg er veldig stolt over at denne regjeringen har fått til, i veldig godt samarbeid med Senterpartiet og de andre rød-grønne budsjettpartnerne, er at vi faktisk har levert en ordentlig realvekst i sykehusenes budsjetter. Det har gjort omstillingen enklere. Det har gjort det mulig å få ned ventetidene, og det har gjort det mulig å investere stort i ny teknologi og nye sykehusbygg. Vi skal fortsatt prioritere vår felles velferd, men vi kan ikke belage oss på at veksten framover blir like stor som den har vært de forrige årene."
2026-04-22,refs-202526-04-22,Møte onsdag den 22. april 2026,Kjersti Toppe,Sp,Center,replikk,"Kjersti Toppe (Sp) [10:25:51]: Eg går ut frå at statsråden hadde sitatsjekk på VG-intervjuet. Der står det at òg helsevesenet må belaga seg på ein pengebrems, at ein ikkje kan forventa meir enn til prisvekst og demografi. Vi har ein situasjon der vi allereie har mange eksempel på auka sentralisering av helsetilbod og ei offentleg teneste som står i strekk. I Kristiansand skal ein sommarstengja det distriktsmedisinske senteret, ambulansestasjonar vert lagde ned, i Egersund kan poliklinikken verta lagd ned, og i Lærdal er ortopedien flytta. Pasienttilbodet på Haukeland ryk òg, og dialysen i Volda står i fare. På barselavdelingane er jordmødrene så travle at kvinner ikkje får god nok hjelp til amming. I den situasjonen varslar altså statsråden at det vert ikkje noko meir enn til prisvekst og demografi. Da vil kuttforslaga fortsetja, det er det ingen tvil om. Men statsråden synest ikkje bekymra. Står han fast på at ein treng ein pengebrems i norske sjukehus?"
2026-04-22,refs-202526-04-22,Møte onsdag den 22. april 2026,Statsråd Jan Christian Vestre,NA,NA,replikk,"Statsråd Jan Christian Vestre [10:29:08]: La meg få gjøre det da: Jeg er sterk tilhenger av at vi skal ha gode lokalsykehus, og jeg mener at det er mange oppgaver vi gjør i dag på de store akuttsykehusene som vi med fordel kan flytte tettere på der hvor folk bor, herunder lokalsykehusene. Så vil jeg gjerne ta det et steg videre, og dette har jo norske kommuner, ikke minst KS, et sterkt engasjement for, og jeg trodde Senterpartiet også var enig i det: Hvis vi kan få til et enda bedre samarbeid mellom kommunehelsetjenesten og spesialisthelsetjenesten lokalt der hvor folk bor, vil det være positivt. Da slipper man reisevei, vi kan beholde viktig kompetanse i distriktene, og man kan få mer helsehjelp – spesielt det man trenger mye og ofte – der hvor man faktisk bor. Så dette er ikke et signal om mer sentralisering, vi skal ta hele landet i bruk. Men helsetjenesten har alltid stått i omstilling. Det vil være noen tilbud som forsvinner, og noen tilbud som kommer til. Vi kan ikke være imot den utviklingen. Hadde vi vært imot den utviklingen, hadde vi ikke hatt verdens beste helsetjeneste i dag."
2026-04-22,refs-202526-04-22,Møte onsdag den 22. april 2026,Bent-Joacim Bentzen,Sp,Center,replikk,"Bent-Joacim Bentzen (Sp) [10:30:17]: Vi har et helsetilbud under press, og nå skal statsråden kutte mer. Det er en følelse av at statens helsetjenester forlater Nordland, om man spør mange nordlendinger. Jeg kan nevne sykehusene i Lofoten og Narvik, som Senterpartiet heldigvis fikk berget. Ambulanser er fjernet, og nå angripes altså fødetilbudet, f.eks. i Brønnøysund. Uten det er det slik at om man bor i Brønnøysund, er det tre timer til et fødetilbud, og det er om man rekker de to fergene. Ambulansen på søndager er nedlagt. Kan statsråden garantere at fødetilbudet i Nordland, inkludert Brønnøysund, ikke kuttes?"
2026-04-22,refs-202526-04-22,Møte onsdag den 22. april 2026,Statsråd Jan Christian Vestre,NA,NA,replikk,"Statsråd Jan Christian Vestre [10:30:53]: La meg først få si at jeg er stolt over det Arbeiderpartiet og Senterpartiet fikk til sammen i regjering, bl.a. når det gjelder helsetilbudet i Nordland. Det at vi har slått fast at vi skal ha et godt sykehus i Lofoten, det at vi har bygget det nye Narvik sykehus, som skal ha de funksjonene det skal ha, det at vi nå har fått på plass en bærekraftig og framtidsrettet struktur på Helgelandssykehuset som gjør at vi også der kan ha et desentralisert helsetilbud, det må vi jo ikke snakke ned. Dette må vi snakke opp. Representanten vet at alternativet til denne politikken ville vært noe helt annet – det ville vært en massiv sentralisering. Når det gjelder Brønnøysund, har jeg vært der, og jeg er veldig begeistret for det distriktsmedisinske senteret. Apropos forrige spørsmålsstiller: Dette er jo selve beviset på at det er bra med halvannenlinjetjenester der kommune og spesialisthelsetjeneste jobber sammen – mer av det i distriktene framover. Det er ingen som vil svekke fødetilbudet i Brønnøysund, men det har over tid vært en kritisk mangel på personell og vanskelig å beholde og rekruttere, og det må være forsvarlig å føde. Jeg håper det er mulig å finne en løsning på dette."
2026-04-22,refs-202526-04-22,Møte onsdag den 22. april 2026,Statsråd Jan Christian Vestre,NA,NA,replikk,"Statsråd Jan Christian Vestre [10:33:07]: Ja, det er viktig at vi har gode helsetjenester over hele landet, men jeg mener også at helseforetakene, i tråd med det Stortinget har vedtatt skal være styringsmodellen for helsetjenesten, må få gjøre vurderinger av om de er hensiktsmessig organisert, om tilbudet er på de rette stedene, og om det er måter å omstille tjenestene på som gjør at vi kan få enda mer helse ut av de pengene vi bevilger. De vurderingene må lokalsykehusstyrene få lov til å ta. I de lokalsykehusstyrene sitter det også tillitsvalgte, og vi har verneombud som er med i disse prosessene. Det er veldig viktig at kommunene blir lyttet til, og at man forsøker å finne gode løsninger. Framover vil det imidlertid bli tøffe prioriteringsdiskusjoner. Vi kan ikke si ja til alt uten at noe må vike, og da må vi også ha en ærlig diskusjon om hva vi skal gjøre mer av, og hva vi skal gjøre mindre av. Jeg har ikke fattet noen beslutning om å legge ned noe tilbud i Egersund. Det kan være mange gode grunner til å ha et godt tilbud også der, og dette jobber nå sykehusstyret med."
2026-04-22,refs-202526-04-22,Møte onsdag den 22. april 2026,Oda Indgaard,MDG,Center,replikk,"Oda Indgaard (MDG) [10:34:27]: Jeg er også bekymret for ventetidene i helsevesenet. Den største begrensningen er fagfolk, og når vi leier inn private som Aleris, henter de fram de samme folkene som det offentlige helsevesenet gjør. Det svekker kapasiteten i det offentlige, og det blir som å tisse i buksa for å holde seg varm. Private kan framstå som mer effektive, fordi de ikke utdanner, fordi de ikke har akuttberedskap, og fordi de velger de enkleste pasientene. Det hjelper lite å kutte ventetidene på planlagte operasjoner hvis det går på bekostning av akuttpasienter, og det at Arbeiderpartiet og FrP er enige på dette området, mener jeg lover dårlig for det offentlige helsevesenet på sikt. Derfor må vi snakke mer om forebygging. Vi vet at det som havner i kroppen vår, påvirker helsen. Stadig flere bekymrer seg for at all plasten vi omgir oss med, kan øke sannsynligheten for psykiske lidelser, kreft, demens, infertilitet og mer. Senest tidligere denne uken har kjemiker Alexander Sandtorv vist at plastemballasjen i en Fjordland-middag lekker stoffer over i maten – innenfor lovlige grenser, men grensene strammes ofte inn når kunnskapen øker. Spørsmålet mitt er: Mener statsråden at dagens regelverk og terskelverdier er godt nok, og erkjenner han at det kan være utdatert? Og hva vil han konkret gjøre for allerede i år å redusere folks eksponering for disse stoffene, for på sikt å ta ned presset på helsevesenet?"
2026-04-22,refs-202526-04-22,Møte onsdag den 22. april 2026,Guri Melby,V,Center,replikk,"Guri Melby (V) [10:38:56]: En viktig del av debatten om å bruke helsekroner mest effektivt er å tilby tjenester på riktig nivå. Det kan gjøre at vi greier å gjøre det billigere, men også at folk opplever mer valgfrihet og kortere ventetider. Et eksempel på det er muligheten til medisinsk abort for å avbryte svangerskap. En av anbefalingene fra abortutvalget var at man burde prøve å legge dette til primærhelsetjenesten, både fordi den er mye mer tilgjengelig for folk over hele landet, folk som kanskje bor langt fra et sykehus, slik vi har fått flere eksempler på her i dag, men også fordi det kan gi større valgfrihet for kvinner, der mange kan oppleve at de er i en veldig krevende livssituasjon. I dag har det blitt satt i gang en pilot for dette på Sex og samfunn i Oslo, for å få testet ut hvordan dette kan løses utenfor sykehus. Men nå har Helsedirektoratet trukket tilbake støtten til denne piloten, noe som gjør at hundrevis av kvinner som da har brukt et tilbud, mister det tilbudet, men også at vi mister viktig kunnskap for å utvikle et tilbud videre. Så mitt spørsmål er om statsråden synes dette er greit, og om abort utenfor sykehus bare er en rettighet på papiret."
2026-04-22,refs-202526-04-22,Møte onsdag den 22. april 2026,Statsråd Jan Christian Vestre,NA,NA,replikk,"Statsråd Jan Christian Vestre [10:40:06]: Da vi la fram forslag til ny abortlov, som etter hvert et bredt flertall på Stortinget sluttet seg til, var ett av tiltakene at vi skulle utrede hva som må være på plass for å tilby abort i kommunehelsetjenesten. Det har Helsedirektoratet utredet. De har kommet med en rekke problemstillinger og – for å si det som det er – motforestillinger, som vi må håndtere på en skikkelig måte. Derfor er det viktig, mener jeg, at denne utredningen har vært på høring, slik at flest mulig stemmer kan bli hørt, og slik at vi kan få dette belyst på en ordentlig og god måte. Så vil det jo være et politisk spørsmål etterpå hvordan vi eventuelt skal innrette dette tilbudet på en måte som er faglig riktig og faglig forsvarlig. Så spør representanten også om tilskuddet til Sex og samfunn. Det kjedelige svaret er at ettersom Helse- og omsorgsdepartementet er klageinstans, og dette kanskje blir en klage som kommer til oss, så kan jeg på nåværende tidspunkt ikke kommentere den saken."
2026-04-22,refs-202526-04-22,Møte onsdag den 22. april 2026,Statsråd Jan Christian Vestre,NA,NA,hovedinnlegg,"Statsråd Jan Christian Vestre [11:11:12]: Takk for et veldig godt spørsmål, og jeg er helt enig i det representanten sier. Vi har et stort potensial. Jeg er også veldig glad for den koblingen representanten gjør til hvordan vi skal bruke arbeidskraften best mulig. Hadde vi hatt samme sykefravær i norske sykehus nå som vi hadde før pandemien, hadde vi hatt 1 500 flere årsverk, og det er ikke 1 500 årsverk vi skal ha bort, det er snarere 1 500 årsverk vi kunne ha brukt til bedre pasientbehandling, kortere ventetider, bedre oppfølging og å ta ned arbeidsbelastningen, som igjen er positivt for å få ned sykefraværet. Det er den debatten jeg ønsker å reise, som vi må se på – hvordan bruker vi samfunnets ressurser? Sykefraværet er en stor samfunnsutfordring, og vi må jobbe sammen for å få det ned. Så spør representanten om utvalget. Utvalget har levert sin rapport til arbeids- og inkluderingsministeren, så det er arbeids- og inkluderingsministeren som har ansvaret for oppfølgingen. Flere av disse tiltakene er i gang, og så er jeg opptatt av det vi kan gjøre også på kvinnehelsesporet. Der er det en lang rekke tiltak. Vi har lagt fram en kvinnehelsestrategi og et kvinnehelseløft. Det at vi nå får kjønnsperspektivet inn i alle deler av helsetjenesten vår, både faglige retningslinjer, forskning, hvordan vi skal behandle, og best klinisk praksis, er viktig. Det at vi nå øker forskningsinnsatsen på kvinnehelse, er viktig. Mannskroppen og kvinnekroppen er, som de fleste vet, forskjellige, og da må vi også ha ulik inngang til denne forskningen, Når det gjelder å bedre tilgangen til hormonbehandling for kvinner i overgangsalderen, der vi vet mange har store problemer med å ha en normal jobb fordi kroppen går gjennom store nominelle endringer, mener jeg at velferdsstaten bør stille opp mer. Vi har nå fått på plass kompetansesentre bl.a. for endometriose, der norske kvinner i dag venter i snitt syv år på en diagnose. Sånn skal vi ikke ha det i velferdsstaten Norge. Det er ikke godt nok. Og at vi nå jobber målrettet med å få ned ventetidene for behandling av typiske kvinnesykdommer, er jeg veldig stolt av, også som mann."
2026-04-22,refs-202526-04-22,Møte onsdag den 22. april 2026,Kathy Lie,SV,Left,replikk,"Kathy Lie (SV) [11:13:18]: Det er en kjent sak at vi allerede har en mangel på helsepersonell i flere yrkesgrupper. Særlig kritisk er den økende mangelen på sykepleiere og helsefagarbeidere. Så mange som 90 pst. av Sykepleierforbundets medlemmer er kvinner, og så mange som 70 pst. av Fagforbundets medlemmer er kvinner. Disse kvinner jobber oftere deltid enn menn, og de presses ofte til å jobbe mer i helger og tøffere turnuser for å øke stillingsbrøken. Dette gir en økt belastning som fører til at flere blir syke. I tillegg vet vi at kvinner gjennomgår flere livsfaser, som statsråden nevnte, og svingninger i livet som påvirker arbeidsevnen. Et av utvalgets tiltakspunkter handler om å ta hensyn til disse livsfasene og skape forståelse for at man ikke alltid kan tåle den samme belastningen. Det kan handle om menstruasjonsplager, svangerskap eller f.eks. overgangsplager, som statsråden nevnte. Ser statsråden at dette er et viktig tiltak å ta tak i, og hvordan vil han gå fram for å bidra til en bedre livsfasepolitikk i helsetjenesten vår?"
2026-04-22,refs-202526-04-22,Møte onsdag den 22. april 2026,Statsråd Jan Christian Vestre,NA,NA,replikk,"Statsråd Jan Christian Vestre [11:14:19]: Takk også for et godt oppfølgingsspørsmål. Også her er jeg enig med representanten. Vi har tatt initiativ til og lanserte i helsetalen et eget medarbeiderløft. Der vil vi sammen med partene i arbeidslivet, naturligvis sammen med de største fagorganisasjonene og fagforeningene – i forpliktende partnerskap, inspirert av modellen med ventetidsløftet – jobbe med hvordan vi kan bedre denne situasjonen. Representanten er jo selv inne på mange av de riktige stikkordene. Hvis alle de som i dag jobber ufrivillig deltid, hadde jobbet heltid, hadde vi hatt mange tusen flere i tjenesten, og det ville også gitt mer forutsigbarhet for den enkelte. Det at vi nå har bedt sykehusene om å legge til rette for redusert kontroll- og lederspenn – en viktig sak også for Norsk Sykepleierforbund, som representanten henviste til – vil gi bedre oppfølging og mer tid til å være en god leder og følge opp den enkelte. Det at vi ber helsetjenesten vår om å legge til rette for mer fleksible arbeidstidsordninger, mer bruk av ønsketurnus og større grad av valgmulighet for å tilpasse arbeidssituasjonen til den livsfasen man er i, vil også bidra til lavere sykefravær og høyere arbeidsdeltakelse framover. Sånn baker vi kaken større."
2026-04-22,refs-202526-04-22,Møte onsdag den 22. april 2026,Kathy Lie,SV,Left,replikk,"Kathy Lie (SV) [11:15:26]: I min tid som tillitsvalgt opplevde jeg at selv om det er viktig å ha en lønn man kan leve av, så var arbeidsmiljø og arbeidsforhold det jeg fikk flest henvendelser om. Kollegaene mine var opptatt av nettopp dette med en turnus som var forenlig med et liv med barn som skal følges opp, med mulighet for fritidsaktiviteter og med krefter til å kunne engasjere seg i samfunnet. Og så var de opptatt av at det var nok folk på jobb, så de rakk å gjøre hele jobben uten å løpe, så de rakk å spise, og så de slapp å gå hjem med dårlig samvittighet for alt de ikke rakk. Det påvirker ikke bare sykefraværet, men også evnen og viljen til å bli i et krevende yrke. Det finnes mange utredninger og etter hvert god forskning på effekten av gode turnuser og økt grunnbemanning. Er dette noe helseministeren vil ta tak i for å beholde helsepersonell og minske frafallet?"
2026-04-22,refs-202526-04-22,Møte onsdag den 22. april 2026,Statsråd Jan Christian Vestre,NA,NA,replikk,"Statsråd Jan Christian Vestre [11:18:19]: Jeg er også enig i det. Derfor øker vi bevilgningene til bl.a. kvinnehelseforskning, og derfor gjennomfører vi nå de tiltakene jeg har gått igjennom, som bl.a. handler om mer kompetanse i helsetjenesten for typiske kvinnesykdommer, men også det å øke behandlingskapasiteten og få ned ventetidene. Det er få ting som har provosert meg mer i denne jobben som helse- og omsorgsminister enn å møte damer i sin beste alder – og som vi vet, er det alle aldre – som forteller at de venter i månedsvis, ja, til og med kanskje årevis på behandling for urinveislekkasje, og damer som har stått to år i helsekø for å få operert framfall av livmor, som er en ganske typisk, vanlig ting som kan skje, kanskje etter fødsel. Sånn skal det ikke være. Så det at vi nå drastisk får ned disse ventetidene, handler om livskvalitet og verdighet, men det handler også om å få folk raskere inn i jobb igjen, som folk flest har lyst til."
2026-04-22,refs-202526-04-22,Møte onsdag den 22. april 2026,Margret Hagerup,H,Right,replikk,"Margret Hagerup (H) [11:32:56]: Jeg er helt enig i at det må utredes nærmere, og at en trenger mer kunnskap, men det er klart at aborttilbudet ved Sex og samfunn har vært viktig for dette. Måten de har drevet tilbudet på, er jo unikt i norsk sammenheng med at en kan ta abort tidlig i svangerskapet. Mens praksis i sykehusene er tidlig ultralyd, kan en hos Sex og samfunn bruke selektering for å velge vekk dem som slipper ultralyd. Da kan abort gjennomføres allerede i uke 4–5. 30 pst. av dem som har tatt abort ved Sex og samfunn, har tatt dette før uke 6, og de har sluppet å vente på den ultralyden. Dette er lovende kunnskap. I regjeringens egen strategi for seksuell helse, som en viser til, står det at en skal kunne tilby abort utenfor sykehusene, og det er jo et politisk valg. Så spørsmålet er: Vil statsråden åpne opp for at abort skal kunne tilbys i primærhelsetjenesten?"
2026-04-22,refs-202526-04-22,Møte onsdag den 22. april 2026,Margret Hagerup,H,Right,replikk,"Margret Hagerup (H) [11:34:47]: For sårbare kvinner er det viktig med et tilbud som er nært og lett tilgjengelig. For flere kvinner som trenger abort, kan reisetiden bli veldig lang, og det blir en ytterligere belastning hvis alle kvinner skal måtte ta ultralyd før de får tatt en abort. Det er viktig kunnskapsarbeid som foregår på dette området. Jeg forstår at statsråden ikke har lyst til å svare på om det er et politisk ønske å åpne for dette, for til syvende og sist er jo dette en politisk beslutning der en må ta med seg den kunnskapen en har. Så jeg vil bare avslutte med å spørre: Er det virkelig tilfellet at man ikke får et ja eller nei på om det er politisk vilje til at primærhelsetjenesten skal sikre et aborttilbud, for det vil i så fall påvirke tilbudet til ganske mange kvinner i dette landet i et langsiktig perspektiv. Så dette er et ja/nei-spørsmål på om en vil tillate dette i primærhelsetjenesten."
2026-04-22,refs-202526-04-22,Møte onsdag den 22. april 2026,Julia Brännström Nordtug,FrP,Right,hovedinnlegg,"Julia Brännström Nordtug (FrP) [11:36:50]: «Norge har betydelig, men i dag uutnyttet, kapasitet i private helsetjenester. Kapasiteten kan bidra til kortere ventetider og økt kvalitet i pasientbehandlingen. Regjeringen har varslet tiltak for kortere ventetider, og langsiktige avtaler med private er nevnt som et grep. I hvilket omfang mener statsråden at private helsetjenester bør benyttes for å nå målet om kortere ventetider, og hvilke konkrete virkemidler vil statsråden ta i bruk for å sikre at helseforetak både inngår slike avtaler og benytter seg av kapasiteten i praksis?»"
2026-04-22,refs-202526-04-22,Møte onsdag den 22. april 2026,Statsråd Jan Christian Vestre,NA,NA,hovedinnlegg,"Statsråd Jan Christian Vestre [11:37:26]: Det viktigste her er jo at tiltakene virker. Jeg mener at vi alle sammen bør måles på resultater. Derfor er jeg veldig tilfreds med at sykehusene har klart å vri en mangeårig negativ utvikling med økende ventetider, som startet da Fremskrittspartiet satt i regjering. Det siste året har ventetidene for påbegynt helsehjelp gått ned med 16 dager, ifølge Folkehelseinstituttet. Køen for de som venter på helsehjelp, går ned, og nå har vi fått tall fra Folkehelseinstituttet som viser at den tiden det tar fra en blir henvist, til en får sin behandling, også går ned. Dette viser jo at politikken virker. Representanten spør om hvilke tiltak som skal iverksettes. Da vil jeg minne representanten om at hovedtiltaket har vært, og er, ventetidsløftet – et partnerskap med Fagforbundet, Sykepleierforbundet, Legeforeningen, Psykologforeningen, Delta, de offentlige sykehusene, de private sykehusene og de ideelle sykehusene – der vi gjennom godt samarbeid har iverksatt hundretalls av tiltak rundt omkring i Sykehus-Norge, som nå gjør at pasientene får bedre og raskere helsehjelp. Det handler ikke bare om å utvide åpningstiden og få flere pasienter gjennom. Det handler først og fremst om langsiktige tiltak, som bedre ansvars- og oppgavedeling, å ta bort tidstyver, bedre logistikk, bedre flyt i pasientstrømmen, bedre kontroll på ventelistene, bedre prioriteringer og å ta bort unødvendige oppgaver. For eksempel fant vi at det gjennomføres altfor mange unødvendige kontroller. De reduseres nå, slik at det blir mer tid til oppfølging av pasienter som er i forløp. Det blir også mer tid til å behandle nyhenviste pasienter. Vi fortsetter disse tiltakene. Vi har også i oppdragsbrevene til sykehusene i år sagt at de skal inngå flere langsiktige avtaler med private aktører. I fjor kjøpte vel de offentlige sykehusene helsetjenester av private for om lag 18,5 mrd. kr, hvis jeg husker tallet riktig. Vi har lange tradisjoner for offentlig og privat samarbeid i Norge, og jeg mener at der hvor dette er offentlig finansiert, styrt, prioritert og organisert på en hensiktsmessig måte, er det bare er bra at vi kan bruke kapasitet i både offentlig og privat sektor. Vi kommer ikke til å sette et mål på hvor mye en skal kjøpe fra private. Jeg mener en skal kjøpe fra private på riktig nivå, og en skal bruke den kapasiteten som der er tilgjengelig. Jeg vil takke de offentlige sykehusene for den fremragende jobben de har gjort så langt for å få ned ventetidene, for vi er ikke i mål ennå. Jeg vil også benytte anledningen til å takke de private sykehusene, fordi vi hadde heller ikke klart denne jobben uten deres innsats."
2026-04-22,refs-202526-04-22,Møte onsdag den 22. april 2026,Julia Brännström Nordtug,FrP,Right,replikk,"Julia Brännström Nordtug (FrP) [11:40:30]: Statsråden sa tidligere i dag i en replikkveksling her at det som har opprørt ham mest, eller provosert av ham mest, etter at han ble helseminister, er møter med norske kvinner som står i månedsvis, kanskje til og med årevis og venter på behandling og hjelp for sine plager – men hjelpen for disse plagene finnes jo. Den er tilgjengelig, og det er kort ventetid, men den står ubrukt, og statsråden er ikke villig til å ta den i bruk. Statsråden gjentar her igjen at vi skal ta i bruk privat kapasitet, og vi skal benytte oss av tilgjengelig kapasitet, men det inntrykket representerer ikke den virkeligheten som aktørene selv beskriver. De avtalene og den utlysningen som ligger ute, er korte i tidsperiode. Det er lavt pasientvolum, og nå viser kalenderen allerede april. Langsiktige avtaler, som statsråden også nevner i sitt svar, er jo ikke inngått. Da spør jeg igjen: Kan statsråden redegjøre for hvilket omfang han egentlig faktisk ønsker? Hvis en ikke har en plan på omfang, høres ikke dette ut som en langsiktig avtale, men mer som ad hoc-politikk."
2026-04-22,refs-202526-04-22,Møte onsdag den 22. april 2026,Statsråd Jan Christian Vestre,NA,NA,replikk,"Statsråd Jan Christian Vestre [11:41:35]: Med fare for at jeg har misforstått, virker det som at det en skal måles på, er hvor mye privat kapasitet en kjøper. Jeg håper vi kan være enige om at det vi bør måles på, er hvor mye vi klarer å kutte ventetidene. Det er jo resultatet som teller, og så er det mange gode tiltak på veien dit, men jeg kommer fortsatt til å være opptatt av at vi skal gjøre de mest effektive og rasjonelle tiltakene. Mesteparten av denne jobben må skje i de offentlige sykehusene. Det er de som skal behandle alle akutt syke og alle alvorlige tilfeller, ha døgnkontinuerlig beredskap og tilbud over hele landet, utdanne morgendagens framtidige helsepersonell og stå for forskning og utvikling. At private kan være med i dette samspillet, er jeg positiv til. Representanten nevnte kvinnehelse. La meg da ta et gladeksempel fra et sykehus som jeg vet at representanten er veldig glad i, nemlig Kalnes. Der var jeg på kvinnedagen. Der opererte de altså damer med framfall av livmor. Ventetidene for den behandlingen har nå gått markant ned, med mange, mange måneder. Sånt må vi ha mer av i våre sykehus framover."
2026-04-22,refs-202526-04-22,Møte onsdag den 22. april 2026,Julia Brännström Nordtug,FrP,Right,replikk,"Julia Brännström Nordtug (FrP) [11:42:40]: Statsråden nevner her et ypperlig eksempel på et tiltak fra Kalnes, men vi kan ikke drive sykehuspolitikk med stuntpolitikk. Det er bra at Kalnes tok grep, og jeg berømmer dem for det, men vi må også ha avtaler og ha en plan på dette over tid. Jeg deler jo absolutt målet – det skal selvfølgelig være lavere ventetid for pasienten, og vi skal måle på det resultatet – men mitt inntrykk av er at det er motsatt for statsråden. Jeg mener at privat kapasitet er et virkemiddel for nettopp å få ventetidene ned, mens statsråden har det på motsatt måte. For Fremskrittspartiet er det underordnet hvem som leverer helsetjenesten, så lenge det skjer til riktig tid, til riktig pris og offentlig finansiert. Helseforetakene bruker pasientene mer som sine ordrereserver framfor å sikre norske pasienter behandling til riktig tid. Da spør jeg igjen statsråden: Er det sånn at statsråden faktisk ikke har en plan for at det skal gjennomføres og inngås langsiktige avtaler med private aktører?"
2026-04-22,refs-202526-04-22,Møte onsdag den 22. april 2026,Statsråd Jan Christian Vestre,NA,NA,replikk,"Statsråd Jan Christian Vestre [11:43:49]: Som jeg har sagt mange ganger i dag, er planen veldig klar, og vi følger den planen. Den planen er godt forankret med partene i arbeidslivet. Vi jobber sammen med felles mål, felles retning og felles engasjement for å få dette til. Tallenes tale er helt klar. Jeg tror at uansett hvilken offisiell statistikk en måtte finne, viser dette i stort at utviklingen går i riktig retning. La oss da jobbe sammen for å fortsette den positive utviklingen framover. Jeg er helt enig i at vi ikke kan basere kortere ventetider på at en skal gjøre bare kortsiktige tiltak, men jeg har også lyst til å berømme det helsepersonellet og de lederne vi har i de offentlige og private sykehusene, som av og til gjør en ekstrainnsats. Det trengs, for noen ganger blir køene litt for lange. At de da mobiliserer kreftene for å få ned disse tallene, slik at man igjen kan komme over til mer ordinær drift, synes jeg vi skal berømme og være takknemlige for at helsepersonell stiller opp med."
2026-04-22,refs-202526-04-22,Møte onsdag den 22. april 2026,Statsråd Jan Christian Vestre,NA,NA,replikk,"Statsråd Jan Christian Vestre [12:00:16]: Bare et par oppklaringer her. Representanten sa både at investeringer settes på hold, og at det er færre pasienter som får behandling. Begge deler er feil. Vi har aldri behandlet flere pasienter ved norske sykehus enn nå. Ventetidene går også nedover, og bare de siste fem årene er det investert for opppunder 120 mrd. kr i nye sykehusbygg, ny teknologi – nye løsninger. Det er en investeringsbølge i norsk helsetjeneste, så den bekrivelsen er ikke riktig. Så legger jeg merke til at Fremskrittspartiet er opptatt av at vi skal gå enda raskere fram. Det er veldig enkelt å komme med en problembeskrivelse, men derfra til å beskrive en realistisk, gjennomførbar løsning som ikke bidrar til å skape større problemer, men som faktisk gjør ting bedre, det er en helt annen diskusjon. Jeg kan ikke skjønne hvordan det skal være mulig å jobbe dette raskere fram enn med det løpet regjeringen har lagt. Da får vi et resultat som forhåpentligvis kan stå seg i mange år framover, og som vi håper at et bredt flertall på Stortinget, kan slutte seg til."
2026-04-23,refs-202526-04-23,Møte torsdag den 23. april 2026,Julia Brännström Nordtug,FrP,Right,hovedinnlegg,"Julia Brännström Nordtug (FrP) [10:15:20] (ordfører for saken): Jeg vil først takke komiteen for godt og ryddig samarbeid i saken. Jeg vil også takke for høringsinnspill til saken som har bidratt til nyttige refleksjoner. Legemidler til små barn er en sårbar del av legemiddelmarkedet. Små barn har utfordringer med å svelge tabletter og er avhengig av mikstur. Mikstur er mer komplisert å produsere, transportere og oppbevare. Samtidig er salget i volum lite, rett og slett fordi det er færre å selge det til. De faktorene til sammen gjør den mulige inntjeningen for legemiddelselskapene begrenset og dermed prisene høyere. Forslagsstillerne fra Senterpartiet er bekymret for barns tilgang til rett medisin og for at legen på grunn av pris velger å gi barnet en flerspektret antibiotika framfor en smalspektret antibiotika. Den bekymringen deler Fremskrittspartiet. Antibiotikaresistens er en av vår tids største helsetrusler. Det er allerede et omfattende globalt problem. At barn ikke får den mest målrettede behandlingen, f.eks. antibiotika, fordi det koster for mye, betyr at det ikke er likeverdig tilgang på legemidler. En antibiotikakur i mikstur utformet for barn kan koste over 1 000 kr. Den samme behandlingen for voksne i tablettform kan koste et par hundrelapper. Helsehjelp for barn er i dag gratis, med unntak av medisiner på hvit resept, altså medisin som skrives ut for en kort periode. Fremskrittspartiet mener egenandeler på medisiner må holdes moderate. Prisen på enkelte legemidler til små barn, som f.eks. de nevnte antibiotikakurene, er ikke moderat. Fremskrittspartiet mener samtidig at gratis legemidler på hvit resept er feil prioritering av begrensede økonomiske ressurser på legemiddelfeltet. Behov for hvit resept vil for de fleste inntreffe en sjelden gang gjennom livet, gjennom barndommen og gjennom disse seks årene. Det må derfor beregnes som en del av kostnaden ved å ha barn, rett og slett som en del av kostnaden ved livsopphold, på lik linje med at barn trenger mat, hygieneartikler, klær, sko, sengetøy, leker, en ryggsekk til skolen, matpakke osv. Listen er lang. Jeg har selv tre små barn under åtte år, og det koster penger. Man må også beregne at dette er en del av kostnaden det har å drive en husholdning. Det Fremskrittspartiet derimot mener er urimelig, er at det skal være et så stort prishopp til målrettet medisin. Vi mener derfor det skal være et egenandelstak for hvor mye foreldrene skal måtte betale. Vi har derfor foreslått 300 kr i egenandelstak, og jeg fremmer med det dette forslaget. Jeg er glad for at det er et flertall i komiteen bak forslaget om å utrede om egenandel på hvit resept utskrevet til barn kan inngå i foreldrenes egenandelstak."
2026-04-23,refs-202526-04-23,Møte torsdag den 23. april 2026,Erlend Svardal Bøe,H,Right,hovedinnlegg,"Erlend Svardal Bøe (H) [10:20:56]: Å sikre legemidler til barn er viktig. Derfor synes Høyre også at dette forslaget, som er fremmet av Senterpartiet, er viktig. Vi vet at markedet for legemidler til barn er sårbart, som flere allerede har vært inne på. I en del tilfeller har en også behov for en del andre alternativ for barn, f.eks. mikstur. Når vi også ser at det er økende legemiddelmangel, ikke bare i Norge, men også globalt, vet vi at dette blir en større utfordring også i tiden framover – ikke bare for oss voksne, men også for barn som har behov for legemidler. Vi skal også anerkjenne at det for en del foreldre kan være en økt økonomisk belastning når en har behov for andre alternativ. Tall fra Legemiddelregisteret viser at andelen knyttet til den typen legemidler som har andre alternativ, er ganske lav. Da må vi også stille oss spørsmålet om det er riktig å bruke såpass mye penger som det her er snakk om – uten at de kostnadene er utredet godt nok – på å gjøre alle legemidler på hvit resept gratis for barn under seks år. Da vil vi også bryte med et prinsipp som flertallet i Stortinget har gått inn for: prioriteringskriteriene knyttet til nytte, ressurs og alvor og hvordan vi bidrar til at de som har de største behovene, også får den største hjelpen fra staten. Noe Høyre også anerkjenner i denne saken, er resistensutviklingen på antibiotika, og at vi må sørge for at vi ikke påvirker den negativt. Derfor er Høyre helt enig i at vi må sørge for at økonomi ikke er i veien for den mest hensiktsmessige behandlingen når det gjelder f.eks. antibiotikaresistens. Høyre støtter derfor det forslaget som vi er en del av – at vi må utrede kostnadene knyttet til det – men vi støtter ikke å gå inn for å gjøre dette gratis på hvit resept for alle under seks år. Det er fordi vi ser at det er relativt lave utgifter i dag, og at mesteparten av dette blir dekket innenfor blå resept-ordningen vi har, der en ikke har egenandel for dem som er under 16 år."
2026-04-23,refs-202526-04-23,Møte torsdag den 23. april 2026,Kathy Lie,SV,Left,hovedinnlegg,"Kathy Lie (SV) [10:23:41]: Dette forslaget handler om å gi lik tilgang til riktig medisin for alle barn. Små barn har vanskeligere for å ta medisiner i tablettform og må ofte ha spesiallagde miksturer som er mye dyrere. SV deler forslagsstillernes bekymring over at familienes økonomi kan avgjøre hvorvidt barn får riktig og målrettet behandling, særlig mot infeksjoner som krever antibiotika. Det er viktig for å bekjempe antibiotikaresistens og begrense bruken av bredspektret antibiotika i befolkningen, men mange av de smalspektrede, målrettede variantene finnes kun i tablettform og må spesiallages til en høy kostnad for å tilpasses barn. Forslaget om gratis legemidler for alle barn opp til seks år er et svært kostbart tiltak. Derfor må vi vurdere ressursbruken nøye opp mot kostnadene. I tillegg må vi vurdere avgrensninger som kan gjøre det mindre kostbart, men som likevel møter noen av utfordringene for familiene. Flertallet i komiteen ber også regjeringen utrede hvor mye det vil koste å sikre at barn under seks år får tilgang på mest mulig hensiktsmessig antibiotikabehandling ved smittsom sykdom. Generelt mener vi at det må gjøres en større jobb for å holde legemiddelprisene moderate, også for barn. I Norge er det en utfordring at vi er et relativt lite marked, og markedet for spesialtilpassede legemidler for barn er enda mindre. Dette utfordrer mulighetene for å holde prisene nede. Samtidig mener vi det er urimelig at enkelte familier må betale en uforholdsmessig kostnad for en enkelt behandling med mikstur tilpasset barn, som har lav kostnad i tablettform for resten av befolkningen. Vi mener derfor at man bør se på en form for delbetaling, f.eks. ved å innføre en egenandelsordning. Vi er derfor med på forslaget om at regjeringen skal utrede om egenandel for antibiotika til barn opp til seks år kan inngå i foreldrenes egenandelstak. Det er en stor utfordring i samfunnet at det brukes for mye og for bredspektret antibiotika. Vi er foreløpig heldige i Norge, som har hatt en mer restriktiv bruk av antibiotika enn mange andre land. Vi har vært heldige som har relativt sett lite antibiotikaresistens, men vi ser utfordringen hvor vi nærmer oss resten av Europa, og vi ser stadig oftere pasienter som innlegges på sykehus med bakterier som vanlig antibiotika ikke biter på. Det er avgjørende å bremse denne utviklingen så mye som mulig, slik at vi fortsatt har virksom antibiotika den dagen vi virkelig trenger det. Da er det viktig med riktig behandling. Vi har en legemiddelpolitisk målsetting om riktig legemiddelbruk til lavest mulig pris, som er raskt tilgjengelig for hele befolkningen. Vi har også vedtatt en målsetting om å bekjempe antibiotikaresistens. Da blir det rart hvis vi ikke skal gjøre det vi kan for å tilby den beste behandlingen som gir minst risiko for barna våre."
2026-04-23,refs-202526-04-23,Møte torsdag den 23. april 2026,Seher Aydar,R,Left,hovedinnlegg,"Seher Aydar (R) [10:30:15]: Alle er klar over situasjonen for familier – alt har blitt dyrere og økonomien strekker ikke til. En helt vanlig familie har dårligere råd nå enn for ti år siden, og altfor mange sliter økonomisk og opplever at de har mindre å rutte med enn det de egentlig trenger. Jeg er bekymret for at inntekten til familier skal styre hvilke barn som får de medisinene de trenger, og som faktisk er best for dem. Det er viktig at prisene på barns medisiner holdes nede for å motvirke at forskjellene øker mellom familier. Så er det selvfølgelig mye å si om legemiddelfirmaer som skrur opp prisene for egen inntjening, men det kan vi dessverre – spør du meg – ikke styre over akkurat nå. Det vi kan gjøre noe med, er det som familiene må ut med. Antibiotikaresistens er en helseutfordring både i Norge og i verden, og det at barn utvikler høyere risiko for dette fordi familier ikke har råd til dyr og målrettet behandling, er ganske alvorlig. Forslagene som Rødt er med på å støtte, er viktige med tanke på både hvert enkelt barn som trenger antibiotikabehandling, og familiens økonomi, og det handler også om at det er bra for samfunnet som helhet. Jeg er glad for at det nå er flertall for å utrede om egenandel for legemidler på hvit resept kan inkluderes i foreldrenes egenandelstak. Dette er viktig også fordi det er foreldrene som betaler for legemidler for barn. Det er de og deres økonomi som avgjør hva slags muligheter barna får. Derfor er det riktig retning på dette. Vi mener at alle, og særlig barn, bør ha lik tilgang til legemidler og behandling som de trenger, uavhengig av foreldrenes lommebok. Det er også derfor Rødt jobber for å kutte i egenandelene generelt, for alle, og vi jobber også med det i våre alternative budsjetter. Det er ingen hemmelighet. Jeg takker også forslagsstillerne som løfter situasjonen for barna, sånn at vi sammen kan gjøre noe med dette."
2026-04-23,refs-202526-04-23,Møte torsdag den 23. april 2026,Kathy Lie,SV,Left,hovedinnlegg,"Kathy Lie (SV) [10:51:54]: Jeg vil starte med å takke forslagsstillerne, Høyre, for et veldig godt representantforslag. Det er faktisk så godt at komiteen er enig om nesten alt. Jeg vil også takke komiteen for godt samarbeid i denne saken. I dette forslaget tar vi tak i en helseutfordring som rammer de aller fleste kvinner i en eller annen grad. Selv om overgangsalder er noe alle kvinner går gjennom og en normal del av kvinners livsfaser, er det så mange kvinner som opplever store plager med denne endringen i mange år. Overgangsalderplager gir hetetokter, verking i kroppen, utmattelse, hodepine, ustabil psyke og mye mer. Mange sliter med søvn og hukommelse, og med de ukontrollerbare plutselige hetetoktene som kommer når det passer som dårligst, og følelsen av at hodet er fullt av bomull. Uansett hvor mye man dusjer og skifter klær, føler man seg svett og ustelt. Disse plagene gjør arbeidslivet krevende for mange kvinner, faktisk så krevende at mange blir sykmeldt og altfor mange faller helt ut av arbeidslivet, for dette går ikke over i løpet av noen uker. Mange sliter i flere år, mens kroppen stenger ned reproduksjonen og hormonproduksjonen. Jeg er veldig glad for at vi er enige om at noe må gjøres. Vi trenger mer forskning og mer kunnskap hos helsepersonell, og denne kunnskapen må inn i utdanningene. Vi trenger mer kunnskap hos arbeidsgivere og en bedre arbeidshelsepolitikk som åpner for tilrettelegging av arbeidshverdagen slik at vi minsker frafallet fra arbeidslivet. Det er et stort tap for mange kvinner, men også et stort tap for bedriftene og for samfunnet. Dette er voksne kvinner med mye erfaring. Vi trenger dem alle på jobb. Vi må også sørge for riktig behandling av plagene, for det finnes behandling. Veldig mange kvinner får god hjelp av hormonbehandling. For min egen del var et lite østrogenplaster det som skilte mellom natt og dag. Men medisin koster, og dette er ikke bare en liten engangsutgift. Mange trenger denne behandlingen i flere år. Derfor har det lenge vært en kamp for å få medisiner mot overgangsplager inn på blåreseptordningen. Det handler om å likestille kvinner fra alle sosioøkonomiske lag. Det skal ikke være størrelsen på lommeboka som avgjør om man har råd til behandling for disse plagene. Jeg oppfatter at alle partiene er opptatt av dette, og at alle egentlig vil sørge for lik mulighet for hormonbehandling for alle kvinner som trenger det. Dette til tross har vi endt opp med en innstilling med tre lignende forslag, hvor ingen i øyeblikket har flertall. Høyre, FrP og KrF, som ikke trenger å tenke på budsjett, sier at dette skal vi bare gjøre. SV, Rødt og Senterpartiet, som er bundet av budsjettavtale med regjeringen, er litt mer forsiktige, men ber likevel regjeringen vurdere hvordan hormonbehandling kan innlemmes i blåreseptordningen. I tillegg vil Arbeiderpartiet vurdere hvorvidt dette skal skje. Jeg fremmer herved de forslag SV er med på, herunder det nevnte, som jeg håper vi kan få subsidiær støtte for. Det ville ha vært veldig trist å gå herfra uten flertall for et forslag som gir en klar beskjed til regjeringen, uten at vi bryter budsjettavtalen. Kvinner i hele landet fortjener det."
2026-04-23,refs-202526-04-23,Møte torsdag den 23. april 2026,Julia Brännström Nordtug,FrP,Right,hovedinnlegg,"Julia Brännström Nordtug (FrP) [10:58:27]: Først en takk til forslagsstillerne for gode og viktige forslag, og som har fått noe som i årevis har blitt diskutert i de tusen hjem – på sosiale medier og kommentarfelt osv. – i større grad ut i offentligheten. Det er nødvendig, og det fortjener plass. Fremskrittspartiet mener at kvinnehelse må prioriteres, forskning må styrkes, ventetiden for å få behandling må ned, og kunnskapen må økes. Behandlingskapasiteten for flere kvinnerelaterte sykdommer er for lav i dag. Det medfører lange ventetider og dårligere tilgang på medisin, for mange kvinner ser seg da nødt til å bruke egne sparepenger for å få hjelp hos private, eller for å kjøpe medisiner. Fremskrittspartiet mener at behandlingskapasiteten må styrkes, og tilgangen til medisiner må bli bedre, slik at flere kvinner får rask og god behandling, uavhengig av hvor i landet de bor, og uavhengig av egen økonomi. For mange kvinner innebærer overgangsalderen plager som gir betydelige utfordringer med å stå i jobb og å fungere i hverdagen. Dette er ikke bare et kvinneproblem som den enkelte skal løse selv; dette er et helseproblem som vi som samfunn må ta på alvor. Mange av disse kvinnene kan ha god effekt av hormonbehandling. I 2025 brukte hele 200 000 kvinner i Norge hormonbehandling i eller etter overgangsalderen – et fåtall av dem gjennom blå resept. I dag er det bare kvinner med svært tidlig overgangsalder og kvinner som etter gitte kriterier, som er svært plaget, som får behandling på blå resept. Nåløyet er smalt. Arbeiderpartiregjeringen gjør dette spørsmålet og tilgangen på behandling for overgangsplager til et økonomisk spørsmål for den enkelte kvinne: Har du råd, kan du kjøpe deg hjelp. Har du det ikke, står du uten hjelp. Det mener Fremskrittspartiet er uverdig og gal prioritering. Jeg har registrert at det også er noen som er bekymret for hormonbruken blant kvinner, at den er for stor. Det har jeg ikke faglig kompetanse til å uttale meg om er rett eller galt, men det som Fremskrittspartiet mener er helt avgjørende, er at tilgang på medisin ikke er et økonomisk spørsmål, men et medisinsk spørsmål som løses i dialog med legen. Et annet eksempel er migrenemedisin. Flere av medikamentene er på blå resept i dag. Det betyr ikke at alle som har migrene i en eller annen form, får tilgang til disse medikamentene, men gjennom blå resept er folk sikret likeverdig tilgang, noe som gjør at dette ikke er et økonomisk spørsmål for hver enkelt om hvorvidt de har tilgang på hjelp eller ikke. Fremskrittspartiet mener det er på høy tid at kvinner sikres bedre behandling av overgangsplager, som at anbefalt hormonbehandling inkluderes i blåreseptordningen. Jeg tar opp dette forslaget, som vi står inne i, og vi er glad for at det også ser ut til å få flertall i dag."
2026-04-23,refs-202526-04-23,Møte torsdag den 23. april 2026,Statsråd Jan Christian Vestre,NA,NA,hovedinnlegg,"Statsråd Jan Christian Vestre [11:16:46]: Kvinnehelse er viktig, og kvinnehelse har fått både for lite oppmerksomhet og for lite innsats i Norge gjennom generasjoner. Derfor er jeg veldig stolt over at regjeringen har lagt fram den første egne kvinnehelsestrategien i Norge. Jeg er også veldig stolt over den kvinnehelsesatsingen som vi la fram i fjor sommer, og regjeringen er i full gang med å følge opp både strategien og kvinnehelseløftet. Dette handler bl.a. om at kjønnsperspektivet skal gjennomsyre alle deler av helsetjenesten vår, faglige retningslinjer mv. Vi trenger mer forskning på kvinnehelse, og det følger vi opp i årets statsbudsjett. Dette handler også om at vi må sikre abortloven og at alle kvinner skal tilbys både god veiledning og oppfølging, og derfor er jeg også glad for at et stort flertall i Stortinget støttet Arbeiderparti-regjeringens forslag til ny abortlov. Dette handler videre om at vi skal bedre tilgangen til hormonbehandling og annen hjelp til kvinner i overgangsalderen, og også det er vi i full gang med. Det var Arbeiderparti-regjeringen som ba Direktoratet for medisinske produkter om en utredning av hvordan dette kunne løses, bl.a. gjennom blåreseptordningen. Den utredningen fikk vi 1. november i fjor, og vi er nå i full gang med oppfølgingen av dette arbeidet. Jeg er også stolt over at vi har fått på plass Nasjonalt kompetansesenter for endometriose og adenomyose. Vi jobber med å bedre behandlingstilbudet for lipødem. Jeg er veldig glad for noe annet som har skjedd i forbindelse med en av de tingene som har provosert meg mest som helseminister: de lange ventetidene vi har hatt på typiske kvinnesykdommer og kvinneplager. Det kan være alt fra damer som går med urinveislekkasje til framfall av livmor, men også en rekke andre diagnoser, der ventetidene har vært uakseptabelt lange i vår felles helsetjeneste. Nå er jeg glad for – og jeg følger med måned etter måned – at de ventetidene nå går nedover. Det skulle bare mangle. Jeg er også glad for at vi fortsetter arbeidet med de andre tiltakene, for kvinnehelse er og blir viktig. Jeg synes også det er flott at det kommer flere og nye forslag på bordet, og jeg vil også berømme komiteen for å ha samarbeidet godt, også her av på tvers av politiske skillelinjer. Det er bra at alle partiene stiller seg bak mange av de forslagene som ligger i dette forslaget. Noe av dette er tiltak vi kjenner fra før av og allerede er i gang med å følge opp, men noen av tiltakene er altså helt nye. Det vil jeg berømme forslagsstillerne for: Det er bra at vi får inn flere perspektiver og flere innspill og forslag til denne debatten, sånn at vi sammen kan gjøre et ordentlig løft for kvinnehelse, også for kvinner som har overgangsplager."
2026-04-23,refs-202526-04-23,Møte torsdag den 23. april 2026,Statsråd Jan Christian Vestre,NA,NA,replikk,"Statsråd Jan Christian Vestre [11:30:23]: Takk til representanten for oppfølgingsspørsmålet og for hyggelige ord. Jeg vil understreke at da vi la fram kvinnehelsestrategien, som var den første egne kvinnehelsestrategien i Norge, var det et samarbeid mellom Arbeiderpartiet og Senterpartiet i regjering. Der delte vi mange av de samme ambisjonene og de samme tiltakene. Vi sto helt sammen om den planen, og det var der det ble tydelig sagt at vi skulle bedre tilbudet for kvinner med overgangsplager. Dette var altså tilbake i 2024, og så har vi nå fulgt opp dette med de oppdragene jeg har redegjort for, og med kvinnehelseløftet, som vi er i full gang med. Så berømte jeg også forslagsstilleren, for det har kommet noen nye forslag som jeg synes representanten Hagerup og flere fortjener applaus for. Det er bl.a. dette forslaget, som vi også stemmer for, og som er veldig positivt. Vi skal nå ta det med oss tilbake til departementet, og så skal vi legge en plan for hvordan vi skal gjennomføre det. Om det er behov for egne faglige retningslinjer, for å oppdatere dem vi har, og om vi trenger en ny form for kompetansetjeneste fastlegene kan bruke, må vi komme tilbake til, men vi skal definitivt følge det opp, for det er et godt forslag som fortjener å få flertall."
2026-04-23,refs-202526-04-23,Møte torsdag den 23. april 2026,Seher Aydar,R,Left,replikk,"Seher Aydar (R) [11:31:39]: Det er positivt at Arbeiderpartiet har snudd og stemmer for vårt, SVs og Senterpartiets forslag. Jeg bet meg merke i det statsråden sa i sitt innlegg om andre kvinnehelsesatsinger, noe jeg også synes er veldig viktig og riktig. I forlengelsen av det har jeg egentlig to spørsmål. Jeg begynner med det første, for statsråden nevnte abortloven. Der ble det også ganske tydelig at abort i primærhelsetjenesten var noe som det skulle satses på, men Sex og samfunns helsetilbud, som er det eneste i hele Norge som er aborttilbudet i primærhelsetjenesten, mister nå tilskudd og står i fare. Hvordan henger ordene sammen med virkeligheten på gulvet? Og når det gjelder andre kvinnehelsesykdommer, som jo også fortsatt dessverre er ganske nedprioritert, og hvor mange opplever først og fremst at de ikke blir trodd, og at veien fra å få plager til å få behandling er veldig lang – og for noen dessverre ikke til stede engang: Ser vi at det kan være en virkelig endring i kvinners virkelige liv etter det statsråden sa i dag?"
2026-04-23,refs-202526-04-23,Møte torsdag den 23. april 2026,Statsråd Jan Christian Vestre,NA,NA,replikk,"Statsråd Jan Christian Vestre [11:32:48]: Takk for spørsmålet, det mener jeg virkelig. Det har gjort stort inntrykk på meg å møte Endometrioseforeningen, som forteller at det i snitt tar sju år å få en sånn diagnose. Mange damer går med smerter, en del vet ikke at de har det, det oppdages kanskje ved infertilitet. Hvis det hadde vært sju års tid for å få diagnose for en del av de sykdommene vi gutta får, tror jeg kanskje protestene hadde vært mer høylytte og kommet tidligere. Dette er urettferdig, og det opprører meg som mann også, og som helseminister. Vi skal ikke ha det sånn. Jeg også redegjort for ventetidene for bl.a. en del andre kvinnesykdommer, som ikke er bra. Nå er jeg ganske trygg på at vi har tatt ordentlig grep, bl.a. ved økt kompetanse på disse tilstandene. Det at ventetidene nå går ned måned for måned, er enormt viktig. Og ja, vi følger selvfølgelig opp abortloven. Der ble det åpnet for at det også kunne skje utenfor spesialisthelsetjenesten. Det har vi fulgt opp med et oppdrag til Helsedirektoratet, som er på høring, og så får vi se hva som blir den endelige konklusjoner når høringsaktørene har fått sagt sitt."
2026-04-23,refs-202526-04-23,Møte torsdag den 23. april 2026,Kai Steffen Østensen,A,Left,hovedinnlegg,"Kai Steffen Østensen (A) [11:34:07]: Gratulerer til Morten Stordalen, med valget til første visepresident i Stortinget. Stortinget skriver i dag historie! På tvers av politiske partier vedtar vi et kvinnehelseløft. Det er et løft som ikke bare er ord og festtaler, men som skal endre strukturer og systemer i vår felles helsetjeneste, i arbeidslivet og i utdanningssystemet, sammen med partene. Selv om vi har en av verdens beste helsetjenester, er de siste årenes debatt om nettopp kvinnehelse et godt eksempel på at vi også må utvikle og forbedre tjenestene våre. Mer kunnskap har de siste årene bidratt til å løfte en helt annen type politisk debatt om kvinnehelse. Vi snakker ikke bare om enkeltutfordringer eller -sykdommer. Vi snakker om helheten og ansvaret flere har for å legge til rette for et arbeidsliv som er livsfaseorientert, eller på godt norsk: et arbeidsliv som også passer bedre for kvinner. Vi forsker mer på kvinnehelse, vi utvikler kompetanse på tvers av fagprofesjoner – som Kvinnehelseportalen er et godt eksempel på – og Stortinget tar nå flere viktige steg for en bedre og mer likeverdig helsetjeneste for kvinner. Selv om de siste dagenes debatter har handlet om hormonbehandling på blåresept, som er viktig, har innstillingen en rekke forslag som sikrer et helhetlig løft for kvinnehelse. Vi skal forsterke arbeidet med å redusere sykefravær knyttet til overgangsplager, og piloter for å tenke annerledes om dette skal prøves ut. Det skal sikres nasjonale råd og retningslinjer for helsetilbudet for kvinner, og fastlegene skal få økt kompetanse. Kvinnehelse skal inn i de medisinske og helsefaglige utdanningsløpene, og sykehusene våre skal framover måles på relevante indikatorer om hvordan innsatsen for en bedre kvinnehelse styrkes. Det er et svært viktig grep for å kunne måle effekt fra et tidspunkt til et annet. Dette er tiltak det er bred enighet om, og som også bygger videre på Arbeiderpartiets kvinnehelsestrategi. Kvinnehelse er også folkehelse. Det slår Marianne Gjellestad fast. Hun er kvinnehelseforsker ved Universitetet i Agder. Halvparten av befolkningen er kvinner, og for voksne er arbeidslivet den viktigste arenaen for folkehelsearbeid. Derfor må kvinnehelse løftes tydeligere inn i arbeidslivet, ikke bare som tilrettelegging, men som et grunnleggende spørsmål om hvordan arbeidslivet bør se ut for å sikre reell og lik deltakelse. Det forutsetter nettopp en mer livsfaseorientert arbeidsgiverpolitikk som gir kvinner like muligheter som menn. Å sikre at arbeidsgivere og tillitsvalgte har kompetanse og verktøy for å sikre et mer inkluderende arbeidsmiljø, er særlig viktig for Arbeiderpartiet i denne saken. Kvinnehelse er mer enn bare helsetjenester. Derfor er vedtakene i Stortinget i dag viktige, fordi helheten vi sikrer, vil gi et reelt løft – et løft som tar kvinnehelsekampen et steg videre."
2026-04-23,refs-202526-04-23,Møte torsdag den 23. april 2026,Anne Grethe Hauan,FrP,Right,hovedinnlegg,"Anne Grethe Hauan (FrP) [11:37:13]: Overgangsalderen rammar halvparten av befolkninga. Likevel har han altfor lenge vore behandla som noko uklart, privat og politisk ubehageleg. Resultatet er eit system som altfor ofte ser ein annan veg, akkurat når behovet for tryggleik, behandling og støtte er størst. Dette er ikkje ei særinteresse. Det er ikkje eit nisjetema. Det er kvardag, helse og arbeidsliv – midt i den fasen der folk ber mest ansvar, både på jobb og heime. Overgangsalderen er litt som å stå og venta på ei bølgje. Du veit han kjem, men du anar ikkje når han kjem eller kor hardt han slår, og du veit ikkje kor lenge han varer. Nokre opplever berre ei lett krusing. Andre blir slåtte over ende. Det einaste sikre er at ingen veit på førehand kva for ei bølgje dei får, og at dette ikkje er noko ein kan velja bort eller styra når han først rullar inn. Det som gjer dette til politikk, er at denne bølgja ofte kjem midt i livet, midt i arbeidslivet og midt i ansvaret. Samstundes er forventningane om å levera like høge som før. For Framstegspartiet handlar dette om helse, arbeid og rettferd. Kvinner i alderen 45–55 år er blant dei mest erfarne og kompetente me har. Når overgangsplager ikkje blir tekne på alvor, og behandling ikkje er tilgjengeleg i tide, ser me raskt konsekvensane: meir sjukefråvær, redusert arbeidsevne og i verste fall fråfall frå arbeidslivet. Dette er ikkje fordi viljen manglar. Det er fordi systemet ikkje stiller opp. Det finst dokumentert samanheng mellom overgangsplager, arbeidsevne og sjukefråvær, slik det òg går fram av saka til Stortinget. Likevel er altfor mange kvinner overlatne til seg sjølve, med lange ventetider, manglande tilbod og ei rekning dei må ta privat. Framstegspartiet er veldig tydelege i denne saka: Når behandling finst, fungerer og er fagleg grunngjeven, skal ho vera tilgjengeleg – uavhengig av lommebok. Det kan ikkje vera slik at kvinner må venta i månadsvis på hjelp eller betala behandlinga sjølve, mens helsa og arbeidsevna gradvis blir svekte. Blåreseptordninga er laga nettopp for situasjonar der medisinsk behandling kan redusera sjukefråvær og halda folk i arbeid. Difor meiner Framstegspartiet at hormonbehandling og relevant legemiddelbruk må inn i blåreseptordninga der det er fagleg rett, at privat kapasitet må takast i bruk når det offentlege ikkje strekk til, og at kvinnehelse må behandlast som det det faktisk er: ei investering i folk og i arbeidskraft. Heil til slutt vil eg seia at eg er veldig glad for at Arbeidarpartiet ser ut til å ha snudd, og at det kan sjå ut som det kan bli eit einstemmig vedtak."
2026-04-23,refs-202526-04-23,Møte torsdag den 23. april 2026,Mona Nilsen,A,Left,hovedinnlegg,"Mona Nilsen (A) [12:04:14] (ordfører for saken): Saken vi behandler nå, handler om to forslag fra Fremskrittspartiet: Det første er et forslag om å reversere lovendringene som innførte manglende samtykkekompetanse som vilkår for tvang i psykisk helsevern. Det andre er et forslag om å åpne for at private aktører kan godkjennes som distriktspsykiatriske sentre med adgang til bruk av tvang. Jeg vil som saksordfører takke komiteen for et godt samarbeid. Det er et stort flertall som står bak tilrådingen om å ikke vedta forslagene. Jeg regner med at mindretallet vil redegjøre for sine forslag. Jeg vil knytte noen kommentarer til saken. Representantforslaget vi behandler i dag, berører et av de mest krevende områdene i helsepolitikken: balansen mellom pasientens rettigheter, samfunnets behov for trygghet og helsetjenestens mulighet til å gi forsvarlig og god behandling. Derfor oppnevnte Støre-regjeringen i mai i 2022 et ekspertutvalg for å gjennomgå endringene som ble gjort i 2017 i psykisk helsevernloven, med et særlig fokus på innføringen av vilkåret om manglende samtykkekompetanse. Oppdraget var tydelig: Utvalget skulle vurdere om lovendringene hadde ført til større involvering av politiet, om en høyere terskel for tvang hadde påvirket voldssituasjoner, og hvordan praktiseringen av farevilkåret hadde utviklet seg. Da utvalget leverte sin rapport, Bedre beslutninger, bedre behandling, i juni 2023, var et av hovedpoengene at erfaringene med samtykkekompetanse ikke kan vurderes isolert. De må ses i sammenheng med endringer i helsetjenesten, i lovverket og i samfunnet. Utvalget pekte også på en del forbedringspunkter, men konklusjonen er tydelig på at modellen med vilkår om manglende samtykkekompetanse bør videreføres. Fremskrittspartiet foreslår også å åpne for at private aktører kan godkjennes som DPS, distriktspsykiatrisk senter, med adgang til tvang. Men dette er allerede mulig. Helsedirektoratet kan godkjenne institusjoner som oppfyller kravene – også private som har avtale med regionalt helseforetak. Det finnes ingen hindringer i dagens regelverk. Det som kreves, er at enhetene oppfyller strenge krav til bemanning, kompetanse og kvalitet. Det Frp foreslår i sitt forslag nr. 2, er derfor ikke en forbedring – det er unødvendig og slår opp åpne dører."
2026-04-23,refs-202526-04-23,Møte torsdag den 23. april 2026,Mona Nilsen,A,Left,hovedinnlegg,"Mona Nilsen (A) [12:52:42]: Jeg vil framheve ekspertutvalget, som peker på flere forbedringer i kompetansemodellen. Utvalget pekte også på noe som er helt avgjørende i denne debatten: en kompetansemodell fungerer bare dersom helsetjenestene har kompetanse, ressurser, samhandling og frivillige behandlingsalternativer. Derfor er det viktig og riktig at regjeringen må følge nøye med på virkningen av regelverket, evaluere det jevnlig og foreslå nødvendige justeringer dersom det er behov. For at lovverket skal fungere etter hensikten, må det utvikles gode rutiner og opplæringsmateriell for implementering og praktisering, slik bl.a. Legeforeningen har påpekt. Det er også viktig å si at kommunene står i krevende situasjoner, for enkelte pasienter har i perioder behov for rammer som ligger utenfor det kommunen kan tilby. Det er en utfordring som må tas på alvor når vi skal vurdere både lovverk og ansvarsdeling. Derfor er det igangsatte arbeidet med en helsereform så viktig, nettopp for å sikre mer sammenhengende tjenester for pasienter og pårørende. I dette arbeidet kan det bli aktuelt å se på lovendringer og ansvarsfordeling. Det er viktig å minne om at Stortinget før jul i 2025 vedtok å inkorporere CRPD i menneskerettsloven. De konvensjonsforpliktelsene vil være relevante når man skal utforme regler om tvang, noe som er tatt opp av flere i høringsinnspillene. Til slutt: Regjeringen har allerede fulgt opp en rekke av utvalgets forslag. Lovendringene trer altså i kraft 1. juni 2026. Det er også viktig å si at Helse- og omsorgsdepartementet i lag med Justisdepartementet har sendt på høring forslag om utvidet adgang til å dele taushetsbelagte opplysninger med politiet og PST, begrunnet i behovet for et styrket samfunnsvern. Vi ser fram til hvordan regjeringen følger opp de forslagene. Dette er et område som berører både rettssikkerhet, pasientsikkerhet og samfunnssikkerhet. Derfor må vi fortsette å utvikle regelverket med klokskap, kunnskap og respekt for menneskerettighetene, og ikke minst med pasientenes beste som det grunnleggende utgangspunkt."
2026-04-23,refs-202526-04-23,Møte torsdag den 23. april 2026,Kjersti Toppe,Sp,Center,hovedinnlegg,"Kjersti Toppe (Sp) [12:55:40]: Eg er vel den einaste her i debatten som faktisk var med på å gjera desse omstridde lovendringane i 2017, og eg innrømmer det: Da var vi i tvil. Vi la inn eit forslag om ei evaluering, men den gongen hadde det vore ein stor debatt i media, i samfunnsdebatten, om at det var dokumentert stor tvangsbruk i helsevesenet som ikkje var registrert, og alle var opptatt av at her måtte vi gjera noko. Målet var at ein måtte få ned tvangsbruken og sikra riktig bruk av tvang. Men vi vart åtvara, og eg ser no at dei åtvaringane vi fekk, stemde. Eg tar dette på stort alvor. Dette er ikkje en sånn hopp-og-sprett-politikk eller at no skal vi måtta finna på noko nytt. Dette er ei alvorleg sak, og dette er ei vanskeleg sak, og alle er opptatt av å finna balansen. Eg meiner at vi gjorde ein feil i 2017, og eg meiner dei endringane vi gjorde før jul i fjor, eller i fjor vår, var i rett retning, men eg meiner vi må gjera meir. Så til dei som viser til CRPD i norsk rett: Eg leste det ekspertgruppa som hadde utgreia korleis vi skal innlemma dette, har skrive, og dei sa ingenting om at vi ikkje kunne gå tilbake til 2017 for å imøtekoma konvensjonsforpliktingane. Det var dei veldig opptatt av. Eg vil òg minna om at Senterpartiet var med på å skapa fleirtal for den saka, og ved ratifisering klargjorde Noreg, ved ei tolkingserklæring, at konvensjonen tillèt tvungen omsorg og behandling av menneske, deriblant ved behandling av psykiske lidingar, når det er nødvendig og siste utveg. Det meiner eg begge desse reglane ivaretar. Så til ekspertutvalet for samtykkekompetanse, som tilrår vidareføring: Det gjorde dei, men mandatet var ikkje veldig tydeleg på at dei skulle vurdera ei reversering. Dei skulle ha ein gjennomgang og sjå på praktiseringa. I tilrådinga har dei fleire føresetnader, bl.a. brukarmedverknad, pårørandeinvolvering, kompetansevurdering, god kvalitet, helsehjelp til personar med forhøgd valdsrisiko, samhandling med frivillige behandlingsalternativ og ikkje minst behov for å styrkja døgntilbodet retta mot pasientar med psykiske lidingar. Når eg no høyrer at statsråden halverer målsettingane for aukinga av døgnplassar frå 400 til 200, og at året er 2030, vert eg bekymra. Det vert eg, for dette er alvor, og dette betyr veldig mykje for veldig mange sjuke pasientar som treng hjelpa vår. Så til votering: Vi støttar ikkje det andre forslaget frå FrP om private. Vi meiner at det er ivaretatt. Det finst fleire ideelle private DPS som fungerer veldig, veldig godt i dag."
2026-04-23,refs-202526-04-23,Møte torsdag den 23. april 2026,Mona Nilsen,A,Left,hovedinnlegg,"Mona Nilsen (A) [13:05:27]: Jeg vil også henstille til at vi faktisk holder oss for gode til å bruke ord som «tikkende bomber» om mennesker i ekstremt sårbare situasjoner. Det Fremskrittspartiet og Senterpartiet nå ønsker, er å skru klokka tilbake til før 2017. De vil fjerne kravet om manglende samtykkekompetanse og gjeninnføre et system der tvang kan brukes langt oftere – med svakere rettssikkerhet og mindre vekt på pasientens selvbestemmelse. Det er heller ikke i tråd med menneskerettighetene. Problemet med det er at det ikke støttes av kunnskap, for et samlet utvalg med bred faglig tyngde konkluderte med at kompetansemodellen burde videreføres. De skrev bl.a. at «en kompetansebasert modell har gitt en bedre balanse mellom pasientens rett til selvbestemmelse og statens plikt til å ivareta retten til helse». Og videre at «samtykkevilkåret har bidratt til økt oppmerksomhet om medbestemmelse, med tettere samarbeid mellom pasienter og helsepersonell». Dette er ikke småting, det er en faglig vurdering av at modellen virker etter hensikten. Utvalget pekte også på at utfordringene ikke skyldes lovverket, men mangel på ressurser, kompetanse, samhandling og frivillige alternativer. Det betyr at det er der innsatsen må ligge, ikke i å svekke pasientenes rettigheter. Jeg vil også minne om at Stortinget i april 2025 vedtok viktige endringer som nå trer i kraft. Det er senkede beviskrav for manglende beslutningskompetanse, styrket vurdering av farevilkåret, krav om voldsrisikovurdering og risikohåndteringsplan, bedre informasjonsinnhenting og tett samarbeid med kommunene ved overføring til tvunget vern uten døgnopphold. Dette er målrettede forbedringer, så la oss i hvert fall komme i gang og se resultatene av det før vi ønsker en retur til fortiden. I tillegg snakker vi om menneskerettsloven. Det er tydelige signal Fremskrittspartiet og Senterpartiet sender – at Norge ikke tar selvbestemmelse og ikke-diskriminering på alvor. Å reversere endringen tilbake til 2017 er i strid med utviklingen. Dette handler om mye mer enn bare paragrafer. Det handler om mennesker i sårbare situasjoner. Derfor er jeg svært glad for at et overveldende flertall i denne salen ikke ønsker å skru tiden tilbake til 2017, men at innsatsen må forsterkes og at man ikke må svekke pasientenes rettssikkerhet."
2026-04-23,refs-202526-04-23,Møte torsdag den 23. april 2026,Kristian August Eilertsen,FrP,Right,hovedinnlegg,"Kristian August Eilertsen (FrP) [13:10:50] (ordfører for saken): Jeg vil takke komiteen for behandlingen og samarbeidet om dette forslaget fra Rødt, og jeg regner med at de øvrige partiene vil komme tilbake til sine respektive begrunnelser i saken. Vi i Fremskrittspartiet er smertelig klar over den økonomiske situasjonen til Helse Stavanger. Bakgrunnen for den situasjonen er bl.a. dagens finansieringsmodell for sykehusene, som gjør at sykehusene betaler enorme summer i renter og avdrag til eieren sin, staten. FrPs klare holdning til dette er at det skal løses gjennom økte bevilgninger fra Stortinget og en ny finansieringsmodell for sykehusene som skiller mellom drift og investeringer, ikke gjennom nedbygging, flytting eller samlokalisering av viktige pasienttilbud. Vi er derfor veldig kritiske til styrets planer om å samlokalisere tjenester ved Egersund poliklinikk, der hensynet til økonomiske innsparinger ser ut til å veie tyngre enn hensynet til pasienter og ansatte. For Fremskrittspartiet er hensyn til reisevei og tilgjengelighet for pasienter i distriktet, og stabil drift i et velfungerende fagmiljø, helt sentralt. Dette er viktige grunner til at driften ved Egersund poliklinikk må opprettholdes. Vi deler også syn på behovet for å vurdere tiltak for å håndtere den økonomiske krisen i Helse Stavanger. Fremskrittspartiet har i våre alternative statsbudsjetter for både 2025 og 2026 foreslått betydelig styrking av sykehusøkonomien. Samtidig vil vi være tydelige: Det er fullstendig meningsløst at de offentlig eide helseforetakene skal betale store summer i renter og avdrag på lån til staten. Vi har nå fått en situasjon der sykehusene våre er blitt gjeldsslaver til sin egen eier. I 2025 betalte helseforetakene over 3 mrd. kr i renter og avdrag, og i år er det 4,5 mrd. kr. Dette er penger som i stedet burde ha gått til pasientbehandling. Til slutt vil jeg trekke fram forslaget om å vurdere en satellittavdeling for dialyse ved Egersund poliklinikk. I dag må flere pasienter i Dalane-området reise langt for dialyse, ofte tre ganger i uken. For pasienter med livslang dialyseavhengighet innebærer dette en svært stor belastning. Vi vet også at dagens transportordninger kan føre til lange og krevende behandlingsdager, og samtidig vet vi at flere eldre dialysemaskiner fases ut ved Helse Stavanger, maskiner som fortsatt kan være funksjonelle i en desentralisert modell. Et lokalt dialysetilbud i Egersund kan gi en mer forutsigbar, verdig og mindre belastende hverdag for pasientene. Derfor mener Fremskrittspartiet at muligheten for en satellittavdeling for dialyse må vurderes nærmere, og med det tar jeg opp forslaget fra Fremskrittspartiet og Senterpartiet om dette. Dette handler om desentralisering, pasienthensyn og å ta ansvar for å sikre helsetjenester der folk bor, og med det tar jeg også opp øvrige forslag i innstillingen som Fremskrittspartiet er med på – med unntak av forslag nr. 2, som vil bli redegjort nærmere for senere."
2026-04-23,refs-202526-04-23,Møte torsdag den 23. april 2026,Ragnhild Bergheim,A,Left,hovedinnlegg,"Ragnhild Bergheim (A) [13:14:05]: Dette er en sak som har skapt stort engasjement. Fakkeltog, høringssvar og mange henvendelser fra lokalpolitikere og innbyggere viser hvor viktig Egersund sykehus er for folk i Dalane. For mange er dette det nærmeste sykehuset når man trenger helsehjelp, ved akutt sykdom, ved fødsel eller når en trenger rask avklaring. Nærhet gir trygghet, og lokalsykehuset spiller en viktig rolle i den samlede beredskapen i regionen. Det handler også om arbeidsplasser og om tilliten til at helsetjenestene er der når folk trenger dem. Dette engasjementet er både forståelig, viktig og legitimt. Når folk opplever usikkerhet om framtiden til sitt lokale sykehustilbud, skaper det uro. Den uroen skal vi ta på alvor. Samtidig vil vi i Arbeiderpartiet være tydelige på én ting: Hvordan sykehustilbud organiseres og utvikles, kan ikke avgjøres gjennom et enkeltstående politisk vedtak her i salen. Vi har fortsatt en helseforetaksmodell der styrene har ansvar for drift, utvikling og prioriteringer – innenfor nasjonale rammer. Det er en modell som bygger på faglighet, helhetlig planlegging og ansvarlighet. Derfor mener Arbeiderpartiet at styret i helseforetaket må få rom til å gjøre jobben sin i denne saken. Det betyr ikke at lokale stemmer og engasjement er uviktig – tvert imot. Lokalkunnskap, behov og erfaringer må inngå i beslutningsgrunnlaget. Høringer, innspill og lokalt engasjement skal høres og tas med. Samtidig må selve avveiningen gjøres der ansvaret ligger, og gjennom de prosessene som er satt opp for å sikre at beslutningene tas på et helhetlig og faglig forsvarlig grunnlag. Arbeiderpartiet mener derfor at de ordinære prosessene må få gå sin gang. Dette er særlig viktig i en situasjon der økonomien ved Stavanger universitetssjukehus er presset, og der det diskuteres både stillingskutt og utsettelse av videre utbygging ved sykehuset. Da trenger vi ikke mer uro og mindre forutsigbarhet. Vi trenger ryddige prosesser og beslutninger som står seg over tid. Denne saken gjelder ikke bare sykehustilbudet i Dalane, den gjelder helsetilbudet til befolkningen i hele fylket. Utfallet er ikke gitt. Sykehuset i Egersund har viktige funksjoner i dag, og det finnes gode argumenter for hvilken rolle sykehuset skal ha også framover, når det gjelder både pasientbehandling, nærhet og avlastning. Nettopp derfor må dette avklares gjennom en samlet vurdering, ikke ved at Stortinget forskutterer konklusjoner. Arbeiderpartiet mener at vi best ivaretar både innbyggerne i Dalane og helsetilbudet i regionen ved å sikre at folk blir hørt, at lokale erfaringer tas på alvor, og at beslutninger tas gjennom ryddige og transparente prosesser. Til slutt vil jeg bare si at Arbeiderpartiet mener at helseforetaket må vurdere andre økonomiske tiltak knyttet til administrative funksjoner og ressurser før en gjør endringer i pasientbehandlingen. Vi mener også at det er fornuftig å legge til rette for at flere polikliniske tjenester kan utføres av sykepleiere og annet relevant personell. Vi vil derfor stemme for komiteens tilråding og forslag nr. 1."
2026-04-23,refs-202526-04-23,Møte torsdag den 23. april 2026,Erlend Svardal Bøe,H,Right,hovedinnlegg,"Erlend Svardal Bøe (H) [13:17:35]: Høyre mener det er viktig at vi har desentraliserte helsetjenester i landet vårt. Det gir nærhet og trygghet for pasienter og pårørende. Vi trenger en desentralisert sykehusstruktur som sikrer beredskap, øyeblikkelig hjelp og nærhet til sykehustjenester, og at de store sykehusene skal være spesialiserte og bygge opp under de mindre sykehusenes aktivitet. Høyre mener det er viktig å påpeke at Stavanger universitetssjukehus, SUS, ikke har vedtatt å legge ned Egersund poliklinikk, men at det er ett av flere tiltak SUS vurderer på grunn av den vanskelige økonomiske situasjonen helseforetaket er i. Det vil være en helt ny praksis om Stortinget også skal detaljstyre hva helseforetakene skal og ikke skal kunne gjøre av ulike vurderinger. Det er en vanskelig økonomisk situasjon som også Rødt som forslagsstiller må være med og ta ansvar for, som en av regjeringens aller viktigste budsjettpartnere på Stortinget. Det hjelper ikke å levere representantforslag som dette, men svikte når en sitter i forhandlingsrommet og ikke gjøre sykehusøkonomi til en av sine viktigste prioriteringer i budsjettforhandlingene. Sannheten er at uansett hva vi vedtar i dag, vil SUS fortsatt være i en vanskelig økonomisk situasjon, og det er det vi må klare å løse. Høyre foreslo i vårt forslag til statsbudsjett for 2026 1,2 mrd. kr mer til sykehusene enn det Støre-regjeringen gjorde. Vi har også i denne saken fremmet forslag om at alle helseforetak i Norge må vurdere andre økonomiske tiltak knyttet til reduksjon i administrative funksjoner og ressurser før det gjøres eventuelle endringer i oppgaver og funksjoner som er direkte knyttet til pasientbehandling. Jeg må si jeg synes det er merkelig at ikke flere parti er med og sikrer flertall for det forslaget, all den tid de samme partiene er hyppige kritikere av byråkrati i Helse-Norge. Egersund poliklinikk tilbyr i dag en rekke desentraliserte helsetjenester. Mange av disse helsetjenestene er sykepleierdrevet. Det innebærer at sykepleiere har ansvaret for behandling og oppfølging av pasientene innenfor gitte rammer. Dette er en praksis flere steder allerede i dag, og det er en praksis som mange steder bidrar til at desentraliserte helsetjenester, som i Egersund, kan opprettholdes. Derfor er Høyre glad for at en enstemmig komité går inn for forslaget om å se på hvordan flere sykepleierdrevne polikliniske tilbud kan opprettholdes og styrkes, som et ledd i å sikre desentraliserte spesialisthelsetjenester, også gjennom økt bruk av teknologi og tverrfaglige team. For Høyre er det viktig at vi sikrer en styrket sykehusøkonomi i tiden framover, nettopp for å bidra til at vi fortsatt kan ha desentraliserte helsetjenester, som vi f.eks. ser i Egersund. Med det tar jeg opp forslaget Høyre er en del av."
2026-04-23,refs-202526-04-23,Møte torsdag den 23. april 2026,Kathy Lie,SV,Left,hovedinnlegg,"Kathy Lie (SV) [13:20:58]: Dette forslaget handler om nok et kutt i pasientbehandling i distriktene som ikke skyldes faglige vurderinger, men er basert kun på økonomiske innsparinger. Her står Helse Stavanger i en krevende økonomisk situasjon som skyldes kostnader knyttet til byggingen av nytt sykehus i Stavanger. Vi har hatt flere saker det siste året hvor helseforetak sliter økonomisk på grunn av finansieringsmodellen, hvor helseforetakene må låne penger av staten til bygging av nye sykehus, og hvor lånet må betales tilbake til staten med renter så fort det er ferdig. Dette går i dag ut over driften, og helseforetakene må snu hver stein for å spare. Jeg er glad for at vi har vedtatt at regjeringen skal legge fram forslag til en ny finansieringsordning for sykehus hvor investeringer ikke går på bekostning av midler til drift, men i mellomtiden strever helseforetakene fortsatt med økonomien, og nedleggingsforslagene kommer på løpende bånd. En nedlegging av sykehusdriften og poliklinikken i Egersund vil gå hardt ut over tilbudet til befolkningen i den sørligste delen av Rogaland og alvorlig svekke tilgjengeligheten til spesialisthelsetjenester for befolkningen i Dalane. Vi har ganske nylig kjempet en kamp for det lokale behandlingstilbudet ved sykehusene i Sogn og Fjordane og dessverre tapt, og nå har vi også denne kampen å ta. Helseministeren kritiserer oss for å gripe inn i styringen av helseforetakene og legge premisser for det som eventuelt kommer i den store helsereformen utvalget skal komme med til høsten. SV mener tiden nå ikke er inne for å la helseforetakene rasere lokale tilbud mens vi venter på å komme i gang med helheten. SV vil ikke stemme for å opprette nye tilbud på nye steder i denne fasen, men vi mener det er et klart skille mellom å opprette noe nytt og det å kjempe for å beholde det vi har. Ikke minst mener vi det er feil vei å gå å legge ned lokale sykehustilbud bare begrunnet med økonomi, uten faglige grunner. Det å ha tilgang til helsetjenester i nærheten av der man bor, har stor betydning for trygghet og bolyst, og ikke minst er det mange sårbare pasienter som har utfordringer med lang reisevei til behandling. Hvis helseforetaket velger å legge ned poliklinikken i Egersund, skyver de kostnaden over på innbyggerne. Denne kostnaden mener vi staten må ta. SV mener Helse Stavanger HF må tenke om igjen og sikre at driften ved Egersund poliklinikk blir opprettholdt. SV mener regjeringen må vurdere andre tiltak mot den økonomiske krisen i Helse Stavanger. Til slutt: SV varsler at vi kan støtte forslag nr. 1, fra Arbeiderpartiet og Høyre. Vi står fortsatt ved forslag nr. 3, men vi fremmer ikke forslag nr. 2, da det vil fremmes andre forslag senere i denne debatten."
2026-04-23,refs-202526-04-23,Møte torsdag den 23. april 2026,Kjersti Toppe,Sp,Center,hovedinnlegg,"Kjersti Toppe (Sp) [13:24:03] (leiar i komiteen): Det er svært uheldig at knappe økonomiske rammer for finansiering av drift og investering i sjukehus på denne måten går ut over viktige pasienttilbod. Ei medverkande årsak til nedlegginga er behovet for å finansiera nytt sjukehus i Stavanger – og her siterer eg meg sjølv. Eg sa dette i november 2018, då vi fremja eit forslag i Stortinget om å sikra at dei 16 sengeplassane på rehabiliteringsavdelinga 2 Øst i Egersund vart oppretthaldne. Det er den same situasjonen vi står i no, åtte år etterpå. Då ein la ned rehabiliteringsavdelinga med 16 sengeplassar i Egersund i 2018, var det økonomisk motivert. Føretaket var heilt tydeleg i sine planar då om at det var føreslått og gjennomført for å forbetra den økonomiske situasjonen i føretaket for å klara å få eigenkapital til det nye sjukehuset i Stavanger. Eg meiner Egersund har tolt nok av sentralisering for å kunna finansiera eit nytt sjukehus, som Stavanger absolutt har behov for, men det får vera grenser for kva konsekvensar det skal ha for polikliniske tenester i distrikta. Egersund poliklinikk og den sjukehusavdelinga som har vore der, er eit fantastisk eksempel på at det er mogleg å få til gode desentraliserte tenester. Det er poliklinisk aktivitet og polikliniske tilbod for veldig mange pasientar – eldre og barn og unge, ja, men òg folk som er i arbeidslivet, som slepp å ta så mykje fri frå arbeid. Det er eit tilbod som faktisk fungerer, og med god kvalitet. Det er ingen faglege argument for at dette tilbodet skal verta lagt ned, det er økonomiske argument. Når Høgre og Arbeidarpartiet fremjar eit forslag i innstillinga om at dei ber føretaket sikra andre reduksjonar i administrative funksjonar og ressursar før det vert gjort eventuelle endringar i oppgåver og funksjonar knytte til pasientbehandling, er det eit forslag vi aldeles ikkje kan støtta, for det forslaget er ei blankofullmakt til helseføretaka om å gjera endringar i pasientbehandlinga. Det er mange parti som snakkar fint om desentralisering, men dei vil altså ikkje sikra det. Med det tar eg opp forslag nr. 5, frå Senterpartiet og Raudt."
2026-04-23,refs-202526-04-23,Møte torsdag den 23. april 2026,Marius Langballe Dalin,MDG,Center,hovedinnlegg,"Marius Langballe Dalin (MDG) [13:31:03]: Det er ei stor glede å sjå at Stortinget er blitt så oppteke av å ta vare på dei polikliniske dagtenestene. Å ha polikliniske tenester som dette lokalt er god distriktspolitikk, og det er god samfunnsøkonomi. Det er bra for pasientane, ikkje minst, og det er bra for samfunnet lokalt. Det bidrar til at ein må reise vesentleg mindre. Reiser kostar både pengar og slit, og gjer at mange eldre og skrøpelege vel bort helsetenester dei absolutt burde hatt. Det har eg personleg erfaring med i bøtter og spann. Det er svært lite å spare på å ta vekk polikliniske dagtenester, og difor er det forstemmande å sjå at det er sånn ein ønskjer å spare. Vi forstår den fortvilte økonomiske situasjonen i Rogaland, men dette er likevel ikkje ein god måte å gjere det på. Der vi kan tilby gode tenester av høg kvalitet lokalt, må vi strekkje oss lite grann for å få det til. Her meiner eg at vi må strekkje oss. Vi støttar forslaga nr. 3, 4 og 5, nettopp fordi vi ønskjer å bevare poliklinikkane og gjerne styrkje dei framover. Det er bra for pasientane, og vi meiner at dette må vi ta oss råd til. Samfunnsrekneskapen går sannsynlegvis opp på ein veldig god måte med desse forslaga."
2026-04-23,refs-202526-04-23,Møte torsdag den 23. april 2026,Ida Lindtveit Røse,KrF,Center,hovedinnlegg,"Ida Lindtveit Røse (KrF) [13:32:57]: I Egersund fikk man for over 50 år siden sykehus med somatisk poliklinisk virksomhet. Sykehuset fungerer som en forlenget arm for Stavanger universitetssykehus og tilbyr dem som bor i distriktene, nærhet til spesialisthelsetjenesten. I 2025 var det 10 600 oppmøter på poliklinikken. Det var oppmøter som handlet om undersøkelser, prøver, kontroller, opplæringer og behandlinger, og det er tilbud til pasienter med hjertesykdom, lungesykdom, diabetes, blod- og kreftsykdommer, for å nevne bare noe. Det utføres også røntgendiagnostikk og blodprøvetaking der. Når Stavanger universitetssykehus er til stede i Egersund, sparer det folk i regionen for rundt to timers reisevei for å få utført tjenestene. Det kan bety at foreldre og barn kan spare to timer på en diabeteskontroll, at en kreftsyk pasient kan spare to timer på en cellegiftbehandling, og for en lite mobil pasient kan det bety at man sparer en tur med ambulanse, noe som kan forhindre et tap av akuttberedskap i regionen i disse to timene. Sist, men ikke minst: For de aller svakeste, som er avhengig av hyppig cellegift, blodoverføring og andre spesialiserte behandlinger, vil ubehaget som følger med turer til Stavanger, være tungen på vektskålen som gjør at de sier fra seg muligheten til behandling. Tilbudet er derfor av enormt stor betydning for enkeltmennesker, ja, også for de aller mest sårbare blant oss. Det er jo akkurat det vi har som utgangspunkt for helsepolitikken vår. KrF mener at en nedleggelse av tilbudet er feil. Vi mener det må opprettholdes. Vi er også veldig skeptisk til den helsepolitikken som føres nå, der investeringer gjøres på bekostning av drift, og at det skjer sted etter sted, og at samtidig som Stortinget har sagt at man skal utrede et skille mellom drift og investeringer, og vi har en helsereform på trappene, legges tilbud ned. Derfor fremmer vi, sammen med Senterpartiet, FrP, Rødt, SV og MDG, følgende forslag i dag: «Stortinget ber regjeringen sikre at det polikliniske tilbudet ved sykehuset i Egersund blir videreført.»"
2026-04-23,refs-202526-04-23,Møte torsdag den 23. april 2026,May Helen Hetland Ervik,FrP,Right,replikk,"May Helen Hetland Ervik (FrP) [13:39:01]: Denne saken gjelder framtiden til et velfungerende tilbud i Egersund som i dag gir nødvendig helsehjelp nært folk, avlaster sykehuset i Stavanger og gir trygghet for pasienter, pårørende og et lokalsamfunn. Det er et tilbud som fungerer veldig godt, men som likevel står i fare for sentralisering, med store konsekvenser for dem som er avhengig av dette tilbudet i hverdagen. Mine spørsmål er: Ser statsråden den samme verdien i et lokalt, velfungerende helsetilbud som pasientene og lokalsamfunnet gjør? Hva tenker ministeren om verdien av å ha et lokalsykehus med poliklinikker?"
2026-04-23,refs-202526-04-23,Møte torsdag den 23. april 2026,Statsråd Jan Christian Vestre,NA,NA,replikk,"Statsråd Jan Christian Vestre [13:41:42]: Jeg mener absolutt at det er gode argumenter for å ha desentraliserte dialysetilbud. Dette er behandling som de som trenger det, bruker mye og ofte. Da er det helt opplagt at reisevei spiller en veldig viktig rolle. Jeg mener imidlertid at det er grenser for hvor mye detaljstyring, over de lokale sykehusstyrene, storting og regjering skal drive med. Det er nok mange lokalsykehus, distriktsmedisinske sentre og halvannenlinjetjenestetilbud som ønsker seg ulike tilbud, og noen må da gjøre en helhetlig vurdering av hva som på best mulig måte ivaretar hensynet til pasientene og hensynet til helsepersonellet, og hva som gir en hensiktsmessig og effektiv organisering av tjenestetilbudet. Jeg er litt redd for at hvis vi løfter ut enkeltsaker og pålegger etableringer ulike steder uten at vi tar ansvar for den helheten som de lokale sykehusstyrene skal ta ansvar for, er det ikke sikkert at vi i sum får et bedre pasienttilbud for innbyggerne våre. I verste fall risikerer vi å svekke pasienttilbudet. Derfor mener jeg at dette er spørsmål som det lokale sykehusstyret må få vurdere – noe de helt sikkert gjør."
2026-04-23,refs-202526-04-23,Møte torsdag den 23. april 2026,Erlend Svardal Bøe,H,Right,replikk,"Erlend Svardal Bøe (H) [13:43:01]: Jeg tror det er klokt at vi har desentraliserte helsetjenester, som vi f.eks. ser i Egersund. Der handler det om hvorvidt en skal instruere eller ikke instruere sykehusene fra å kunne gjøre ulike vurderinger. Akkurat der er Høyre og statsråden enig. Grunnen til at vi står og diskuterer dette, er at sykehusene sliter økonomisk. En ser at en er nødt til å ta fra pasientbehandling for å betale renter og avdrag og andre ting. Vi må anerkjenne den vanskelige økonomiske situasjonen sykehusene står i, selv om statsråden bruker veldig mye av tiden på å skryte av alt det fantastiske regjeringen har gjort, samtidig som virkeligheten er en helt annen der ute. Da er spørsmålet hva vi kan gjøre mens vi venter på et helsereformutvalg, for å bedre den økonomiske situasjonen til sykehusene. Spørsmålet er hvorfor ikke regjeringen f.eks. gjør mer knyttet til renter og avdrag for sykehusene, noe som ganske raskt ville gjort at sykehusene ble satt i en bedre økonomisk situasjon."
2026-04-23,refs-202526-04-23,Møte torsdag den 23. april 2026,Statsråd Jan Christian Vestre,NA,NA,replikk,"Statsråd Jan Christian Vestre [13:44:06]: Jeg vet ikke om jeg helt forstår den kritikken. Jeg skryter ikke av regjeringens innsats, men når ventetidene nå går ned, måned for måned, vi setter rekord i pasientbehandlinger og veldig mye går godt i norske sykehus, skryter jeg av norsk helsepersonell og de fantastiske fagfolkene vi har i sykehusene våre som gjør en enestående innsats, og av deres dyktige ledere. De fortjener ros og anerkjennelse. De er ryggraden i helsetjenesten vår, og det fortjener de all anerkjennelse for. Jeg forstår ikke helt denne kritikken, for tall fra teknisk beregningsutvalg viser at realveksten i sykehusbudsjettene har vært større under den rød-grønne regjeringen enn under den borgerlige regjeringen. Vi kan også gjerne diskutere renter og hva regjeringen gjør med rentene, men det er et faktum at det var den borgerlige regjeringen som justerte rentefastsettelsen opp til at sykehusene skulle betale markedsbasert rente. Det er denne regjeringen og det rød-grønne budsjettsamarbeidet som har satt rentefastsettelsen ned, gjennom at en følger statens innskuddsrente. Også her må det jo være sammenheng mellom liv og lære."
2026-04-23,refs-202526-04-23,Møte torsdag den 23. april 2026,Kjersti Toppe,Sp,Center,replikk,"Kjersti Toppe (Sp) [13:47:56]: Vi bør eigentleg slutta å møtast på denne måten, om nok ei sentraliseringssak i helsetenesta vår som er økonomisk motivert, for dette er saker Senterpartiet er veldig opptatt av, og som vi meiner er unødvendige. Vi kunne ønskt at helsesektoren var folkevaldstyrt, for da hadde vi sloppe å ta desse sakene inn i stortingssalen. Vi kunne òg ønskt at vi hadde hatt ein statsråd og ei regjering som var tydelege politisk på at føretaka skulle sikra eit desentralisert helsevesen, og som hadde sett ein stoppar eller stolpar for kor mykje sentralisering ein kunne gjera. Med Lærdal som erfaring vil eg spørja: Er det noka grense for statsråden i kva sentraliseringsforslag føretaka no kan ha, før statsråden vil gripa inn og ikkje berre venta og sjå?"
2026-04-23,refs-202526-04-23,Møte torsdag den 23. april 2026,Statsråd Jan Christian Vestre,NA,NA,replikk,"Statsråd Jan Christian Vestre [13:48:58]: Det er det absolutt, og jeg mener alvor når jeg sier at vi skal ha et helsetilbud over hele landet vårt. Nøkkelen til det er bl.a. at vi har gode desentraliserte tjenester. Hvis representanten tenker seg om, tror jeg hun vet at jeg veldig ofte snakker om hvilke oppgaver vi kan flytte til lokalsykehusene våre, hvordan vi kan tenke helt nytt om samarbeid mellom kommunehelsetjeneste og spesialisthelsetjeneste, som gjør at en rekke av de oppgavene man i dag må reise langt for å få, på store akuttsykehus, heller kan leveres i desentraliserte halvannenlinjetjenester mye tettere på der hvor folk bor i distriktene. Jeg mener absolutt at vi skal få til det. Hvis noen av helseregionene skulle komme med forslag som innebærer vesentlige endringer i sykehusstruktur, f.eks. å legge ned et lokalsykehus, må det reises i et foretaksmøte. Da er jeg helt sikker på at det blir debatt om det, men det har altså ikke regjeringen foreslått."
2026-04-23,refs-202526-04-23,Møte torsdag den 23. april 2026,May Helen Hetland Ervik,FrP,Right,hovedinnlegg,"May Helen Hetland Ervik (FrP) [14:30:22]: Det er ikke greit at det skapes usikkerhet rundt Egersund poliklinikk nå. En avvikling av poliklinikkens drift vil innebære at spesialisthelsetjenestens fysiske nærvær i Sør-Rogaland forsvinner, noe som også vil svekke tilgjengeligheten til helsetjenestene for befolkningen i sør. Poliklinikken er en livsviktig del av hverdagen for mange mennesker, særlig for mennesker i sårbare situasjoner og deres familier. Å ha nærhet til helsetjenester gir trygghet, forutsigbarhet og rask tilgang til hjelp. Poliklinikken vi har i Egersund, gir et godt og effektivt tilbud med høy faglig kompetanse. Samtidig avlaster den sykehuset i Stavanger, og hver pasient som får hjelp lokalt, er én pasient mindre kø ved et allerede presset sykehus. En avvikling vil også øke belastningen på systemet, og det vil være pasientene og de pårørende som må betale prisen. Det er svært gledelig og helt fantastisk at det nå ser ut til at det går mot et flertall på Stortinget for å bevare og sikre videre drift ved Egersund poliklinikk. Voteringen vil dra ut, men vi vil få svar over helgen. Det er et viktig signal, og målet må være å opprettholde og styrke dette helsetilbudet vi har i Egersund, med høy kvalitet og god pasientnærhet. I dag behandler vi også et forslag fra Fremskrittspartiet, med støtte fra Senterpartiet, om å vurdere etablering av en satellittavdeling for dialyse ved Egersund poliklinikk. Jeg håper også at dette kan få flertall. For mange dialysepasienter er dette ikke en behandling man kan velge bort eller tilpasse etter eget ønske. Dialyse er livsnødvendig – ofte tre ganger i uken, år etter år – og det er ikke alle som har mulighet til å få behandlingen hjemme. Derfor er nærheten til et dialysetilbud helt avgjørende. Det er avgjørende at vi tar oss tid til å forstå hverdagen og situasjonen som disse pasientene lever i. Å være bundet til behandling tre ganger i uken til faste tider gjør det umulig å reise langt, noe som igjen gjør det krevende å leve et normalt hverdagsliv sammen med familien. For disse dialysepasientene er ikke nærhet en luksus; det er livsviktig. Når dialysebehandlingen er ferdig ved f.eks. Universitetssykehuset i Stavanger, blir mange dialysepasienter sittende og vente på transport f.eks. tilbake til Egersund. Det kan noen ganger ta opptil en hel time fordi kjøringen må samordnes for å spare kostnader. I tillegg til ventetiden må de påregne en og en halv time ekstra til å kjøre til Egersund. Jeg ser at tiden går fra meg, så jeg må tegne meg på nytt."
2026-04-23,refs-202526-04-23,Møte torsdag den 23. april 2026,Morten Sandanger,A,Left,hovedinnlegg,"Morten Sandanger (A) [14:36:30]: I forrige uke gikk jeg i mitt livs første fakkeltog, mot nedleggelsen av Eigersund sykehus. Det er et viktig tilbud for Dalane-regionen, både for næringslivet og for innbyggerne. Engasjementet fra Eigersund Arbeiderparti og Rogaland Arbeiderparti i denne saken har vært enormt. Telefonen min har knapt vært stille de siste dagene. I fakkeltoget føltes det ut som nesten hele Eigersund hadde møtt opp. Det var tydelig at dette er en enormt viktig sak for hele regionen. Hvis folk må bruke en arbeidsdag i stedet for en time for å motta poliklinisk behandling, er både de økonomiske og menneskelige kostnadene høye. Arbeiderpartiet er helt enig med flere partier her inne om at et desentralisert helsetilbud er viktig, og at distriktstilbud også er viktig. Folk bør slippe å reise helt inn til Stavanger for å få behandling. Heldigvis er det ikke jeg som sitter på kompetansen på dette feltet og skal ta disse beslutningene. Dette er til syvende og sist en beslutning som helseforetaket selv må ta. De sitter med den hele og fulle oversikten over økonomien. Vi har alle lest artiklene i Aftenbladet om økonomien i Helse Stavanger. Den er ikke bra, men allikevel betyr ikke det nødvendigvis at tilbudet skal legges ned. Oversikten over økonomien ligger hos fagfolkene, men vedtaket som Stortinget kommer til å fatte, som er enstemmig fra komiteen, gir et signal om at dette tilbudet er viktig. Går vi inn for å overprøve helseforetaket, derimot, kan det få enda større katastrofale konsekvenser. I ytterste konsekvens er jeg redd for at hele byggetrinn to på nye SUS kan ryke. Er det noe resten av representantene fra Rogaland er villig til å leve med? I så fall blir det på deres kappe."
2026-04-23,refs-202526-04-23,Møte torsdag den 23. april 2026,Farahnaz Bahrami,A,Left,hovedinnlegg,"Farahnaz Bahrami (A) [14:54:31]: Gratulerer, president! Jeg vil takke alle organisasjoner og privatpersoner som har sendt oss sine innspill i denne saken. Dette viser hvor viktig denne saken er. Røyking er fortsatt en av de største årsakene til sykdom og tidlig død i Norge. Selv om vi har gjort store framskritt, røyker fortsatt mellom 7 pst. og 9 pst. av voksne nordmenn i dag. Forskning fra Folkehelseinstituttet og Verdens helseorganisasjon viser tydelig at røyking er skjevt fordelt sosialt. Personer med lavere inntekt og utdanning røyker oftere, starter tidligere, har vanskeligere for å slutte, og rammes hardere av sykdommer som lungekreft og kols. Dermed blir røyking en viktig driver for ulikhet i levealder og helse. Det er viktig å minne om at Norge allerede har en rekke røykesluttilbud, gjennom fastleger, frisklivssentraler, helsetjenester og digitale verktøy. Stortinget har allerede vedtatt i folkehelsemeldingen å etablere et nasjonalt røykesluttprogram. Jeg har stor forståelse for dette forslaget, og det er bra at det fokuseres på røykeslutt. Arbeiderpartiet i regjering vil fortsette arbeidet med forebyggende tiltak for å hindre at barn og unge blir hektet på nikotin og tobakksprodukter, inkludert e-sigaretter, og vi jobber for etablering av et nasjonalt røykesluttprogram, som blir behandlet i de ordinære budsjettprosessene. Til FrP og Høyre som vil åpne for flere nikotinfrie produkter på markedet som en løsning på røyking: Dette er feil vei å gå. Produkter som e-sigaretter og nikotinposer senker terskelen for å begynne med nikotin, særlig blant unge. Erfaringer fra flere land viser at personer som ellers ikke ville ha røyket, starter med disse produktene. Da får man ikke bare færre røykere, man får flere nikotinbrukere totalt. Nikotin er sterkt avhengighetsskapende. Selv om man går fra sigaretter til andre produkter, er man fortsatt avhengig. Fra et folkehelseperspektiv er målet å redusere avhengighet, ikke bare bytte form. Hvis målet vårt er en nikotinfri ungdomsgenerasjon, kan vi ikke samtidig gjøre det lettere for nye produkter å etablere seg i markedet. Vi mener derfor det er riktig å holde fast ved en streng og kunnskapsbasert regulering av nye nikotinprodukter, nettopp for å beskytte våre barn og unge. Arbeiderpartiet vil føre en tobakkspolitikk som både forebygger at unge begynner, og hjelper mennesker som ønsker å slutte."
2026-04-23,refs-202526-04-23,Møte torsdag den 23. april 2026,Statsråd Jan Christian Vestre,NA,NA,hovedinnlegg,"Statsråd Jan Christian Vestre [15:10:11]: La meg først si at jeg setter stor pris på at representantenes forslag i denne saken retter oppmerksomhet mot røykingens negative påvirkning på folkehelsen og behovet for å hjelpe dem som ønsker å slutte. Jeg er også glad for utålmodigheten som blir vist. Siden vi har hatt mange timer helsedebatt så langt i dag, og siden vi har diskutert en del tiltak som det ikke følger finansiering med, har jeg lyst til å gi anerkjennelse til Kristelig Folkeparti, for de har fremmet et Dokument 8-forslag som de har finansiert i sitt forslag til alternativt statsbudsjett for i år. Hvis jeg ikke husker feil, ligger det inne 81 mill. kr i KrFs budsjett til et røykesluttprogram. Det er det jeg har prøvd å få fram: Når man vedtar sånne forslag, må det følge penger med, ellers blir det umulig å følge dem opp. Mange partier kan la seg inspirere av det Kristelig Folkeparti gjør i denne saken. Røyking er den viktigste enkeltårsaken til sykdom og for tidlig død i Norge. Det forårsaker hvert år om lag 5 000 for tidlige dødsfall. Røyking er også en hovedårsak til sosiale helseforskjeller. Samfunnskostnaden ved røyking i Norge anslås til å være om lag 120 mrd. kr per år. Det er riktig, som det har blitt sagt, at Helsedirektoratet har gjennomført et treårig pilotprosjekt for røykeslutt i Vestre Viken, der deltakerne fikk gratis legemidler til røykeslutt og veiledning ved frisklivssentraler. Prosjektet har blitt evaluert av Folkehelseinstituttet og har vist svært gode resultater. Blant annet avlastet programmet fastlegene i regionen, og de nådde særlig de med lavere utdanning. Så et nasjonalt røykesluttprogram er et av tiltakene i tobakksstrategien og kreftstrategien. Foreløpig har imidlertid ikke regjeringen funnet plass til å kunne prioritere dette i våre statsbudsjetter. Så blir det et spørsmål om prioriteringer framover, og det er Stortinget som til syvende og sist vedtar budsjettet. Hvis et slikt program skal etableres – og det mener jeg at det bør – må vi altså prioritere midler til det. Det skjer som sagt i de ordinære budsjettprosessene, på vanlig måte. Jeg noterer meg at Høyre og Fremskrittspartiet har fremmet et forslag som egentlig ikke handler om representantforslaget i det hele tatt, men det er likevel lagt inn i innstillingen. Det handler om å tillate salg av tobakksfri nikotinsnus i Norge. Da må jeg bare si, med all respekt, at det synes jeg er et merkelig forslag. Disse produktene selges allerede som reseptfrie legemidler. De er fullt ut tilgjengelig for alle voksne røykere, men å gå derfra til å argumentere for at disse produktene bør tilbys til flere enn dagens røykere, mener jeg er å gå tobakksindustriens ærend. For å oppsummere: Jeg setter pris på at representantforslaget setter fokus på røykingens negative påvirkning på folkehelsen. Vi må ha en politikk som tar de grepene som er nødvendig for at færrest mulig skal røyke, og vi må naturligvis gjøre det enklere å slutte å røyke."
2026-04-23,refs-202526-04-23,Møte torsdag den 23. april 2026,Ove Trellevik,H,Right,hovedinnlegg,"Ove Trellevik (H) [15:57:35] (ordførar for saka): Rapporten frå Riksrevisjonen har avdekt alvorlege svakheiter i norsk hamneberedskap, spesielt knytte til manglande oversikt over kva hamner som er samfunnskritiske, og dessutan mangelfulle planar for alternative forsyningslinjer under krise og krig. 90 pst. av alle varer som går inn og ut av landet, har vore gjennom ei hamn. Noreg har over 600 hamneanlegg som handterer skip i internasjonal trafikk. Anlegga er også viktige for fiskerinæringa og innanrikstrafikk. Nokre av hamneanlegga er så store og sentrale at dei er viktige for heile samfunnet. Den auka tryggingspolitiske spenninga gjer at hamnene også blir meir sårbare for uønskte handlingar. Ein trussel mot samfunnsviktige hamneanlegg som ikkje er tilstrekkeleg sikra, kan trua samfunnstryggleiken. Me er inne i det femte året med krig i Europa. Arbeidet med totalberedskapen burde ha vore sett høgare på prioriteringslista hos regjeringa. Regjeringa må ta ansvar for å identifisera og klassifisera kva hamneanlegg som er avgjerande for forsyning av varer og militær støtte. Det er urovekkjande at regjeringa parerer kritikken med at det er aktørane i verdikjedene som sjølve må finna erstatningskaiar. Det er no eingong slik at nokre kaiar er samfunnskritiske, anten regjeringa ser det eller ikkje. Ryk kornkaia vår, har me få alternativ. Dette må regjeringa ta inn over seg. Det er regjeringa sitt ansvar at matforsyninga til landet går greitt. Regjeringa må implementera tiltak som varetek både tryggleik mot sabotasje og vidareføring av funksjonar i krig. Regjeringa må samordna beredskapsplanar mellom Nærings- og fiskeridepartementet, Kystverket, Forsvaret og private hamneoperatørar for å sikra heilskapleg handtering. Det må òg utarbeidast konkrete planar for korleis varer og militært utstyr skal fraktast dersom hovudhamnene blir sette ut av spel, og så må det øvast på ulike scenario. Vidare må regjeringa sikra at forskrifta om hamneberedskap og støtte til Forsvaret blir følgt opp i praksis i alle relevante hamner. Samtidig er det ikkje berre i hamnene det er utfordringar med korleis regjeringa følgjer opp beredskapen. Stortinget har vedteke totalberedskapsmeldinga, og regjeringa må no sikra rask implementering av dei føreslegne tiltaka for å auka motstandskrafta i samfunnet. Det er avdekt at mange kommunar manglar midlar og kapasitet til å prioritera beredskapsarbeid. Det må stillast tydelegare krav til lokal beredskapsplanlegging. I den første langtidsplanen for sivil beredskap må område som elektronisk kommunikasjon, transport og forsyningstryggleik bli vektlagde tungt. Då Russland gjekk inn på Krym i 2014, tilspissa tryggingssituasjonen seg i Europa. NATO stilte høgare krav til sivil beredskap, og i 2016 bestemde Stortinget at totalforsvaret skulle styrkjast. Det er ni år sidan. Svakheitene kontrollkomiteen peikar på i sakene me dag har til behandling, er kjende. Det som er oppsiktsvekkjande, er at dei ikkje er handterte betre av regjeringa. Det er likevel viktig for meg å presisera at Noreg er på veg mot å styrkja totalforsvaret. Både totalberedskapsmeldinga og langtidsplanen for forsvarssektoren inneheld viktige tiltak. Planane må følgjast, og dei må følgjast opp. Det er òg viktig å erkjenna at planar ikkje løyser alle problem åleine. Det må øvast, og det må samhandlast på tvers av sektorar. Me har ikkje tid til den treigheita me ser. Justisdepartementet og politiet burde ha vore pådrivarar for den sivile beredskapen, men politiet seier at dei ikkje eingong har nok ressursar til å delta fullt ut, verken i planarbeid eller i øvingar. Det er slik at førebuingar må gjerast i fredstid. Beredskapsplanar må leggjast, og øvingar må gjennomførast. I tillegg er det viktig å evaluera og læra. Likevel viser undersøkinga til riksrevisjonen at planar og øvingar i for liten grad førebur dei sivile aktørane i kommunane og regionane på å støtta militære behov. I tillegg må Forsvaret betre og tydelegare kommunisera prioriteringane sine. Alle sivile aktørar Riksrevisjonen har snakka med, seier at det er uklart kva Forsvaret vil trenga frå dei i ei krise eller krig, skriv Riksrevisjonen. Kommunane i undersøkinga seier til dømes at dei har svært lite informasjon og ikkje veit kva dei må førebu seg på for å kunna støtta Forsvaret. Sivile aktørar i kommunar og fylke må vita korleis til dømes helsepersonell skal prioriterast, og korleis dei då skal driva eldreomsorga og arbeidet sitt i sin kommune. Når dei ikkje får god samhandling med Forsvaret og gode tilbakemeldingar om dette, er det òg vanskeleg å laga lokale beredskapsplanar."
2026-04-23,refs-202526-04-23,Møte torsdag den 23. april 2026,Julie E. Stuestøl,MDG,Center,hovedinnlegg,"Julie E. Stuestøl (MDG) [16:15:17]: Norge er et lite land i en urolig verden, og aldri før i min levetid har så mye vært så usikkert og behovet for å prioritere trygghet vært større. Den sikkerhetspolitiske situasjonen krever av oss at vi evner å se sammenhenger, for alt som foregår der ute, skaper ringvirkninger her hjemme, og med krigshisseriet fra Trump og Putin vil ikke verden bli tryggere eller mer forutsigbar med det første, dessverre: Demokrati under press, polarisering, tollbarrierer og fysiske blokader, forsyningslinjer som brytes, og produksjonen av kritiske varer som forsinkes eller stopper helt opp. Økte priser på drivstoff er ett eksempel på dette. Skal vi forsøke å dempe konsekvensene og sikre mest mulig trygghet og forutsigbarhet her hjemme, da må norske politikere evne å tenke klokt om hvordan vi håndterer ringvirkningene. Både pandemien og Russlands invasjon av Ukraina førte til den samme alvorlige situasjonen som vi står overfor nå: svekket forsyningssikkerhet. Alle som driver med krisehåndtering lokalt og nasjonalt, har flere ganger de siste årene måttet være bekymret for at folks frykt for tomme hyller skal forverre situasjonen. Dette vil vi antakelig kjenne på igjen. Men tross alt og tross krig i Europa er det fred her hjemme nå, og det er godt, for planer for kriser legges best i fredstid. Derfor er det veldig bra at 2026 er totalforsvarsåret, og at den sikkerhetspolitiske situasjonen har ført til et styrket forsvar, og at befolkningens egenberedskap får stadig økt oppmerksomhet. Jo flere av oss som kan klare oss selv i en krise, desto mer av kapasiteten til beredskapsetatene kan brukes på å beskytte landet og ta vare på dem som trenger det mest. Som en mangeårig beredskapsbyråkrat er det åpenbart for meg at det har skjedd veldig mye på dette feltet de siste 10–15 årene. Mens det å lagre vann i kjelleren var en litt snodig preppe-oppførsel for ikke så veldig lenge siden, er det å ha fyrstikker, ved og boksemat i kjelleren til noen dager i ferd med å bli like åpenbart for egenberedskapen og sikkerheten som det å ha brannvarslere i huset eller å bruke belte i bilen, og det er veldig bra. Riksrevisjonens undersøkelse viser også at det er gjort en hel del som er bra, og at det er en positiv utvikling, men sammen med svarene fra komiteens høring er det åpenbart for MDG og meg at det er mye som må bli bedre dersom vi skal sikre tryggheten mot de truslene som med vilje eller indirekte kan destabilisere samfunnet vårt. Et av de viktigste funnene i Riksrevisjonens rapport er at det mangler en helhetlig oversikt over hvilke aktører som er avhengige av de samme ressursene, og at totalforsvarsaktørene på regionalt og lokalt nivå er usikre på hvordan prioriteringer vil påvirke deres ressurstilgang i en krise. Vi vet altså ikke nok om hvordan en forsyningskrise vil påvirke beredskapen vår. Så langt innen totalforsvarsarbeidet ser det ut til at spørsmålet om hvordan sivil sektor skal understøtte Forsvaret, har fått langt mer oppmerksomhet enn det akkurat like viktige spørsmålet om hvordan sivil sektor skal sikres kontinuitet, altså hvordan vi skal holde veier, strømforsyning, kommunikasjon og de helt grunnleggende nasjonale funksjonene i gang. For vi vet ikke hvordan neste krise vil se ut, om den skyldes klimaendringer, et militært angrep eller en form for hybrid krigføring, men vi vet at våre grunnleggende behov og det som trengs for å holde samfunnet i gang, er det samme uansett om krisen skyldes Donald, Vladimir eller Hans. Forsyningen må sikres, og verdikjedene må fungere så godt som mulig. Undertegnede stilte spørsmål til samtlige deltakere i komiteens høring og satt igjen med det inntrykket at funnene fra Riksrevisjonen og behovene for tiltak fortsatt er like aktuelle: Justis- og beredskapsdepartementet må ta initiativ til å få bedre oversikt over ressurser og avhengigheter. Det trengs flere tiltak for å sikre effektiv prioritering. Næringslivet behøver mer forutsigbarhet og informasjon om Forsvarets behov i en krigssituasjon, og det er for mye tvil blant næringslivsaktører om hvem som vil ha helt egne forpliktelser i en krigssituasjon, og hvilken prioritet det vil ha. Det er veldig bra at Næringsdepartementet er gitt en koordinerende rolle i dette arbeidet, men jeg er usikker på om det er konkret nok, og om det går raskt nok. Det må sikres et grundig og godt samarbeid mellom politisk ledelse innen forsvar og næring om å etablere prioriteringsmekanismer og ressursbehov, slik at næringslivet kan få den kunnskapen og informasjonen de trenger for å bidra mest mulig – og ikke bare til Forsvaret, men det er helt avgjørende at robustheten i hele samfunnet styrkes, og at samarbeidet og informasjonsutvekslingen blir god, både mellom forsvar, sivil side og næringsliv."
2026-04-23,refs-202526-04-23,Møte torsdag den 23. april 2026,Statsråd Tore Onshuus Sandvik,NA,NA,hovedinnlegg,"Statsråd Tore Onshuus Sandvik [16:20:33]: Takk for muligheten til å redegjøre for arbeidet med totalforsvaret. Norge står i den mest alvorlige sikkerhetssituasjonen siden andre verdenskrig. Norge og våre allierte møter både tradisjonelle militære trusler og sammensatte utfordringer som kombinerer fysisk sabotasje, cyberangrep og hybride operasjoner. Erfaringene fra Ukraina-konflikten har vist hvor raskt slike trusler kan ramme både militær kapasitet og sivile funksjoner samtidig, og har vært viktige læringspunkter for utviklingen av totalforsvaret i Norge. Dette arbeidet følger forsvarsløftet, nasjonal sikkerhetsstrategi og regjeringens plan for Norge med den nylig utgitte reprioriteringsproposisjonen som konkret oppfølging. Målet er klart: et mer motstandsdyktig samfunn som fungerer også når det virkelig gjelder. For det første: Nasjonale behov for understøttelse av militær innsats er konkretisert og formidlet tydeligere enn før. Transport, logistikk, energi, eiendom og kritisk infrastruktur systematiseres og deles med sivile aktører. Et sentralt tiltak er rammeverket for identifisering av nasjonale infrastrukturbehov for understøttelse av militær innsats, etablert i desember 2024. Dette gjøres gjennom årlige behovsanalyser – den første ble levert 1. juni 2025 og den neste er 1. mai i år. For det andre: Vi har lagt til rette for sikker informasjonsdeling gjennom Statens graderte plattformtjenester. Dette gjør det mulig å dele gradert informasjon trygt mellom sivile og militære aktører. Tiltaket er avgjørende for samordning, tidlig varsling og beslutningstaking og gjør det mulig å håndtere sammensatte trusler raskt og effektivt. For det tredje: Vi har styrket evnen til å håndtere sammensatte trusler. Scenarioer som kombinerer cyberangrep, hybride operasjoner og fysisk sabotasje testes og planlegges systematisk. Øvelser og beredskapsplanlegging på tvers av sektorer bidrar til at kritiske funksjoner kan opprettholdes under press og eventuelle angrep. For det fjerde: Militært helsesamarbeid er styrket. Samarbeid mellom Forsvaret og sivile helsemyndigheter sikrer rask evakuering, behandling og medisinsk understøttelse ved krise og konflikt. Dette gjør totalforsvaret mer robust og bidrar til å opprettholde livsviktige funksjoner for både personell og sivile. For det femte: Samarbeidet med sivile myndigheter og næringslivet er styrket i praksis. Forsvaret deltar aktivt i transportplanlegging og forsyningssikkerhet. Næringslivet kobles inn i nasjonal beredskapsplanlegging, Forsvarsdepartementet har etablert en egen avdeling for sikkerhet og sivilt-militært samarbeid, og samhandlingsarenaen mellom sektorer er styrket nasjonalt og regionalt. Så til det viktigste – gjennomføring: 2026 er totalforsvarsåret. Kommuner, etater, statsforvaltere og næringsliv øver i økende grad med Forsvaret på scenarioer som inkluderer både krise, krig og hybride angrep. Erfaringene fra årets flernasjonale øvelse, Cold Response i Nord-Norge, viser hvordan logistikk, vertslandsstøtte, sivil understøttelse og helsetjenester fungerer i et sivilt-militært samvirke i praksis. Læringen brukes til forbedringer i bl.a. transportflyt, mottak av allierte styrker og medisinsk evakuering i rammen av totalforsvaret – også i nordisk ramme. Senere i år gjennomføres en nasjonal totalforsvarsøvelse som styrker samvirket mellom sektorer og nivåer ytterligere. Riksrevisjonen peker på utfordringer. Forsvarsdepartementet tar det på alvor og følger dem opp gjennom aktiv styring og kontinuerlig testing av totalforsvaret. Gjennom styrket samordning, konkrete tiltak og økt øving bygger vi et robust og troverdig totalforsvar nasjonalt, nordisk og i NATO-rammen."
2026-05-07,refs-202526-05-07,Møte torsdag den 7. mai 2026,Kristian August Eilertsen,FrP,Right,hovedinnlegg,"Kristian August Eilertsen (FrP) [10:03:43] (ordfører for saken): Først vil jeg som sakens ordfører takke komiteens medlemmer for samarbeidet om saken. Man har i stor grad klart å samle seg relativt tverrpolitisk om flere av forslagene i denne saken, noe jeg vil si er positivt. Jeg legger til grunn at de øvrige partiene vil redegjøre nærmere for sine begrunnelser i saken. For Fremskrittspartiets del er pasientreiseordningen en helt avgjørende del av den norske helsetjenesten. Fremskrittspartiet mener at pasientreiseordningen først og fremst skal ta hensyn til pasientene, ikke til helseforetakene. Ordningen er ment for å sikre at pasientene får dekket nødvendige utgifter når man må reise for å få helsetjenester. Dette er viktig for pasienter over hele landet, men særlig i de delene av landet der avstandene er størst og reisetiden lengst. Ordningen har også direkte betydning for om pasienter faktisk kommer fram til behandling, og ikke minst kommer seg hjem igjen. Når ordningen svikter, rammer det først og fremst pasientene. Samtidig fører det til at behandlingskapasiteten ikke utnyttes fullt ut når pasienter ikke møter til timene sine. Innstillingen i denne saken viser tydelig at dagens pasientreiseordning har store svakheter. Blant annet er reisene unødvendig lange, belastende og kostbare for mange pasienter. Pasientreiseordningen skal sikre at ingen hindres fra å få nødvendig helsehjelp på grunn av økonomi, bosted eller manglende transporttilbud. Likevel ser vi i dag at pasienter må legge ut tusenvis av kroner for drosje eller overnatting. Pasientene opptrer i realiteten som en bank for staten. I tillegg opplever mange pasienter å vente urimelig lenge på transport eller å bli sendt på reiser som i praksis tar lengre tid enn selve behandlingen. For Fremskrittspartiet er det avgjørende at pasientens totale reisetid skal veie tyngre enn hva som isolert sett er billigst for helseforetaket. Det kan ikke være slik at pasienter må reise på svært ugunstige tidspunkt, sitte i timevis og vente eller sendes ad omveier fordi det passer systemet bedre enn mennesket. Derfor har det særlig vært viktig for Fremskrittspartiet å sørge for at pasientene får bedre dekning av reelle overnattingskostnader, og at det stilles tydeligere kvalitetskrav i anbudene, der pasienthensyn veier tyngre enn laveste pris. Drosjenæringen er bærebjelken i pasienttransporten, men dessverre ser vi at seriøse, lokale transportører presses ut. Resultatet er et dårligere tilbud, mindre beredskap og pasienter som blir sittende igjen med regningen. Jeg vil også påpeke at dagens krav til nullutslippskjøretøy framfor beredskap og pasientenes trygghet er svært uheldig. Til slutt: Denne saken er et viktig skritt i riktig retning, og Fremskrittspartiet vil fortsette å kjempe for en pasientreiseordning som faktisk fungerer – for pasientene. Med det tar jeg opp alle forslagene som Fremskrittspartiet er en del av."
2026-05-07,refs-202526-05-07,Møte torsdag den 7. mai 2026,Nina Dons-Hansen,H,Right,hovedinnlegg,"Nina Dons-Hansen (H) [10:09:44]: Se for deg at du er kreftsyk og bor i en kommune i Finnmark. Da må du til Tromsø, til UNN, for behandling, og det tidligste flyet går så å si midt på natten. Det er det billigste, og det må du ta, selv om det går et annet noen timer senere, men det er for dyrt. Du må vente unødvendig mange timer på sykehuset, for timen din er midt på dagen, og du må reise hjem samme kveld fordi overnatting på UNNs pasienthotell er åpent for alle, og kostnadene dermed altfor høye. Sliten etter en tøff behandling må du vente resten av dagen i Tromsø på siste fly hjem, som også er det billigste, har flere stopp og flybytte, og som betyr at ingen buss går fra flyplassen og hjem til deg. Taxitilbudet er kanskje heller ikke det beste. Derfor – nettopp derfor – er dagens forslag så utrolig viktig. Vi må flytte makten fra systemet og over til pasienten. Jeg vil takke min partikollega stortingsrepresentant Erlend Svardal Bøe som lenge har jobbet for å gjøre pasientreiser bedre for folk, spesielt i Nord-Norge. Takk også til komiteen for godt samarbeid. Innstillingen i dag uttrykker bred politisk enighet om at dagens pasientreiseordning ikke fungerer godt nok, og at den må ha større vekt på pasientens faktiske belastning, særlig for dem som bor langt unna behandlingstilbudet. For oss i Høyre har målet alltid vært pasientens helsetjeneste. Det betyr at hele pasientforløpet må henge sammen, også reisen til og fra behandling. For mange pasienter i distriktene, i Nord-Norge, er reisen i dag nesten en like stor belastning som selve sykdommen. Høyre tar til orde for, og får i dag flertall for, forbedringer, særlig der dagens ordning gir unødvendig lang reisetid og stor belastning for pasientene. Det er pasientens totale reisetid som skal være avgjørende, og pasienter må prioriteres når de skal ta fly. Dagens forslag er viktig for oss i nord, men også for pasienter og pårørende i hele det langstrakte landet vårt. For Høyre handler dette om å rette opp konkrete svakheter i pasientreiseordningen uten å detaljstyre eller svekke helseforetakenes ansvar. Høyre forventer nå at regjeringen følger opp disse vedtakene med handlekraft. Vi kan ikke lenger akseptere at pasienter og pårørende får en unødvendig tung bør på toppen av sykdommen. Dagens vedtak betyr noe for folk, og med det tilrår jeg de romertall i innstillingen som Høyre er en del av."
2026-05-07,refs-202526-05-07,Møte torsdag den 7. mai 2026,Kjersti Toppe,Sp,Center,hovedinnlegg,"Kjersti Toppe (Sp) [10:16:07] (leiar i komiteen): Det er svært gledeleg at det i dag vert fleirtal for fleire forslag som vil sikra pasientar i Noreg ei betre og tryggare pasientreiseordning. Det er viktig, for dette er ein del av det heilskaplege helsetilbodet. Transport til og frå nødvendig behandling og undersøkingar er òg viktig for at pasienten skal oppleva at det offentlege helsevesenet gir ei god behandling. Vi har i dag eit veldig godt utvikla helsevesen. Vi tilbyr høgspesialisert behandling, men ofte kan vi svikta på det mest banale. Når vi har så gode tilbod må vi klara å sikra dei pasientane som treng det, ein trygg reiseveg til og frå behandling. Eg har snakka med pasientar som seier at dei kvir seg meir til transporten enn til undersøkinga og behandling på sjukehus. Då er det noko som er gale. Eg trur det er mogleg å endra, og med desse forslaga vi får fleirtal for i dag, vil det òg verta betre. Vi får gjennomslag – det er ein samla komité som no seier at vi skal evaluera pasientreiseordninga. Ein skal involvera både pasientar, pårørande, helsepersonell og transportørar i den evalueringa. Vi får òg gjennomslag for å vurdera den satsen som er knytt til overnatting ved pasientreiser, og for å evaluera den forsøksordninga Senterpartiet fekk inn i revidert nasjonalbudsjett i fjor. Eg meiner det er ein grunn til at alle pasientar som har behov for overnatting, som har så lang reiseveg, må få høgare dekning av dei faktiske kostnadane enn det som er tilfellet i dag. Vi får òg fleirtal for at den totale reisetida skal vektleggjast meir, og det mest hensiktsmessige framkomstmiddelet skal nyttast, ikkje nødvendigvis det billegaste. Pasientreiser skal prioriterast når fly skal nyttast, og ein skal vurdera å innføra ein reisegaranti. Der føretak ikkje har inngått kontrakt, må det koma på plass ei ordning der pasienten kan sleppa eigenandelar. Vi støttar òg det forslaget frå Glåmdals-regionen som representanten frå SV tok opp. Eg vil føreslå ei endring i forslag til vedtak VIII, der det i siste setning står «innført minimumskrav til ventetid og reisetid» – at det endrast til «innført krav til maksimal ventetid og reisetid». Eg trur eg har fått ja frå alle som er med i det forslaget, til akkurat den endringa i ordlyd."
2026-05-07,refs-202526-05-07,Møte torsdag den 7. mai 2026,Seher Aydar,R,Left,hovedinnlegg,"Seher Aydar (R) [10:19:29]: Det er mye som funker bra med helsevesenet vårt, men blir man syk og har dårlig råd samtidig, møter man fort problemer. Når pasientene selv må bære kostnadene av å komme seg til behandling, fordi avtalen mellom sykehuset og taxiselskapet har svakheter eller kanskje ikke eksisterer, går det utover den som er syk. I årevis har mediene vist eksempler på sykehus som bekrefter at de har fått flere avlysninger av konsultasjoner fordi folk ikke får ordnet med transport. En pasient som har trang økonomi, har ikke nødvendigvis råd til å legge ut for reiser til sykehuset. Konsekvensen for den enkelte er i verste fall å være syk lenger. Selve hensikten med pasientreiseordningen er å sikre at reisen ikke skal være hinder for å motta nødvendig helsehjelp, men slik situasjonen er i dag, er ikke dette alltid tilfellet, spesielt for personer som har sykdommer som gjør at de gjennomgår behandling som ofte strekker seg over flere måneder, kanskje til og med år. Utleggene hoper seg opp, og reiseutgiftene kan fort bli en stor økonomisk belastning. For å sikre et godt reisetilbud for pasientene, trengs gode, lokale drosjetilbud. Gode avtaler mellom selskap og sykehus er avgjørende, men dessverre har vi sett eksempler på det motsatte, bl.a. gjennom Pasientreiser HF sin håndtering av kontrakter med selskapene i Troms. Det har bidratt til prispressing og ødeleggelse av taximarkedet i distriktet, istedenfor å tilby lokale kontrakter med taxiselskaper og taxisjåfører de ansatte har mulighet til å leve av. Pasientreiser HF sine krav om altfor lave priser stenger ute de seriøse taxiselskapene, men åpner slusene for useriøse aktører og plattformselskaper. Når det bare handler om å bruke minst mulig penger på pasientordningen, går det igjen utover pasientene. Folk som er avhengig av denne ordningen, er til syvende og sist sjuke og befinner seg i en sårbar situasjon. En stabil og god pasientreiseordning handler om å sikre at alle har lik tilgang til nødvendig helsehjelp, uansett hvor man bor eller hvor stor lommeboken er. Helt til slutt: Det er ingen tvil om at det var feil med frislipp i taxinæringen. Rødt mener de innstrammingene som har vært, ikke har vært tilstrekkelige, for det finnes fortsatt mange store problemer. Det minste som kan komme på plass, er at det offentlige opererer på en måte som gjør at det er de seriøse aktørene som har mulighet til faktisk å bli bevart. Det er ikke prispressing som er løsningen, men faktisk ordnede forhold for både pasientene og dem som skal kjøre pasientene fram."
2026-05-07,refs-202526-05-07,Møte torsdag den 7. mai 2026,Statsråd Jan Christian Vestre,NA,NA,hovedinnlegg,"Statsråd Jan Christian Vestre [10:22:33]: Pasientreiseordningen er en viktig del av pasientforløpet. De regionale helseforetakene skal følge opp målet om at pasienter og pårørende skal oppleve forutsigbarhet, trygghet og kvalitet, samtidig som ressursene brukes på en måte som sikrer best mulig pasientbehandling i tråd med krav i lov og forskrift, Denne ordningen har et svært stort omfang. I 2024 ble det gjennomført 7,92 millioner reiser, og det brukes årlig 2,5 mrd. kr på pasientreiser. Samtidig vet vi at mange pasienter opplever ordningen som krevende, særlig der avstandene er store og kollektivtilbudet begrenset. Dette gjelder ikke minst i Nord-Norge. Regjeringen har allerede fulgt opp dette området gjennom flere tiltak, bl.a. ble pasientreiseforskriften endret fra mars 2025 for å gjøre regelverket tydeligere og enklere å forstå. Helseforetakenes ansvar for forsvarlig organiserte reiser er nå presisert, og behandlernes ansvar for å vurdere behov for tilrettelagt transport er tydeliggjort. I tillegg arbeider Helsedirektoratet med et nytt rundskriv for å bidra til mer forutsigbar og enhetlig praksis. De regionale helseforetakene og Pasientreiser HF arbeider også langsiktig med forbedringer. I 2025 har det særlig vært satset på reiseattest, videreutvikling av selvbetjeningsløsninger på helsenorge.no og nye løsninger for bestilling, planlegging og optimalisering av organiserte pasientreiser. Når det gjelder overnatting, er det satt i gang en forsøksordning i Helse nord med økt sats inntil 1 300 kr, mot ordinært inntil 734 kr. Denne ordningen skal evalueres, og regjeringen vil komme tilbake til Stortinget på egnet måte. Regjeringen vil fortsette arbeidet med å forbedre pasientreiseordningen slik at pasientenes rettigheter blir ivaretatt på en god og likeverdig måte over hele landet. Jeg er glad for at en samlet komité ber regjeringen om å evaluere pasientreiseordningen. I det arbeidet skal både pasienter, pårørende, helsepersonell og transportører involveres, før vi kommer tilbake til Stortinget med konkrete forslag til forbedringer. Jeg tror at denne måten å gjøre det på vil gi oss et godt grunnlag for å gjøre ytterligere forbedringer."
2026-05-07,refs-202526-05-07,Møte torsdag den 7. mai 2026,Kjersti Toppe,Sp,Center,replikk,"Kjersti Toppe (Sp) [10:27:55]: Etter at denne saka har kome ut, har eg fått innspel frå folkevalde i Vestland fylkeskommune. Dei gir innspel om at reisekostnaden no vert sett lik busstaksten, men no når fleire og fleire fylke bruker sonetakst, er det ei utfordring. I Vestland vil ein då få 51 kr refundert, for det er sonetaksten, men mange plassar kan ein ikkje bruka busstilbodet i distrikta fordi det går for lite bussar, og ein er nøydd til å ta bil. Då får ein altså 51 kr. Så eg meiner at vi må sjå på systemet, der ein absolutt alle plassar viser til kollektivsatsen, no når det har vorte meir sonesatsar i mange fylke. Spørsmålet mitt er – sidan det ikkje står noko om dette i innstillinga og det no skal koma ei evaluering: Vil statsråden vil ta med seg akkurat denne utfordringa og sjå på det no når pasientreise-ordninga skal evaluerast?"
2026-05-07,refs-202526-05-07,Møte torsdag den 7. mai 2026,Mona Nilsen,A,Left,hovedinnlegg,"Mona Nilsen (A) [10:29:25]: For et år siden fortalte jeg Arbeiderpartiets landsmøte historien om Merete fra Narvik. Hun hadde en alvorlig kreftsykdom med spredning. Midt i sitt livs største kamp, kampen om å bli frisk, måtte hun stille seg et spørsmål som jeg mener at ingen i Norge skal måtte stille seg: Hadde hun råd til å bli frisk? Et sju uker langt opphold ved UNN i Tromsø betyr tusenvis av kroner i egenandel for kost og losji. Når sykdommen rammer som hardest, vet vi hva som betyr mest: å ha sine nærmeste rundt seg. Likevel måtte familien opprette en spleis for at hun skulle komme seg gjennom behandlingen med trygghet om å ha familien tett på. Dette er ikke bare Meretes historie, det er realiteten for mange, spesielt i Nord-Norge, hvor avstandene er store og den økonomiske belastningen blir ekstra tung. Derfor er det også gledelig å si at det har skjedd noe på det året som har gått. Regjeringen har tatt grep. Det er satt i gang en pilotordning i Nord-Norge, nettopp fordi den landsdelen har særlige utfordringer knyttet til både reise og overnatting. Taket for overnatting er satt til 1 300 kr, og det er bra. Det viser en politisk vilje, og det viser at vi lytter og handler. Vi er imidlertid ikke i mål, for fortsatt må mennesker i en sårbar situasjon bekymre seg for økonomien. Fortsatt finnes det familier som må ty til Spleis for å få hverdagen til å gå opp. Derfor blir evalueringen av ordningen helt avgjørende. Den må ikke bli en skrivebordsøvelse. Den må bli et verktøy for reell forbedring. Når vi nå skal gjennomgå ordningen med pasientreiser, må vi lytte til pasientene, de pårørende og helsepersonell, og vi må tørre å trekke den nødvendige konklusjonen. Hvis vi mener alvor med målet om likeverdige helsetjenester i hele landet, uavhengig av størrelsen på pengeboka, må vi sikre at reise, kost og overnatting i forbindelse med behandling dekkes godt nok. Målet må være enkelt, og det er rett: I Norge skal ingen måtte vurdere om de har råd til å bli frisk. Til slutt: La oss bygge videre på det vi har startet. La oss bruke evalueringen til å ta neste skritt, og la oss sørge for at både Merete og alle andre i samme situasjon kan bruke kreftene sine på én ting, og det er å bli frisk."
2026-05-07,refs-202526-05-07,Møte torsdag den 7. mai 2026,Anniken Refseth,A,Left,hovedinnlegg,"Anniken Refseth (A) [10:35:54]: Pasientreiser betyr svært mye for veldig mange av oss. Det er en ordning mange har blitt kjent med, enten som pasient selv eller som pårørende. Når vi skal til behandling – uansett hvilken behandling det gjelder – befinner vi oss ofte i en sårbar situasjon. Da er det avgjørende at samfunnet stiller opp. I Norge har vi et sterkt og solidarisk helsevesen, bygd på velferdsstatens grunnleggende prinsipper: at alle skal få nødvendig behandling, og at man skal komme seg til behandling i tide. Nettopp derfor har Pasientreiser en så viktig oppgave. Mange mennesker legger bokstavelig talt livet sitt i hendene på denne tjenesten. Da må vi sørge for at tjenestene holder høy kvalitet. Pasienttransport handler ikke bare om logistikk; det handler om trygghet, verdighet og omsorg. Drosjenæringen er en helt sentral del av dette tilbudet. Samtidig vet vi at drosjenæringen har vært gjennom store omstillinger de siste årene. Konsekvensene av drosjereformen merkes fortsatt, både i byene og i distriktene. Mange steder sliter man med kapasitet, rekruttering og økonomi. Det får også betydning for pasienttransporten, spesielt merkes det i distriktene, der man har fått et veldig svekket tilbud. Vi må huske at drosjesjåfører ofte gjør langt mer enn å kjøre fra A til B. De møter mennesker i noen av livets mest krevende øyeblikk. De hjelper til med rullestoler og bæring. De bistår mennesker som trenger ekstra omsorg og trygghet. Jeg kan gi et eksempel: en sjåfør som tente opp i ovnen til en mann han kjørte hjem lille julaften. Da var det bare fire varmegrader i huset hans. Slik er virkeligheten for mange sjåfører rundt omkring i landet. Dette er yrkesutøvere som møter mennesker med respekt, varme og ansvarsfølelse. Mange er stolte av yrket sitt, og vi må sørge for at de har gode vilkår til å kunne fortsette i det. I Arbeiderpartiets forslag pekes det på at helseforetakene må balansere hensynet til anbud, pris og leverandørenes lønnsomhet innenfor anskaffelsesregelverket med hensynet til at pasienter og pårørende sikres tilgang til behandling. Dette har vært særlig krevende i Helse Nord, men er langt ifra ukjent i øvrige deler av Distrikts-Norge, bl.a. i Trøndelag, som jeg kjenner spesielt godt til. Derfor er det viktig med en grundig gjennomgang og evaluering av hele ordningen. Vi må sikre at alle ledd fungerer godt – fra pasientenes behov til transporttilbudet ute i hele landet. Ikke minst må vi sikre gode lønns- og arbeidsvilkår i drosjenæringen. Det er en forutsetning for å kunne tilby trygg, stabil og forutsigbar pasienttransport også i framtiden. Til syvende og sist handler dette om mennesker – om trygghet når man er syk, om tillit til fellesskapet vårt, og om at ingen skal trenge å stå alene når de trenger hjelp som mest. Dette er velferdsstaten vår."
2026-05-07,refs-202526-05-07,Møte torsdag den 7. mai 2026,Tom Einar Karlsen,A,Left,hovedinnlegg,"Tom Einar Karlsen (A) [10:39:12]: For en stortingsrepresentant fra nord er det godt å se at en samlet helsekomité mener at pasientreiseordningen er viktig for en god og likeverdig helsetjeneste, og at det anerkjennes at det er mange i nord som har lang vei til sykehus. Det er likevel mer enn litt spesielt for et medlem av transportkomiteen å kunne lese i innstillingen at Fremskrittspartiet i denne saken er opptatt av rammevilkår for drosjenæringen og uakseptable lønns- og arbeidsvilkår. Det er helt riktig at drosjenæringen er en av bærebjelkene i pasientreiseordningen i store deler av landet, men det skulle kanskje Fremskrittspartiet har tenkt på da de hadde samferdselsministeren og startet på en drosjereform som Norges Taxiforbund har omtalt som et politisk røvertokt mot drosjenæringen og som et angrep på den norske samfunnsmodellen. Resultatet av reformen ble nemlig for mange seriøse drosjesjåfører nær håpløse konkurransevilkår, etter hvert som det ble delt ut løyver i øst og vest til alle som ville skumme fløten av taximarkedet. Siden 2021 har Arbeiderpartiet og de rød-grønne partiene jobbet hardt for å rydde opp i konsekvensene av FrPs forfeilede drosjereform, og senest i fjor vår kom det flere viktige lovendringer for å bedre rammevilkårene og sikre mer seriøsitet i drosjenæringen. Pasientreiser var et tema allerede da, og vi fikk på plass muligheten til å samordne vanlig drosjetransport, skoleskyss og pasienttransport i de områdene av landet der næringsgrunnlaget er for svakt til å opprettholde gode drosjetjenester. Jeg vet at Troms fylkeskommune allerede er i gang med å vurdere hvordan de kan bruke enerettsmodellen og de andre verktøyene som Arbeiderpartiet og de rød-grønne partiene har levert for å rydde opp i drosjenæringen. Fremskrittspartiet stemte altså senest i fjor vår imot at fylkeskommunen skulle ha anledning til å sikre næringsgrunnlaget for drosjer i distriktene gjennom å samordne pasientkjøring med resten av drosjemarkedet. Jeg er glad for at Fremskrittspartiet nå tilsynelatende har snudd i drosjepolitikken, og at de nå er opptatt av trygge rammevilkår for drosjenæringen. Jeg vil oppfordre til å ta med seg lærdommen fra det taxifrislippet vi har vært igjennom, i det videre arbeidet. Det med lønns- og arbeidsvilkår og den norske modellen er viktig i veldig mange av sakene vi behandler her på Stortinget."
2026-05-07,refs-202526-05-07,Møte torsdag den 7. mai 2026,Truls Vasvik,A,Left,hovedinnlegg,"Truls Vasvik (A) [10:51:30]: Ideelle aktører utgjør en helt sentral del av velferdstilbudet vårt, spesielt innenfor helse- og omsorgstjenestene. Ideelle aktører bidrar til mangfold, kvalitet og kontinuitet og er et viktig supplement til de offentlige tjenestene. Arbeiderpartiet har over tid – lang tid – vært opptatt av å styrke ideelle aktørers rolle og utnytte det handlingsrommet som allerede finnes i regelverket. Vi mener i likhet med forslagsstillerne at det er behov for å gjøre det enklere å ta i bruk ideelle aktører i velferdstjenestene. Derfor følger vi opp Støstad-utvalgets anbefaling i NOU 2024:1, om å etablere en egen lov om registrering av ideelle velferdsaktører, inkludert en rettslig definisjon av begrepet. Dette er et krevende regelverksarbeid, og det må gjøres riktig, godt og grundig dersom en skal lykkes med å oppnå formålet med et slikt regelverk, som nettopp er å gi nytte for både ideelle aktører og det offentlige, og at regelverket kan praktiseres på en enkel og forutsigbar måte. Stortinget er i disse dager utålmodig, så det er samtidig viktig at arbeidet prioriteres, og at forslag til nytt regelverk sendes på høring så fort det er mulig og forsvarlig. Det er innstillingen fra komiteen klar på. Høyesterett har i en nylig dom slått fast at reservasjonsadgangen i anskaffelsesforskriften § 30-2a er i tråd med EØS-retten. Det betyr at det innenfor gjeldende juridiske rammer er anledning til å reservere offentlige anskaffelser for ideelle organisasjoner innen helse- og sosialtjenester, når vilkårene for dette er oppfylt. Arbeiderpartiet mener det er viktig at regjeringen benytter det handlingsrommet som finnes i anskaffelsesregelverket, til å inngå langsiktige avtaler med ideelle aktører der dette er hensiktsmessig. Vi er derfor veldig tilfreds med vedtaket tidligere i år, i sak om Dokument 8:75 S for 2025–2026, som slo fast at regjeringen skal sikre at «helseforetakene ved kjøp av private tjenester reserverer disse til ideelle aktører der det er hensiktsmessig». Både private og ideelle aktører kan bidra til å løse kapasitetsutfordringer i den offentlige helsetjenesten. Like fullt er det viktig å understreke at det for Arbeiderpartiet er et grunnleggende premiss at tjenesten skal være offentlig finansiert og underlagt offentlig styring, slik at det er fellesskapet som fastsetter prioriteringer og sikrer likeverdig tilgang til helsetjenester."
2026-05-07,refs-202526-05-07,Møte torsdag den 7. mai 2026,Margret Hagerup,H,Right,hovedinnlegg,"Margret Hagerup (H) [10:57:06]: Ideelle aktører har vært og er en viktig del av den norske velferdsmodellen. De har bidratt med kvalitet, kontinuitet og verdiforankring i tjenestene, og det skal vi ta på alvor. Det betyr ikke at løsningen er å stenge andre aktører ute. Vi mener forslagene vi behandler i dag, går for langt. Å reservere anbud generelt for ideelle aktører, eller fase ut anbud som anskaffelsesform, vil svekke konkurransen og redusere muligheten til å ta alle gode krefter i bruk i helsetjenesten. Det er ikke en styrking av velferden, men en begrensning. Høyre mener at den norske velferdsmodellen er sterk nettopp fordi den kombinerer det offentlige, ideelle og private. Det offentlige har ansvar for finansieringen, men ulike aktører kan bidra med kapasitet, innovasjon og kvalitet. Det gir pasientene bedre tjenester og større valgfrihet. Det avgjørende må være hvem som leverer best kvalitet til rett pris, og ikke organisasjonsform alene. Samtidig er vi opptatt av gode og forutsigbare rammevilkår for ideelle aktører. Derfor støtter vi arbeidet med en tydeligere definisjon og en registerordning for ideelle virksomheter. Det kan gjøre det enklere å bruke handlingsrommet i regelverket, men det må gjøres klokt. En for snever definisjon kan i praksis begrense ideelles handlingsrom og samarbeid og skape mer byråkrati enn nødvendig. Vi mener også at det er viktig å vektlegge kvalitet, kontinuitet og verdigrunnlag sterkere i anskaffelser. For ideelle aktører er nettopp langsiktighet avgjørende, både for å bygge fagmiljø og for å gi stabile tilbud til pasientene. Det er fullt mulig å styrke ideell sektor uten å svekke konkurransen eller stenge private aktører ute. Tvert imot mener Høyre et mangfold av aktører er en forutsetning for en bærekraftig helsetjeneste. Vi trenger mer samarbeid, ikke mindre. Derfor vil ikke Høyre støtte forslagene. Vi vil bidra til bedre rammevilkår, mer forutsigbarhet og en tydeligere rolle for ideelle aktører innenfor en helhetlig modell. Målet må være best mulig tjenester for pasientene, uavhengig av hvem som leverer dem."
2026-05-07,refs-202526-05-07,Møte torsdag den 7. mai 2026,Statsråd Jan Christian Vestre,NA,NA,hovedinnlegg,"Statsråd Jan Christian Vestre [11:08:57]: Ideelle aktører er en viktig del av det samlede helse- og omsorgstilbudet i Norge. De bidrar med kvalitet, mangfold og langsiktighet, og de er et viktig supplement til de offentlige tjenestene. Regjeringen deler målet om å styrke ideelle aktørers rolle, og vi har over tid fulgt opp Stortingets ønske om å utnytte handlingsrommet i regelverket. Samtidig er det viktig at vi organiserer tjenestene slik at pasientene får gode og likeverdige tilbud, og at vi bruker samfunnets ressurser effektivt. Offentlig finansierte tjenester kan organiseres gjennom egenregi, gjennom tilskudd eller gjennom anskaffelser. Hvilken modell som er best egnet, må vurderes ut fra tjenestens karakter, behovet for styring og kontroll og hva som gir best tilbud til pasientene. Anskaffelser er et viktig virkemiddel for å sikre nødvendig kapasitet, særlig der det offentlige ikke har tilstrekkelige tilbud selv. Samtidig gir regelverket et handlingsrom til å ivareta ideelle aktørers rolle, bl.a. gjennom muligheten til å reservere konkurranser. Det handlingsrommet skal vi fortsette å bruke. Regjeringen har også gitt føringer om å inngå flere langsiktige avtaler. Når det gjelder forslagene om å reservere anbud eller fase ut anbud som anskaffelsesform, er det viktig å understreke at dette må vurderes innenfor gjeldende rettslige rammer. Anskaffelser er i dag en etablert og nødvendig del av hvordan vi sikrer tilgang til helsetjenester, og en generell utfasing vil kunne reise grunnleggende spørsmål om både organisering og styring. Jeg merker meg at komiteen ber regjeringen om å arbeide videre med en juridisk definisjon og registerordningen for ideelle aktører. Dette vil bidra til større forutsigbarhet og gjøre det enklere å bruke handlingsrommet for ideelle aktører. Det vil regjeringen følge opp. Regjeringen er opptatt av å sikre en sterk felles helsetjeneste som bærebjelken i tilbudet. Samtidig er en god arbeidsdeling mellom offentlige, ideelle og andre private aktører nødvendig for å møte befolkningens behov og ikke minst for å redusere ventetidene også framover."
2026-05-07,refs-202526-05-07,Møte torsdag den 7. mai 2026,Statsråd Jan Christian Vestre,NA,NA,replikk,"Statsråd Jan Christian Vestre [11:23:23]: Representanten vet veldig godt at det ikke er regjeringens politikk at kommersielle skal «slå seg løs» i den offentlige helsetjenesten. Jeg har vært tydelig fra dag én på at når bruk av private for å få ned ventetidene skjer etter avtale med de offentlige helseforetakene, skal det være offentlig finansiert, offentlig styrt og offentlig organisert. Det er hele premisset for Ventetidsløftet, som også de private og ideelle aktørene har sluttet seg til. Det er ingen som skal slå seg løs. Det er nå engang sånn at når vi velger å invitere private tilbydere til å levere enkelte helsetjenester, er det viktig at de leverer ut fra kvalitet, og at de leverer ut fra pris, sånn at vi får mest mulig helse igjen for hver krone. Det kan både ideelle og kommersielle levere, akkurat som de også leverer legemidler, medisinsk-teknisk utstyr og en rekke produkter og tjenester, og Helse-Norge hadde stoppet opp hvis ikke vi fikk levert dette. Så jeg er ikke så kategorisk på dette som representanten her, jeg mener vi må finne pragmatiske løsninger som styrker vår felles helsetjeneste."
2026-05-07,refs-202526-05-07,Møte torsdag den 7. mai 2026,Statsråd Jan Christian Vestre,NA,NA,hovedinnlegg,"Statsråd Jan Christian Vestre [11:43:45]: Det er bra at saken skaper engasjement, men jeg synes ikke vi skal tillegge hverandre meninger eller motiver vi ikke har, ei heller tolke uttalelser i verste mening. Hvis det er behov for at jeg nok en gang skal si hvor viktig de ideelle er i offentlig tjenesteyting, så halleluja for de ideelle! Jeg er veldig for ideelle. Jeg vil også minne om at det Stortinget vedtok for ikke så veldig lenge siden, er at vi til og med skal ha reserverte anbudskonkurranser der bare ideelle får lov til å konkurrere. Jeg husker ikke helt eksakt, men jeg tror Høyre og Fremskrittspartiet stemte imot det. Da er det litt rart at representanten fra KrF sier at det er ingen forskjeller mellom partiene her, for det er det tross alt. Det høres jo nesten ut som at jeg har stått her og sagt at vi dermed skal reservere konkurranser for bare kommersielle. Jeg mener vi skal reservere konkurranser for ideelle der det er hensiktsmessig. Så sier representanten at jeg ikke har gitt eksempler på det, men jeg har jo det. Hvis vi f.eks. er i distriktene, og det finnes ingen ideelle tilbydere som kan levere en bestemt tjeneste uten at pasienten får veldig lang reisevei, skal vi da ikke forholde oss til det og ikke anskaffe den tjenesten, som innbyggerne våre hadde hatt glede av? Eller bør vi i de tilfellene kunne si: Ok, her er det ikke relevant eller realistisk å stille et slikt krav? Det kan også gjelde innenfor enkelte deler somatikken, f.eks., for å få ned ventetidene der, hvor vi har både ideelle og private tilbydere, der begge kan levere. I de tilfellene bør man kanskje tenke at begge to skal kunne levere. Det er heller ingen grunn til å så tvil om at regjeringen kommer til å følge opp det Stortinget har vedtatt. Jeg er veldig for å følge opp det Stortinget har vedtatt, men det at Helse Sør-Øst og andre har vært litt avventende fordi vi har hatt en uavklart rettstilstand, må vi jo forholde oss til. Jeg kan ikke be offentlige sykehus om å gjøre noe som vi fortsatt ikke vet om er lov å gjøre eller ikke. De må jo følge norsk lov, og nå har vi fått en høyesterettsdom – jeg er veldig glad for det – som slår fast at det er fullt mulig innenfor dagens rettslige rammer, hvis man gjør det på riktig måte, å reservere disse konkurransene for ideelle. Og som jeg sa i mitt første innlegg i dag, kommer regjeringen selvfølgelig til å følge opp det. Ideelle leverer i dag mange gode tjenester til de offentlige sykehusene. De vil også i framtiden levere mange gode tjenester til de offentlige sykehusene. For min del synes jeg bare det er positivt om de framover kommer til å levere mer til de offentlige sykehusene. Da mener jeg at det er sakens realiteter vi må diskutere. Så får vi heller være uenige om akkurat hvor stort innslaget av private ideelle i helsetjenesten vår skal være, men vi trenger ikke å lage uenigheter som sannsynligvis ikke er der."
2026-05-07,refs-202526-05-07,Møte torsdag den 7. mai 2026,Margret Hagerup,H,Right,hovedinnlegg,"Margret Hagerup (H) [11:56:55]: Trygghet for pasienter og ansatte ved norske sykehus er grunnleggende. I en tid med økt usikkerhet rundt oss er det viktig å diskutere hvordan vi styrer beredskapen i helsetjenesten. Høyre mener at tilfluktsrom er en viktig del av denne beredskapen. Samtidig må vi sørge for at tiltakene vi vedtar, gir best mulig sikkerhet uten å gå på bekostning av pasientbehandlingen. Stortinget har allerede vedtatt at plikten til å etablere tilfluktsrom skal gjeninnføres. Likevel venter vi, snart ett år senere, på at regjeringen skal ha klart et regelverk. Det er vanskelig å forstå, for når Stortinget fatter vedtak i en så viktig sak som beredskap, forventer vi oppfølging. Denne tregheten skaper usikkerhet for sykehus som nå planlegges og bygges, og det er risiko for at viktige beredskapstiltak blir utsatt eller blir dyrere enn nødvendig. Samtidig er vi skeptiske til å innføre et generelt og omfattende krav om tilfluktsrom ved alle sykehus før vi har et godt faglig grunnlag. Sykehusene er ulike i både størrelse, funksjon og geografisk plassering, og løsningene må derfor være fleksible og tilpasset reelle behov. Vi må prioritere tiltak som gir mest mulig beredskap for ressursene som brukes. Både tilfluktsrom, strømforsyning, vannforsyning, IKT og tilgang på personell er beredskap. Vi må også understreke at nye krav ikke kan komme som ufinansierte pålegg. Hvis kostnadene veltes over på sykehusene, risikerer vi enda lengre helsekøer og dårligere tilbud til pasientene. Det kan ikke Høyre støtte. Derfor mener vi at det er riktig å få på plass et tydelig regelverk så raskt som mulig. Det er viktig å få en bedre oversikt over eksisterende tilfluktsrom og hvordan dagens bygningsmasse kan brukes bedre i en krisesituasjon. Oppgradering og smartere bruk av det vi allerede har, kan i noen tilfeller gi raskere og mer kostnadseffektive forbedringer i beredskapen. Høyre ønsker å styrke totalberedskapen i Norge, men vi må gjøre det på en måte som både ivaretar sikkerheten og sikrer gode helsetjenester. Vi stemmer ikke for forslag til vedtak I, fra bl.a. Arbeiderpartiet. Det er ikke fordi vi er imot at det skal være beskyttelsestiltak, men vi mener at Stortinget allerede har vedtatt at det skal bygges tilfluktsrom i nye bygg på over 1 000 m². Vi kan ikke se at det er noe unntak for sykehus, og vi frykter dermed at hvis en vedtar det første forslaget, er det en oppmykning av det kravet som allerede foreligger, og at de kan komme i konflikt med hverandre. Derfor støtter vi ikke det."
2026-05-07,refs-202526-05-07,Møte torsdag den 7. mai 2026,Seher Aydar,R,Left,hovedinnlegg,"Seher Aydar (R) [12:06:09]: Det er urovekkende at Norge fortsatt bygger sykehus uten tilfluktsrom – og generelt med for dårlig plass. Sykehusbygg skal også fungere når samfunnet er under press, men likevel har vi de siste årene sett at nye sykehus bygges uten grunnleggende beskyttelsesfasiliteter. Flere prosjekter som nå planlegges, går dessverre i samme retning, og det bekymrer oss. For eksempel er egentlig hele planen med Oslo universitetssykehus problematisk, men det inkluderer også det med beskyttelse. Tilfluktsrom handler ikke bare om trygghet for ansatte og pasienter. Det handler om at sykehusene skal kunne opprettholde livsviktig behandling, selv om deler av bygget settes ut av spill. Derfor er det nødvendig at nye sykehus planlegges med tilfluktsrom. Det kan gjøres på en måte som sikrer at kravene er risikobaserte og forholdsmessige. Det er selvfølgelig forskjell på et lokalsykehus og et stort regionsykehus. Geografi, strategisk betydning og befolkningstetthet er naturlig å ta med i vurderingen, men at det ikke gjøres i det hele tatt, er det vi stiller spørsmålstegn ved. Én ting er klart: Tilfluktsrom kan ikke finansieres ved å kutte i pasientarealer, i bemanningen eller i kjernefunksjoner. Sånne investeringer må fullfinansieres, ellers går det direkte ut over pasientbehandlingen, og det er også uheldig. Forskrift som avklarer kravene, må selvfølgelig komme på plass. Både Legeforeningen og Norsk Sykepleierforbund peker alle på det samme: Vi trenger klare regler og trygg finansiering, og det håper vi at vi får i framtiden. I tillegg må vi ta et oppgjør med dagens praksis i Sykehusbygg HF. Modellen de bruker, der man legger inn forventninger om effektivisering og overføring av oppgaver til kommunene, fører til at nye sykehus bygges for små. Det er ikke bærekraftig, og det er egentlig heller ikke realistisk eller mulig. Vi trenger sykehus som faktisk er dimensjonert for framtidens behov, ikke for et teoretisk effektiviseringsnivå som ingen har sett at funker i praksis. Det er en ganske dårlig idé. Derfor må regjeringen sørge for nødvendige justeringer i Sykehusbyggs modeller, sånn at nye sykehus får tilstrekkelig kapasitet både for pasienter og ansatte. Det handler egentlig både om beredskap og trygghet. Helt til sist vil jeg vise til at Rødt har levert et forslag om pauserom, arbeidsrom og medbestemmelse for de ansatte, som da kommer til å behandles på Stortinget på et senere tidspunkt. Så dette handler egentlig om at sykehusene må tilpasses behovene, både når det gjelder helseberedskap, pasienter og de ansatte."
2026-05-07,refs-202526-05-07,Møte torsdag den 7. mai 2026,Remi Sølvberg,R,Left,hovedinnlegg,"Remi Sølvberg (R) [12:29:15]: Det er alvorlig at Norge i flere år har bygget sykehus uten tilfluktsrom. Samtidig vet vi at den sikkerhetspolitiske situasjonen i Europa er dramatisk endret. Krig i våre nærområder, økt uro og større usikkerhet gjør at beredskap igjen må tas på alvor, også i helsevesenet. Sykehusene er samfunnskritisk infrastruktur. Når krisen rammer, er det sykehusene som skal holde samfunnet oppe. Det er uforståelig at nye sykehusprosjekter er planlagt uten grunnleggende beskyttelse for pasienter og ansatte. Rødt mener at dette handler om noe helt grunnleggende: trygghet. Pasienter som ligger på intensivavdelingen, nyfødte barn, kreftpasienter under behandling og ansatte som står i arbeid under ekstraordinære forhold, må ha beskyttelse dersom det verste skulle skje. Vi registrerer at regjeringen fortsatt utreder, vurderer og kartlegger, men ett år etter at Stortinget vedtok at plikten til å etablere tilfluktsrom skal gjeninnføres, finnes det fortsatt ikke noe regelverk. I mellomtiden står store sykehusprosjekter videre uten en avklaring. Det betyr i praksis at vi risikerer å bygge inn svakheter i norsk beredskap i flere tiår framover. Derfor må det komme på plass tydelige føringer nå. Det haster. Nye sykehus skal planlegges med tilfluktsrom og nødvendige beskyttelsesfasiliteter. Eksisterende sykehus må kartlegges og oppgraderes etter behov. Finansiering må følge med, i tillegg til det som allerede ligger til drift hos foretakene. Jeg kommer fra Østfold, og der går snart spaden i jorden. Den nye delen av Kalnes skal bygges. La meg være helt krystallklar: Byggegropen må bli dypere. Vi må ha penger til bindingsverk og mer betong, og det må skje nå. Avklaringen må komme nå. Statsråden sier at den skal komme i riktig tid. Det er kanskje i RNB, for det kan ikke være noen tvil om at dette haster. Dessverre har mye gått galt når sykehus planlegges. Altfor mange sykehus har blitt bygd for små, med for få arbeidsrom, for liten lagerplass, for liten kapasitet og ikke pauserom til ansatte. Vi må snu denne utviklingen, og vi må få på plass et tydelig regelverk nå på det som har med tilfluktsrom å gjøre."
2026-05-07,refs-202526-05-07,Møte torsdag den 7. mai 2026,Margret Hagerup,H,Right,hovedinnlegg,"Margret Hagerup (H) [12:38:35]: Husker du den gangen? Tenk deg at du sakte, men sikkert begynner å glemme dem rundt deg, at dagene glir over i hverandre, og at du til slutt kanskje må flytte fra det du kaller hjem. Altfor mange nordmenn lever med dette. Demens er ikke bare en naturlig del av alderdommen, det er en alvorlig og dødelig hjernesykdom, og det er en av våre største helseutfordringer. I dag lever rundt 115 000 mennesker med demens i Norge, og mot 2050 kan tallet dobles. Samtidig peker utviklingen feil vei. Mens flere overlever kreft og hjerte- og karsykdom, øker antallet som dør av demens. Likevel får altfor få en diagnose. Det betyr at titusenvis går glipp av hjelp. De får ikke behandling, de får ikke tilrettelegging, og de får ikke muligheten til å forstå hva som skjer med dem. For mange er det først når det rakner hjemme – når de pårørende er utslitte – at systemet reagerer. Det er ikke godt nok. Vi vet at Alzheimers sykdom kan utvikle seg i 15–25 år før symptomene blir tydelige. Vi vet at tidlig diagnose gir bedre livskvalitet, bedre oppfølging og bedre muligheter til å planlegge eget liv. Nå vet vi også noe mer: Det finnes nye behandlinger mot Alzheimers sykdom som virker best, eller kun, tidlig i sykdomsforløpet. Da holder det ikke å oppdage sykdommen sent. Da må vi oppdage den tidlig. I dag er tilbudet altfor tilfeldig. Hvor du bor, avgjør hva du får. Noen kommuner har gode tilbud, andre har det ikke. Fastlegene mangler ofte verktøyene, og spesialisthelsetjenesten har for lav kapasitet. Samtidig finnes det nye muligheter: enklere diagnostikk, bedre verktøy og ny teknologi. Men dette tas ennå ikke i bruk i stort nok omfang. Jeg vil også løfte fram de pårørende. Pårørende er bærebjelken i demensomsorgen. Det var en pårørende som skrev følgende til demensinfluenseren Marianne Mørck Danielsen: Hvis vi skal klare å avlaste helsetjenesten og la mor bo hjemme lenge, trenger vi informasjon, støtte og noen å støtte oss på. Det er et budskap vi som samfunn må ta på avor. Jeg hørte nylig helseministeren snakke med Marianne i podcasten «Ikke lett å glemme». Der ble det snakket om ansvarlighet. Nettopp derfor må vi sørge for at pårørende faktisk får den støtten de trenger. Mange står nå i en belastning som går ut over jobb, helse og familieliv. Mange blir sykemeldt. Mange står alene. Likevel møter de et fragmentert system, med uklart ansvar og lite avlastning. Hva slags velferdsstat er vi hvis hjelpen avhenger av hvor ressurssterk familie du har? Og hva med alle dem som ikke har pårørende, hvem tar ansvaret da? Vi trenger en ny demensplan. Det er varslet, og det er bra. Men det holder ikke med gode intensjoner. Demens må høyere opp på den politiske dagsordenen, og vi trenger konkrete og forpliktende tiltak. Vi trenger en satsing på moderne og tidlig diagnostikk. Vi trenger bedre verktøy til fastlegene. Vi trenger økt kapasitet, bedre behandling, mer likeverdige tjenester i hele landet og en tydelig styrking av tilbudet til pårørende. Det handler om kvalitet, og det handler om livskvalitet. Demens handler ikke bare om å huske. Det handler om å bli husket, som menneske. Mitt spørsmål til helseministeren er: Hvilke konkrete og forpliktende tiltak vil regjeringen legge inn i den kommende demensplanen for å sikre tidlig diagnostisering i hele landet? Og vil regjeringen ta i bruk moderne diagnostikk og nye behandlingsmetoder i norsk helsetjeneste?"
2026-05-07,refs-202526-05-07,Møte torsdag den 7. mai 2026,Statsråd Jan Christian Vestre,NA,NA,hovedinnlegg,"Statsråd Jan Christian Vestre [12:43:01]: La meg først takke interpellanten for å reise en viktig debatt og sette et viktig tema på dagsordenen. Det er jeg glad for, så takk for det. Demens angår den som får diagnosen, men det angår også alle dem som står rundt. Det angår ektefeller, barn, venner, naboer, helse- og omsorgstjenestene – ja, det angår hele fellesskapet vårt. Regjeringen tar dette på største alvor. Vi vet at antallet personer som utvikler demens, vil øke i årene som kommer. Vi vet at risikoen øker med alderen, og når vi lever lenger og blir flere eldre, vil også flere leve med demenssykdom. Samtidig vet vi at også yngre mennesker kan rammes. Dette er en utvikling vi må møte med både realisme og – la meg understreke – ambisjon. Regjeringen har satt i gang arbeidet med en ny demensplan som skal avløse Demensplan 2025. Evalueringen av den forrige planen viser at den har vært viktig for å sette demens høyere på dagsordenen, men evalueringen viser også at det er behov for en egen plan om tematikken kommende år. Evalueringen viser også at det trengs fornyet og forsterket innsats på både individ-, samfunns- og tjenestenivå. Målet er at den nye planen ikke bare skal bli et godt dokument, men først og fremst et verktøy for faktisk forbedring. Planen vil derfor legge vekt på forebygging, tidlig diagnostisering og behandling, mer persontilpassede tjenester, økt bruk av teknologi, og kunnskapsutvikling og implementering. Den skal også ta hensyn til de særlige utfordringene som distriktskommunene våre står overfor. Bo- og avlastningstilbud og aktivitetstilbud for personer med demens må utvikles i takt med behovene, både for den enkelte og ikke minst for de pårørende. Dette arbeidet pågår for fullt, og det må også ses i sammenheng med andre pågående reformer og strategier. Det gjelder bl.a. Eldreløftet, som vi nå ruller ut, med høreapparatgaranti og aktivitetstilskudd, for å nevne noen eksempler. Det inkluderer også arbeidet med helsereform, arbeidet med bærekraftige tjenester med tanke på personell, og ikke minst den kommende hjernehelsestrategien. Her er det viktig at vi som alltid tenker helhetlig, fordi utfordringene henger tett sammen. For regjeringen er det også helt avgjørende at pårørendeperspektivet står sterkt i denne planen. Pårørende til mennesker med demens står ofte i krevende omsorgsoppgaver over mange år. Noen beskriver det som å miste den de er i glad i, to ganger. De er ofte den usynlige bærebjelken, og derfor skal de møtes med mer enn bare gode ord. Samarbeidsverktøyet Pårørendeavtale, som vi har innført, er et viktig grep for bedre informasjon og støtte. Det er et verktøy som skal gjøre samarbeidet mellom tjenestene og de pårørende mer systematisk og mer forpliktende. Helsedirektoratet har fått i oppdrag å støtte kommunene i dette utrullingsarbeidet, også gjennom å utvikle opplæringsmateriell og kartlegge bruken. Vi må ha forutsigbare avlastningstilbud, støttegrupper, opplæring, informasjon og medvirkning. Dette vil være grep vi trekker fram i den nye demensplanen. Omsorg kan ikke reduseres til minutter, skjemaer og enkeltvedtak alene. Omsorg handler også om relasjon, kontinuitet, trygghet og menneskelig nærvær. Derfor styrker vi gjennom Eldreløftet innsatsen på bolig, bemanning, kvalitet og kompetanse, aktivitet, hørsel og pårørende. Vi vil bidra til at eldre får heldøgns omsorgsplass når det trengs, og har lagt til rette for tilsagn om tilskudd til 1 500 heldøgns omsorgsplasser i år. Til slutt: Tidlig og riktig diagnostisering er avgjørende. Jeg er enig med interpellanten i at vi trenger mer kunnskap, og at ny kunnskap må tas i bruk. Derfor har vi nylig lansert en helt ny handlingsplan for kliniske studier og klinisk forskning, med mål om mer forskning, flere deltakere, mer innovasjon og offentlig-privat samarbeid, bedre bruk av digitale løsninger, raskere utlevering av helsedata og mer bruk av kunstig intelligens. Dette vil også komme demensomsorgen til gode. For å avslutte: Den nye demensplanen som kommer om ikke lenge, skal bygge på den kunnskapen vi har, erfaringer med ulike planer fra skiftende regjeringer og ikke minst den brede involveringen som har vært. Den skal selvsagt være ambisiøs, og den skal være mulig å gjennomføre, slik at vi kan se en faktisk bedring i folks liv. Det er derfor vi er her."
2026-05-07,refs-202526-05-07,Møte torsdag den 7. mai 2026,Margret Hagerup,H,Right,hovedinnlegg,"Margret Hagerup (H) [12:48:13]: Takk for svaret. Det viser hvor mye som skal fungere for at en god demensomsorg skal være på plass, og det viser hvor lett det er å ha et stort gap mellom ambisjoner og virkelighet. Det blir veldig spennende å se hva som kommer i demensplanen, og ikke minst hva som kommer av faktiske tiltak. I dag er det lettere å snakke åpent om et hjerteinfarkt enn at en har sviktende hukommelse. For mange blir terskelen for høy. Det gjør at folk ikke kommer inn i systemet, og de kommer sent inn i systemet. Denne uken møtte jeg Ingvar. Da hukommelsen hans begynt å svikte, tok det tid før han fikk hjelp. Da det begynte å bli et problem hjemme at han glemte ting, begynte de rundt ham å stille spørsmål. Han skulle finne fire ting i fryseboksen, han kom tilbake igjen med tre. Det kan skje oss alle, men for noen skjer det oftere. I dag vet Ingvar at han har fått kognitiv svikt. Det har gjort at han har fått et tilbud om å delta på Inn på tunet-tilbudet som Marit Salta har, sammen med dedikert helsepersonell på Torvholen gård. Det er et tilbud hvor Ingvar og flere andre møtes ukentlig. Han som spilte gitar i ungdommen, har funnet tilbake gleden ved musikken – til glede for både ham og folk rundt ham. Han kan ikke rose tilbudet godt nok, men han sier at terskelen for å komme dit var ganske høy. For når erkjenner en at det er sykdom? Det er derfor vi ikke kan overlate dette til den enkelte, vi må sørge for at systemet kan oppdage det tidligere. Vi har kommet langt når det gjelder andre sykdommer som kreft og hjerte- og karsykdommer. Vi er også mye flinkere til å forebygge dette. Fastlegene kan avdekke risiko, gi blodfortynnende medisiner og senke kolesterolet. I dag lever folk betydelig lenger og bedre med alvorlig sykdom. På demensfeltet skjer det nå et gjennombrudd og norske forskere står klare. Vi vet at sykdom kan avdekkes med en blodprøve, vi vet at behandling virker best tidlig, men vi mangler kunnskap om hvordan dette fungerer i praksis i helsetjenesten. Det er ikke et spørsmål om det virker, det er et spørsmål om vi er villige til å prøve å ta det i bruk. Forskermiljøene i Norge er klare – de etterspør utprøving av nye medisiner i praksis. De vil finne ut hvordan dette kan rulles ut i Norge, hva det koster og hvilke tiltak som trengs i helsetjenesten for å få det på plass for enda flere. Det er kunnskap vi trenger, og det haster. Jeg la merke til at statsråden flere ganger i sitt innlegg sa at en ville legge til rette for tidlig diagnostisering, og at en var enige om at det må tas i bruk. Derfor vil jeg spørre ganske tydelig: Vil regjeringen forplikte seg til å pilotere moderne diagnostikk og nye behandlingsmetoder i norsk helsetjeneste, eller skal vi vente til behovet blir enda større?"
2026-05-07,refs-202526-05-07,Møte torsdag den 7. mai 2026,Hanne Beate Stenvaag,R,Left,hovedinnlegg,"Hanne Beate Stenvaag (R) [15:29:38]: Jeg har fått flere henvendelser fra mennesker som er fortvilet over at inntektskravet for familiegjenforening ble økt i fjor. Ei forteller om at hun er nødt til å leve i et langdistanseforhold og ikke kan leve et normalt familieliv, og skriver: Jeg har ingen mulighet for å få en så god jobb at jeg kan tjene 416 512 kr i året. Det er rett og slett for mye. Jeg er nettopp ferdig med utdanningen min, så dette kravet er for stort. Vi elsker hverandre høyt, men situasjonen gjør oss fortvilte. Beløpet 520 640 kr er altså det nye beløpet som det ser ut til at et flertall her i salen mener er rimelig som inntektskrav for å kunne få familiegjenforening. Det betyr at hvis du jobber i en norsk kommune, må du altså ha treårig utdanning for å oppnå inntektskravet. Er du fagarbeider, vil du oppnå inntektskravet verken med en grunnlønn, med seks års ansiennitet, med åtte års ansiennitet eller med ti års ansiennitet. Du kommer deg så vidt over hvis du har seksten års ansiennitet. Jobber du i en norsk kommune i en ufaglært stilling, vil du aldri kunne oppnå inntektskravet i en 100-prosentstilling. Jeg skjønner at FrP er villig til å gjøre nesten hva som helst for å hindre innvandrere i å komme til Norge, men jeg vil minne om at inntektskravet også gjelder for norske som f.eks. vil gifte seg med noen fra et land utenfor Schengen. Jeg må helt ærlig si at det er vanskelig å forstå at partier som Høyre, Senterpartiet og ikke minst KrF faktisk kan stå inne for et sånt krav. Til Høyre: Synes dere virkelig det er rimelig å ha et inntektskrav langt over mange vanlige lønninger i Norge? Til Senterpartiet: Hvem skal jobbe på sykehjem og i hjemmetjenesten i distriktskommunene når du uansett aldri når opptil inntektskravet? Til KrF: Politikken deres om familien først gjelder åpenbart ikke for dem som har familie i et annet land, med mindre de har ganske høy inntekt. Da blir det familien sist. Jeg mener det er rimelig å stille noen inntektskrav for å kunne få familiegjenforening, men det må være en sammenheng mellom kravet som stilles, og de lønningene vi har, særlig når vi vet at mange som er nye i Norge, jobber i lavtlønnede, men helt nødvendige og viktige jobber. Dette er en urettferdig politikk og en hjerteløs politikk. Familie er viktig for oss alle, og denne politikken rammer jo ikke bare voksne som vil gifte seg med noen fra et annet land utenfor Schengen; den rammer flyktninger, og den rammer dem som har barn i et annet land, hvor tiden og barndommen går fra både barna og foreldrene."
2026-05-21,refs-202526-05-21,Møte torsdag den 21. mai 2026,Bård Hoksrud,FrP,Right,hovedinnlegg,"Bård Hoksrud (FrP) [10:04:52]: FOT-rutene handler ikke først og fremst om fly. Det handler om folk, det handler om arbeidsplasser, og det handler om at man faktisk skal kunne bo, drive bedrift og leve et godt liv også utenfor de største byene. For mange steder er ikke dette noe luksustilbud; det er en del av den grunnleggende infrastrukturen. Det er forbindelsen til sykehus, utdanning, kunder, leverandører, familie og resten av landet. For mange er det et kollektivtilbud helt på linje med buss, trikk, T-bane og tog. I representantforslaget står det godt: «Flyrutene er [...] ein føresetnad for bruk av helse- og utdanningstilbod og andre sentrale velferdstenester. For næringslivet er ofte dei lokale flyrutene ein føresetnad for å kunne vere lokaliserte der dei er.» Dette er kjernen i saken. Det handler om trygghet for folk, trygghet for at man kan komme seg til behandling, til jobb, til familie og hjem igjen. Det handler om valgfrihet, og at folk ikke skal presses til å flytte fordi transporttilbudet blir for dårlig. Det handler om økonomisk trygghet for bedrifter som skaper arbeidsplasser utenfor de store byene. Når regjeringen legger opp til færre tilgjengelige seter, dårligere rutetilbud og dyrere billetter, rammer det ikke bare noen flypassasjerer; det rammer lokalsamfunn, det rammer små og mellomstore bedrifter, det rammer folk som skal rekke et møte, en behandling, en operasjon, en eksamen eller en viktig avtale. Dette er ikke bare en teoretisk anbudsdiskusjon. Det får helt konkrete og reelle konsekvenser. I Stord er det lagt opp til at setekapasiteten kan gå ned fra 36 500 seter til 27 800 seter. Det er ikke småjusteringer, men et kraftig kutt for et område hvor flytilbudet betyr enormt mye, både for folk og næringsliv. Ordføreren i Stord har jeg hatt møte med, om de alvorlige konsekvensene dette vil få. Stord er ikke alene. Det gjelder også steder som Florø, Røros, Ørsta og Volda. Dette er lokalsamfunn der avstanden er stor, alternativene ofte er dårlige, og hvor flyrutene ikke er noe luksus, men en del av hverdagen. For næringslivet kan det bety færre muligheter til å møte kunder og hente inn kompetanse, få folk raskt fram og tilbake, og drive virksomhet der verdiene faktisk skapes. For vanlige folk kan det bety vanskeligere reiser til sykehus, utdanning og arbeid. For Fremskrittspartiet er dette ganske enkelt: Folk skal ha frihet til å bo der de vil, næringslivet skal ha mulighet til å skape verdier der de er, og staten skal sørge for at grunnleggende infrastruktur faktisk fungerer. Samtidig skal vi bruke pengene smart. FrP er opptatt av gode anbud, konkurranse og at staten får mest mulig flytilbud igjen for skattebetalernes penger. Vi skal ikke betale mer enn nødvendig, men løsningen kan ikke være å svekke tilbudet først og så skylde på Stortinget – der et bredt flertall sier stopp til regjeringen. Forslaget ber ikke regjeringen skrive ut en blankosjekk; forslaget ber regjeringen lage et nytt anbudsgrunnlag som sikrer dagens flytilbud og setekapasitet på minst dagens nivå, og mer kapasitet der behovet er størst, og uten en urimelig prisøkning. Dette er ikke ekstremt, det er sunn fornuft. Derfor tar jeg opp det forslaget som ligger i representantforslaget, og til statsråden: Nei, vi snur ikke."
2026-05-21,refs-202526-05-21,Møte torsdag den 21. mai 2026,Anne Lise Gjerstad Fredlund,SV,Left,hovedinnlegg,"Anne Lise Gjerstad Fredlund (SV) [10:11:11]: I dag er det en skikkelig god grunn til å være ordentlig fornøyd. I dag rydder Stortinget ordentlig opp. Et bredt flertall går nå sammen om å sikre noe så grunnleggende som at folk i Sør-Norge fortsatt skal kunne ha et flytilbud som faktisk fungerer i hverdagen, enten det er på Røros, i Florø, i Sogndal, på Sandane eller andre steder som er helt avhengig av nettopp disse FOT-rutene. Det som lå ute i anbudet, var ingen forbedring. Det var en stille svekkelse: færre seter, dårligere frekvens og rutetider som gjorde det vanskelig å få til helt vanlige reiser. Det var ikke dramatisk formulert, men veldig merkbart i praksis. Det er nettopp derfor det vedtak Stortinget vil gjøre senere i dag, betyr så mye. Vi stopper en utvikling der tilbudet sto i fare for å bli gradvis bygget ned, og vi slår tydelig fast i fellesskap at FOT-rutene i Sør-Norge ikke skal svekkes. De skal fungere, og de skal fungere for dem det faktisk gjelder, i livet til folk ute i distriktene. Det handler om noe så konkret som å kunne reise til et møte og komme hjem igjen samme dag, om å få tilgang til helsetjenester og om å drive bedrift og samtidig være lokalisert i distriktene. Da holder det ikke med et tilbud som ser greit ut på papiret; det må være skrudd sammen slik at det også virker i praksis. Nattparkeringen på Røros er et godt eksempel på akkurat dette. Uten nattparkering vet vi at de tidlige avgangene kan forsvinne, og uten tidlige avganger forsvinner også muligheten for dagsreiser. Da har vi i realiteten svekket tilbudet, uansett hva som står i anbudet. Dette vedtaket handler nettopp om å sikre den typen funksjonalitet. Jeg vil også si dette: Vi skal ikke bare bevare dagens luftfart. Vi skal utvikle den. FOT-ordningen er et kraftfullt verktøy for å få fram lav- og nullutslippsløsninger, men det må gjøres i riktig rekkefølge. Vi kan ikke starte med å gjøre tilbudet dårligere og håpe at teknologien skal løse resten senere, for folk i distriktene kan ikke settes på vent. Også derfor er dette et godt vedtak. Det er både ansvarlig og framoverlent. Vi sikrer et tilbud som folk kan bruke, vi gir forutsigbarhet til næringslivet, og vi sender et klart signal om at hele landet skal fungere i praksis. At Stortinget nå samler seg så tydelig, er i seg selv en styrke. Jeg har også sett at ministeren har vært ute og snakket om at det er lov å snu. Jeg er helt enig. Det er absolutt ingen skam å snu, og Arbeiderpartiet må svært gjerne stemme for forslaget som vi legger på bordet i dag. SV skal ikke holde det mot dere i Arbeiderpartiet. Vi skal derimot applaudere."
2026-05-21,refs-202526-05-21,Møte torsdag den 21. mai 2026,Remi Sølvberg,R,Left,hovedinnlegg,"Remi Sølvberg (R) [10:17:38]: FOT-rutene er ikke bare flyruter, det er livsnerven i distriktene våre. Det handler om muligheten til å bo, arbeide og drive næring i hele landet, om å sikre tilgang til sykehus, utdanning, arbeid og offentlige tjenester, uten at avstanden blir en sosial straff. Derfor er det viktig at flertallet i Stortinget sender et tydelig signal til regjeringen: FOT-rutene skal fortsatt være gode, tilgjengelige og et reelt kollektivtilbud for distriktene. Regjeringens forslag om å redusere kapasitet kombinert med en prisøkning på 20 pst. er uakseptabelt. Det gjør det desto mer skuffende at Høyre under pressekonferansen i vandrehallen åpnet med å svekke hovedpremisset i enigheten. For dem var det plutselig greit at regningen skulle sendes videre til folk som holder hjulene i gang på kysten vår og i distriktene våre. Det må ikke herske noen tvil om at prisøkning var en sentral grunn til at saken ble reist og et bredt flertall samlet seg. Derfor oppleves det som et slag i magen når Høyre torpederer dette allerede under første uttalelse til pressen. Det viser hvor uklare Høyre er når viktige distriktsinteresser står på spill. Først støtter de kritikken av regjeringens anbud, men så snart de står på åpen scene, trekker de seg unna og sier at folk flest må betale regningen. Det er vanskelig å tolke det som noe annet enn vingling, dessverre. Det har vi kanskje blitt vant til i det siste fra dette partiet. Da uenigheten om premissene i forslaget bredte seg ut i vandrehallen, framsto det plutselig bare som en mulighet til å påføre Arbeiderpartiet i regjering skade. Det fikk også media teften av. Rødt er ikke blant dem. Vi står støtt sammen med partiene på venstresiden. Samtidig skal vi jobbe for egen politikk og reell forandring. Distriktene trenger flere muligheter, ikke høyere regninger. For Rødt er dette et grunnleggende politisk skille. Vi mener ikke at distriktsbefolkningen skal betale regningen alene. Dersom staten mener disse rutene er nødvendige for bosetting og verdiskaping, mener vi det, og da må staten ta del i finansieringen. Det er et flott forslag, egentlig. Det var tre premisser, tre hovedsøyler. Det er kapasitet, det er tilgjengelig, og det er pris. For Rødt var dette med tilgjengelighet spesielt viktig. Det må gå fly på morgenen, det må gå fly på ettermiddagen, det må være mulig ikke å måtte overnatte på hotell. Det var vi også klare på i de forberedelsene som var i forkant av dette forslaget. Vi får se hva det blir til."
2026-05-21,refs-202526-05-21,Møte torsdag den 21. mai 2026,Oda Indgaard,MDG,Center,hovedinnlegg,"Oda Indgaard (MDG) [10:20:34]: For folk i store deler av Norge er ikke kortbanenettet et luksustilbud, det er selve forbindelsen mellom by og bygd, mellom folk og sykehus, mellom næringsliv og markedet, mellom familie og hverdag. Når regjeringen starter på en demontering av det nettet i Sør-Norge uten en plan for hvordan de behovene skal dekkes, er jeg glad for at en samlet opposisjon står sammen om at det ikke er godt nok. Samtidig må vi tørre å diskutere hvordan transportbehovene i distriktene skal kunne dekkes i framtiden. Vi kan ikke møte klimakrisen med å late som om dagens løsning varer evig. Hvis kortbanenettet skal bestå over tid, må vi investere målrettet i nye nullutslippsflytyper som kan fungere nettopp på de korte rullebanene vi har langs kysten og i nord. Testing, innovering og investering i disse flytypene går altfor sakte. Norge har faktisk noen helt unike forutsetninger her. Kortbanenettet vårt gjør oss til et av de mest interessante landene i verden for utvikling av elektriske og andre nullutslippsfly til regional transport. Det handler om både klima, teknologiutvikling og beredskap. Her må vi ta en større rolle, også fordi det er helt essensielt å finne alternativer til de eksisterende flyene når de blir for gamle. Vi kan ikke være i en situasjon hvor vi ikke har fungerende fly i distriktene. For MDG er målet klart: Folk skal kunne bo og leve i hele landet, samtidig som vi kutter utslipp og tar vare på naturen. Så til prisene: Vi er ikke imot å sikre et fornuftig prisnivå på disse reisene, men vi mener det er nødvendig å prioritere hardere enn i dag. Når kapasiteten er begrenset, må ordningen med subsidierte billetter først og fremst komme lokalbefolkningen til gode. Det er særlig relevant i Nord-Norge, der presset på kapasiteten i perioder har vært stort. Hvis stadig flere billige billetter går til turister, risikerer vi at folk som faktisk er avhengig av fly i hverdagen, ikke kommer seg med. MDG står støtt i støtten til FOT-rutene, men vi ønsker ikke å bidra til mer flytrafikk enn nødvendig, og vi mener det må være mulig for lokalbefolkningen å få tak i billetter uten å planlegge livet sitt mange måneder i forveien. Det handler også om tillit – tillit til at det går an å bo i distriktene uten å bli koblet fra resten av landet, og tillit til at vi klarer å kombinere det med en transportpolitikk som tar klima og natur på alvor. Jeg håper det tydelige signalet fra opposisjonen om hvor viktig FOT-rutene er, også er et oppspill til at vi kan diskutere hvordan vi kan sikre transporttilbudet i distriktene også i framtiden."
2026-05-21,refs-202526-05-21,Møte torsdag den 21. mai 2026,Hans Edvard Askjer,KrF,Center,hovedinnlegg,"Hans Edvard Askjer (KrF) [10:23:16]: For meg og for kanskje folk flest er fly ofte et spørsmål om bekvemmelighet. For folk i distriktene er FOT-rutene noe helt annet. Det er veien til sykehuset, til studiene, til arbeid og til familie. Derfor er dette ikke snakk om luksus. Det er en sak om grunnleggende infrastruktur og like muligheter i hele landet vårt. For Kristelig Folkeparti handler dette om noe helt grunnleggende: Vi ønsker levende lokalsamfunn i hele Norge. Da må folk faktisk ha mulighet til å bo, jobbe og leve der de ønsker. Når regjeringen nå legger opp til færre avganger, færre seter og dårligere rutetider, undergraver man nettopp disse mulighetene. Et svekket flytilbud betyr ikke bare litt lengre reisetid. Det betyr at det blir vanskeligere å pendle, det betyr at det blir vanskeligere å komme seg til behandling, og det betyr at næringslivet får dårligere rammevilkår. I mange områder er ikke dette noe man kan kompensere med buss eller tog. Fly er ikke bare et alternativ – det er selve livsnerven. KrF er særlig opptatt av familienes hverdag. Når rutetilbudet svekkes, blir det vanskeligere å få hverdagen til å gå opp. Foreldre som jobber, ungdom som skal studere, og eldre som trenger helsetjenester, rammes direkte. Vi mener derfor det er avgjørende at dagens tilbud opprettholdes, med hensyn til både frekvens, kapasitet og muligheten for dagsreiser. Samtidig må vi sikre at prisene ikke blir så høye at tilbudet i praksis blir utilgjengelig. Et flytilbud som folk ikke har råd til å bruke, er ikke et reelt tilbud. Dette handler ikke bare om transport. Det handler om tilliten til at vi som nasjon faktisk mener alvor når vi sier at vi vil ta hele landet i bruk. Hvis vi svekker FOT-rutene, svekker vi også muligheten til bosetting og verdiskaping i distriktene våre. Derfor mener KrF at vi må sikre et nytt anbud som minst opprettholder dagens nivå, og som legger til rette for et flytilbud som faktisk fungerer for folk – for uten gode forbindelser blir avstandene i Norge fort for store."
2026-05-21,refs-202526-05-21,Møte torsdag den 21. mai 2026,Hashim Abdi,A,Left,hovedinnlegg,"Hashim Abdi (A) [10:51:02]: For Arbeiderpartiet og denne regjeringen er FOT-rutenettet vårt viktige. Folk i hele landet skal kunne komme seg på jobb, til sykehus, til familie og hjem igjen uten at avstandene skal gjøre det til en umulig oppgave. Der nettopp derfor denne regjeringen, sammen med resten av rød-grønn side, har satset på ordningen siden vi fikk regjeringsmakt. Vi har halvert billettprisene på FOT-rutenettet. Vi har økt bevilgningene fra rundt 900 mill. kr til 2,5 mrd. kr. Og alt dette har vi gjort samtidig som Høyre og Fremskrittspartiet har vært på motsatt side. Det er god praktisk politikk, og det er god distriktspolitikk – ikke bare pompøse ord man sier rett før kameraene skrus på og Presse-Norge blir innkalt. Arbeiderpartiet prioriterer, sammen med resten av rød-grønn side, de store pengene på det vi vet monner i folks liv, og det som gjør en forskjell for folk der ute. Jeg kan ha forståelse for at det blir debatt når staten gjør justeringer i et offentlig kjøp etter hvert som kostnader, behov og etterspørsel endrer seg. Det er en legitim diskusjon. Man kan mene at staten skal kjøpe mer, og man kan mene at staten skal kjøpe mindre. Det er helt fair, men det flertallet i denne salen, med Høyre i spissen, driver med, er alt annet enn det. Det vi har blitt utsatt for de siste dagene, er nærmest en kollektiv maraton i ansvarsfraskrivelse. Det at Høyre ikke evner å bestemme seg for hva de mener, og at de er vinglete, er ikke noe nytt – det har skjedd cirka 100 ganger bare de siste ukene – men at dette var en smittsom tilstand, var jeg jeg ikke helt klar over. Nesten samtlige partier i denne salen står altså i en pressekonferanse og lover at alt skal opprettholdes akkurat som før – ingen reduksjoner, ingenting skal endres. Noen vil øke prisene, andre vil ikke det, og ingen kan helt forklare hvordan det regnestykket går opp. Det eneste denne koalisjonen av partier har til felles, er at ingen får det mattestykket til å henge på greip. Folk der ute forventer at vi forvalter skattebetalernes penger med respekt, at vi har kontroll på regningene, at vi ikke bruker deres penger på seter ingen bruker, og luft, og at når vi først vedtar millionbeløp i denne salen, så finnes det også penger til å betale den regningen. Det mest spesielle med denne debatten er at partier som ellers snakker veldig høyt om og som er gode på ansvarlig pengebruk, plutselig, over natten, bare har abdisert. Det er en utrolig enkel øvelse å være opptatt av distriktene når Presse-Norge er kalt inn, men det som står til strykkarakter hver eneste gang Høyre og FrP skal prioritere, er de pengene som går til Distrikts-Norge. Arbeiderpartiet har, sammen med resten av rød-grønn side, gjort nettopp det: Vi har styrket kollektivordningene. Vi har gjort det billigere å fly, og vi har prioritert FOT-rutene i budsjettene, fordi vi mener dette er viktig og riktig. Som representanten Gunaratnam sa så godt: Makta ligger i Stortinget, men det gjør ansvaret også, og her viser partier på Stortinget at de ikke er seg sitt ansvar bevist."
2026-05-21,refs-202526-05-21,Møte torsdag den 21. mai 2026,Marius Langballe Dalin,MDG,Center,hovedinnlegg,"Marius Langballe Dalin (MDG) [10:59:48]: Eg er sjølv pendlar med fly til Sogn og Fjordane, og eg veit veldig godt at flyrutene er ein heilt nødvendig del av kollektivtilbodet i distriktet vårt. For mange år sidan var det luftige planar om tog til min heimby Førde i Sogn og Fjordane. Eg er glad for at dette ikkje blei noko av – ikkje fordi eg ikkje set pris på å ta toget, men fordi det ville rasert mykje natur og matjord og hatt eit klimarekneskap som aldri ville gått opp. Sidan vi manglar togtilbod, blir FOT-rutene sjølve livsnerven i Distrikts-Noreg. Anbodet sikrar verken klima, skattebetalarane eller distrikta på ein god nok måte. Vi treng ikkje eit pengesluk som flyr tomme seter; vi treng eit treffsikkert tilbod i lufta. Anbodet som er lyst ut, tek ikkje høgde for dei faktiske behova på bakken og i lufta. Vi skal ha flygingar tilpassa folk sine liv, ikkje ruteplanar tilpassa tomme seter. Vårt viktigaste krav er at kapasiteten må opp på dei tidspunkta der behovet faktisk er størst. Det betyr ei reell auking i kapasiteten morgon og ettermiddag, når pendlarar, pasientar og næringsliv skal fram. Samtidig må vi tørre å sjå på overkapasiteten på tider av døgnet der flya går nærmast tomme. For Vestlandet er det forbindelsen til Oslo som er mest kritisk, og delvis også nord–sør. Men løysinga er ikkje å fly halvtomme, store maskiner midt på dagen. Vi må sjå på fleksibilitet, anten ved å samle passasjerar frå nærliggjande flyplassar, eller ved ta i bruk mindre og meir driftseffektive flytypar, som f.eks. Twin Otter, på dei minst trafikkerte avgangane. Busstilbodet må styrkjast kraftig og bli vesentleg billegare, slik at bussen blir eit reelt og konkurransedyktig alternativ til fly på dei strekningane der det er realistisk. Kortbanenettet er den perfekte rullebana for den grøne luftfartsrevolusjonen. Vi vil ha dei første elektriske passasjerflya i rute i 2030. Kortbanenettet skal ikkje vere gårsdagens forureinande løysing; det skal vere morgondagens utsleppsfrie spydspiss. Det er på desse korte distansane at elektrifiseringa av luftfarta er realistisk på relativt kort sikt. Vi må erkjenne at flytrafikken mellom dei store byane våre må ned, men der det ikkje finst gode alternativ på bakken, som på store delar av Vestlandet og i Nord-Noreg, skal vi leggje til rette for ei effektiv og på sikt utsleppsfri luftfart. Difor er vi sjølvsagt med på forslaget som skal stemmast over i dag."
2026-05-21,refs-202526-05-21,Møte torsdag den 21. mai 2026,Bjørn Larsen,FrP,Right,hovedinnlegg,"Bjørn Larsen (FrP) [11:02:40]: Hvor skal vi reise? Vi skal reise på jobb, vi skal reise til sykehuset, vi skal reise til møter og utdanning, vi skal reise til familie, og vi skal reise tilbake igjen. FOT-rutene er vår trikk og vår pendlerbuss i Nord-Norge. For folk i Oslo er kollektivtransporten noe som går hvert femte minutt. For folk i Nord-Norge kan en kansellert flyavgang bety at hele dagen eller hele helga ryker, eller at man ikke kommer seg til behandling i tide. Derfor er FOT-rutene ikke et luksustilbud, men grunnleggende infrastruktur. Fremskrittspartiet er glad for at Stortinget nå sender et tydelig signal om at flytilbudet i distriktene ikke kan bygges ned gjennom nye anbud, men da må det også gjelde for Nord-Norge. Frekvens handler ikke bare om antallet avganger på et papir. Det handler om hvorvidt folk faktisk rekker sykehustimer, møter, jobb og korrespondanse videre i landet. For Nord-Norge er det helt avgjørende at flyene går tidlig nok om morgenen og sent nok på ettermiddagen til at dagsreiser er mulig. Mister man en avgang, kan alternativet fort være overnatting, tapte arbeidsdager eller utsatte avtaler. Vi ser allerede utfordringene. Næringslivet i Nordland melder om fulle fly, dårlig korrespondanse, ekstra overnattinger og tapt arbeidstid. På Helgeland har det blitt vanskeligere å gjennomføre dagsturer. I Lofoten og Vesterålen blir folk stående igjen på bakken fordi kapasiteten er for lav. Det handler ikke bare om komfort; det handler om verdiskaping. Nord-Norge leverer sjømat, energi, reiseliv, mineraler og industriarbeidsplasser, men da må folk faktisk komme seg fram. Når transporten svikter, svekkes konkurransekraften. Det samme gjelder for helsetjenestene. I store deler av Nord-Norge er flyet en del av helsekjeden. Pasientreiser er helt avhengig av at rutene fungerer. Når man må bruke et helt døgn på en reise som tidligere kunne gjøres på en dag, rammer det både pasienter, familier og helsevesen. Det er interessant å høre regjeringen snakke om transportfaglige vurderinger og kostnadseffektivitet, men folk i distriktene lever ikke i et regneark i Oslo. De lever i et landskap der flyene ofte er den eneste realistiske måten å binde regionene i hop på. FOT-rutene ble opprettet nettopp for at distriktene der inntektene til landet skapes, skal ha et tilbud. Da kan vi ikke ende opp med en politikk der staten gradvis reduserer tilbud fordi noen modeller mener at enkelte seter står tomme enkelte dager. For Nord-Norge må vi tenke beredskap, bosetting og samfunnsbygging, ikke bare kabinfaktor. Fremskrittspartiet mener derfor at signalene Stortinget nå sender om Sør-Norge, også må legges til grunn for kommende anbud i Nord-Norge. Vi skal utvikle kortbanenettet, ikke bygge det ned. Vi trenger nok seter, men vi trenger også nok avganger. Uten frekvens forsvinner fleksibiliteten som gjør at folk faktisk kan bo og drive næring i distriktene. Uten FOT-rutene stopper ikke bare flytrafikken. Da stopper hverdagen."
2026-05-21,refs-202526-05-21,Møte torsdag den 21. mai 2026,Anne Lise Gjerstad Fredlund,SV,Left,hovedinnlegg,"Anne Lise Gjerstad Fredlund (SV) [11:41:53]: Det har vært mye indignasjon og såre miner i dag, så kanskje er det lov med et litt smilende lag. For når politikken først lander på noe folk får nytte av, må vel kanskje selv Stortinget tåle litt latter i samme drag. Statsråden spør hva vi egentlig vil mene, men svaret, forslaget, står svart på hvitt, linje for linje, sene for sene. Kanskje han burde brukt litt mindre tid på å undre i sal, og litt mer tid på å lese forslag og høre på debattens signal. Innleggene her har vært tydelige nok, fra kyst, fra fjell, fra rullebanen og oss i flokk: Vi vil ha ruter som faktisk består, ikke dårligere anbud, slik statsråden foreslår. Vi vil at tilbudet fungerer i praksis, ikke bare se pent ut i statsrådens grafikk og matriks. Folk må kunne komme seg fram når dagen tar til, og hjem igjen etterpå, slik også vanlige liv vil på Røros, i Florø, i Sandane, der ute der flyet ikke er luksus, men selve livet i rute. På Røros ligger tåken tett når morgenen blir grå, og uten nattparkering er det nesten ingen fly som vil gå. Da hjelper det lite med løfter, prat og skinn, når dagens første avgang aldri kommer inn. Dette handler helt konkret om ting i livet folk lever, ikke luftige formuleringer som svever og svever. Det handler om å rekke et møte og komme hjem samme kveld, om tilgang til sykehus, jobb og et næringsliv som står støtt likevel. Vi vet jo dette fra før, for da Arbeiderpartiet, Senterpartiet og SV sto samlet, åpnet vi mang en dør. Vi bygde opp FOT-ruter og bandt landet i hop med en politikk som løftet distriktene opp. Vi skjønte sammen at Norge er mer enn de største byenes lys. Det er også folk mellom fjell og fjord som holder landet i driv. Så takk til dagens flertall, som denne gangen forsto at hele vårt land må ha gode flyforbindelser for å bo. Det er faktisk litt stas å se – når distriktene kaller, finner vi oss sammen i det."
2026-05-21,refs-202526-05-21,Møte torsdag den 21. mai 2026,Margret Hagerup,H,Right,hovedinnlegg,"Margret Hagerup (H) [13:06:55] (ordfører for saken): Jeg vil starte med å takke både forslagsstillerne og komiteen for å løfte et viktig spørsmål. Jeg tror de aller fleste av oss har vært møtt av jordmor iallfall minst én gang i livet, og vi er helt avhengige av å møte gode jordmødre for å få en best mulig start. En trygg svangerskaps-, fødsels- og barselomsorg er avgjørende for den gode starten, og for å lykkes med det må vi ha nok jordmødre med rett kompetanse, gode arbeidsvilkår og mulighet til å stå lenge i yrket. Komiteen er bekymret over dagens bemanningssituasjon og de ansattes arbeidsvilkår, og komiteen erkjenner at det er for mange føde- og barselavdelinger som opplever høyt arbeidspress, og at turnoveren blant jordmødre er for høy. Å ha for få jordmødre over tid vil føre til mindre kontinuitet, større belastning på de ansatte og økt risiko for de fødende. Komiteen er samstemt om at vi må ta i bruk flere sykehus som praksisarenaer for jordmorstudenter, og det er bra, for mangel på praksisplasser er i dag en av de største flaskehalsene for å utdanne flere jordmødre. Her må universiteter, høyskoler og helseforetak samarbeide bedre. Jeg vil så gå inn på Høyres ståsted i denne saken. Høyre mener vi må bygge en helsetjeneste der folk blir værende. Derfor må utdanning, praksis, arbeidsmiljø, ledelse og organisering ses i sammenheng, og vi må både beholde og rekruttere flere jordmødre. Høyre mener det trengs en helhetlig vurdering av jordmorutdanningen, for det er ulike syn i fagmiljøene på spørsmålet om forslaget om en femårig integrert utdanning, og det er gode argumenter på begge sider. Derfor er det klokt å be regjeringen komme tilbake med en samlet vurdering av hvordan utdanningen best kan organiseres for framtiden, der en både ser på praksisordningene og dagens pliktår. Målet må være en utdanning som er faglig solid og attraktiv, som gir nødvendig kompetanse og god praksis, og som gjør at nyutdannede jordmødre har en robust og faglig plattform når de starter i yrket, og ikke minst at de kan bli værende der over tid. Rekruttering og utdanning er viktig, men det er i aller høyeste grad også viktig å beholde de jordmødrene vi allerede har. Mange opplever høyt arbeidspress, små stillinger og lite faglig handlingsrom. Høyre forventer at regjeringen følger opp betydningen av faglig handlingsrom, tydelig ledelse, godt arbeidsmiljø og muligheter for kompetanseutvikling overfor helseforetakene. Vi trenger en organisering som gir jordmødrene mer tid med pasientene og mindre tid på administrative oppgaver, og der hele stillinger, bedre turnusordninger, kompetanseutvikling og gode fagmiljøer er sentrale virkemidler. Det er viktig i oppfølgingen av Helsepersonellplan 2040 at regjeringen kommer tilbake med konkrete tiltak for å utdanne, beholde og rekruttere nødvendig helsepersonell, for å ivareta målet om den beste barselomsorgen vi kan ha. Med det tar jeg opp forslaget Høyre er med på, forslag nr. 4."
2026-05-21,refs-202526-05-21,Møte torsdag den 21. mai 2026,Julia Brännström Nordtug,FrP,Right,hovedinnlegg,"Julia Brännström Nordtug (FrP) [13:13:21]: Jordmoryrket er et av verdens eldste yrker og den første utdanningen som ble tilbudt kvinner etter folkeskolen. Det er på fødestuen livet starter, og der er jordmor den personen som sikrer at det er trygt for mor og barn. Konsekvensene hvis det går galt, er fatale, og det er et stort ansvar. Det mange jordmødre forteller meg, og oss, er at de elsker jobben sin, at det er en givende jobb, et fag de brenner for. Det å veilede og gi omsorg til kvinner som er i fødsel, og sikre at det er medisinsk forsvarlig, er av stor verdi. Men for mange av dem er arbeidspresset høyt, og med færre kollegaer er slitasjen for mange jordmødre stor. Fødeavdelinger over hele landet står i en krevende bemanningssituasjon. Over tid gjør det at mange strekker strikken langt, og noen slutter, og det bekymrer Fremskrittspartiet. Fremskrittspartiet ønsker et helsevesen der ansatte blir værende, der ansatte opplever faglig trygghet, gode arbeidsvilkår og respekt for jobben de gjør, for dette er det som til syvende og sist gir kvalitet til tjenesten – for meg som mor på en fødestue og for barnet som blir født. Vi kan snakke mye om gode sykehusarealer, enerom, tilgang på lystgass, epidural osv. på fødestuer. Dette er selvfølgelig viktige rammer for fødende kvinner og for dem som jobber der, som Fremskrittspartiet også er opptatt av, men til syvende og sist er det det at det er en jordmor på fødestuen – med et klokt hode, et varmt hjerte og hender fulle av kompetanse – som gjør fødselen trygg for mor og barn. Jordmødre trenger flere kollegaer. Det er ikke mangel på søkere til jordmorutdanningen, men det er mangel på studieplasser. Derfor er Fremskrittspartiet en del av et forslag som ønsker å utvide antallet studieplasser og praksisplasser for jordmødre. Fremskrittspartiet fremmer også forslag om at regjeringen skal utrede en ordning for å sikre sykepleiere som ønsker å utdanne seg til jordmor, lønn under studiene, mot arbeidsplikt i etterkant. Det fremmes også forslag, som Fremskrittspartiet er en del av, som handler om oppgavedeling og også hvordan vi kan styrke barnepleiernes rolle på fødeavdelingene. Jeg tar med det opp de forslagene som Fremskrittspartiet er en del av. Jeg vil i et senere innlegg komme tilbake til dette med utdanning, som har vært en veldig het sak de siste ukene, og med stort engasjement. Avslutningsvis vil jeg takke komiteen for gode samtaler i saken, og jeg vil takke organisasjoner, foreninger og forbund som har engasjert seg sterkt i saken."
2026-05-21,refs-202526-05-21,Møte torsdag den 21. mai 2026,Kathy Lie,SV,Left,hovedinnlegg,"Kathy Lie (SV) [13:16:19]: Å sikre nok jordmødre i helsetjenesten er avgjørende for tryggheten til fødende kvinner i Norge. Jordmødrene er spesialistene våre på svangerskap og fødsel. De følger den gravide gjennom hele svangerskapet. De følger den gravide der det er lang vei til sykehus, de er ved sengen og hjelper fødekvinnene gjennom det skumleste, vondeste og fineste i livet. Likevel hører vi stadig om jordmormangel både i kommunene og på sykehus. Likevel jobber to av tre jordmødre deltid, og én av ti med jordmorutdanning jobber med noe helt annet. Samtidig står unge sykepleiere i kø for å komme inn på jordmorstudiet. Det er for få studieplasser og store utfordringer med å skaffe nok praksisplasser. Erfarne jordmødre slutter på grunn av en uholdbar arbeidssituasjon med altfor få på jobb, krevende turnus og lite hviletid. SV mener vi må ta grep i begge ender av problemet. For å kunne øke antall studieplasser må vi gjøre en større innsats for å skaffe flere praksisplasser, og da må vi utforske alle muligheter til å ta flere sykehus i bruk. SV mener at alle sykehus som har fødeavdeling, bør vurderes for om de egner seg som praksissted. En naturlig følge av dette vil være en mer desentralisert utdanning. For at dette ikke skal bli en stor ekstra belastning for studentene mener vi det bør tilbys økonomisk støtte til studenter som tilbys praksis langt unna studiestedet. En debatt i denne saken handler om hvordan studiet er innrettet. I Norge har vi en bred treårig bachelor i sykepleie, og alle spesialiseringene bygger på denne, også den toårige masterutdanningen for jordmødre. Noen tar til orde for å starte opp en femårig integrert master med tidlig spesialisering. SV mener det er feil vei å gå. Breddekompetansen man får i dagens sykepleierutdanning, er nyttig og viktig og gir fleksibilitet og kompetanse til å løse flere komplekse utfordringer i møte med et større mangfold av fødende. Jordmorforbundet NSF løfter fram dette og sier at tilstrekkelig jordmorbemanning er dagens utfordring, ikke utdanningsmodellen. Den andre enden av problemet handler om å beholde jordmødre i helsetjenesten, og det starter allerede første dag på jobb. Nye jordmødre må møtes med gode introduksjonsprogram, veiledning og støtte. Altfor mange står for mye alene tidlig i jordmorjobben. Derfor ber vi om at det satses mer på mentorordninger, introduksjonsprogram og økt tilgang til etter- og videreutdanning. For de fødende er det viktig med en sammenhengende føde- og barseltjeneste, hvor de ivaretas og trygges hele veien – fra svangerskap til å komme hjem med et nytt liv i armene. Vi trenger mer samarbeid mellom kommune og sykehus og flere folk på jobb. Vi trenger en bedre følgetjeneste i distriktene for dem som bor langt unna sykehus. SV mener vi må ta skikkelige grep for å beholde jordmødre i yrket. Grunnbemanningen må økes. Jordmødre må ansettes i hele, faste stillinger, og det må settes inn tiltak som gjør det mulig for erfarne jordmødre å stå lenger i jobb. Med dette tar jeg opp de forslagene som SV er en del av."
2026-05-21,refs-202526-05-21,Møte torsdag den 21. mai 2026,Kjersti Toppe,Sp,Center,hovedinnlegg,"Kjersti Toppe (Sp) [13:19:37] (leiar i komiteen): Senterpartiet er glad for at vi i denne saka kan få fleirtal for viktige forslag som kan bidra til å sikra nok jordmødrer i helsetenesta vår. Jordmødrer har høgare turnover enn fleire andre sjukepleiargrupper. Éi av ti jordmødrer jobbar utanfor tenesta og berre éi av tre jordmødrer jobbar fulltid. Få tilgjengelege jordmødrer fører til auka press på tenesta. Mange avdelingar rapporterer om låg grunnbemanning, høgt arbeidspress og utfordringar med å behalde dei erfarne jordmødrene vi har. Det kan gå utover pasientar, kvinner og barn og deira familiar. Når det gjeld utdanning, er tilstrekkeleg med praksisplassar avgjerande. At regjeringa no skal ta eit sentralt initiativ til at universitet og høgskular i samarbeid med helseføretaka vurderer å ta endå fleire sjukehus i bruk som praksisplassar, er veldig bra. I innstillinga er det fleirtal for eit forslag om å auka antalet studie- og praksisplassar for jordmødrer, inkludert satsing på desentraliserte studieplassar, og at det vert etablert fleire utdanningsstillingar i tråd med behovet. Vi håpar at dette forslaget kan få fleirtal òg her i Stortinget i dag. Vi står inne i forslaget om mentorordningar og strukturerte introduksjonsprogram, som vi meiner er viktig for å hindra auka turnover eller at nyutdanna jordmødrer sluttar. Vi fremjar forslag om å rekruttera helsefagarbeidarar og barnepleiarar til fødsels- og barselomsorga, som òg er veldig viktig. Så føreslår vi å be regjeringa om å greia ut og pilotera ei femårig integrert jordmorutdanning. For å presisera: Det er ikkje meint som ei erstatning for dagens utdanningsmodell, men det kan vera eit supplement. Jordmorutdanningane støttar dette forslaget. Dersom det fell, vil vi stemma subsidiært for forslag nr. 4, frå Høgre og KrF. Vi har forslag om å be regjeringa sørgja for ei samanhengande svangerskaps-, fødsels- og barselomsorg, gjennom modellar som «Min jordmor» og «God start». Vi står òg inne i forslaget om at alle helseføretak må innføra modellar for auka grunnbemanning og håpar på fleirtal for det i dag. Så fremjar vi forslag om at følgjetenesta i Tinn kommune vert behalden som ei eiga teneste og ikkje vert slått saman, sånn at kvinner får ei dårlegare følgjeteneste enn før. Dette er ei sak vi har kjempa for lenge. Den er òg tatt opp tidlegare i Stortinget. Vi meiner det er veldig avgjerande at ein ikkje tillét ei slik svekking av følgjetenesta for kvinner i Telemark. Med det tar eg opp dei forslaga Senterpartiet er ein del av."
2026-05-21,refs-202526-05-21,Møte torsdag den 21. mai 2026,Seher Aydar,R,Left,hovedinnlegg,"Seher Aydar (R) [13:23:02]: Først og fremst takk til forslagsstillerne for å løfte en viktig sak, der vi til og med oppnår flertall for flere av forslagene. Problemene vi ser i fødselsomsorgen, har ikke oppstått i et vakuum. Det er et resultat av at vi leker butikk i sykehusene, og det er de fødende og jordmødrene som må betale prisen for det. Vi må ta kontrollen over sykehusene tilbake og sørge for at det er fagfolk og kvinnenes behov som skal sette premissene for fødsels- og barselomsorgen. Jordmormangelen på sykehusene øker fordi arbeidspresset er så høyt at jordmødrene ikke orker å være der. Fødeavdelingene er underfinansiert, liggetiden går ned, og jordmødre har i flere år varslet om uforsvarlige forhold på sykehusene. Styrket grunnbemanning er et av de viktigste tiltakene for mindre arbeidsbelastning og bedre tilbud til fødende. Rødt har lenge jobbet for og stilt forslag om bedre bemanning. Det trengs en plan for å beholde og rekruttere gynekologer, jordmødre og barnepleiere i de offentlige helsetjenestene. Derfor er jeg glad for at et forslag om at regjeringen skal sikre at alle helseforetak innfører modeller for økt grunnbemanning og tilpasset turnus nå har flertall. Dette forventer vi at ikke bare legges i en skuff, men at det bidrar til faktisk bedre bemanning, med mer levelige turnuser. At føde- og barselavdelingene er så tynt bemannet at de ikke er i stand til å drifte ved ferie, bør være alarmerende nok til å sette i gang med et kraftløft for føde og barsel. Det er nødvendig med mindre arbeidsbelastning, for å bidra til både at flere kan stå i yrket og et arbeidstempo både helsepersonell og kvinnen kan trives i. Gode arbeidsvilkår er helt avgjørende for å sikre et godt og trygt offentlig helsevesen. Det er et stort potensial i å organisere svangerskaps-, fødsels- og barselomsorgen mer helhetlig, med bedre samarbeid mellom kommuner og helseforetak. Et viktig punkt er å sikre nok jordmødre, også til trygg følgetjeneste for kvinner som har lang reisevei til fødested. Én ting som er sikkert, er at vi må snu problemene med at det stadig kuttes i fødetilbud, som gir kvinner lengre reisevei på mindre trygge veier. En helhetlig fødsels- og barselomsorg er avgjørende for tryggheten. Det er også avgjørende hvis folk skal bo i hele landet. Jeg hørte en interessant pressekonferanse med helseministeren i dag, der han snakket om helsetjenester som skal være robuste over hele landet, også i krisetider. For å bevare det trenger vi at folk bor i hele landet, og for at folk skal bo i hele landet, trenger det å være trygt å føde i hele landet. Det å sikre nok jordmødre er også en del av dette arbeidet."
2026-05-21,refs-202526-05-21,Møte torsdag den 21. mai 2026,Marius Langballe Dalin,MDG,Center,hovedinnlegg,"Marius Langballe Dalin (MDG) [13:26:18]: I jobben min som kirurg i Sør-Sudan har eg hatt det store privilegiet å få lov å hjelpe til med livets største under, nemleg at barn kjem til verda. Eg må seie at noko av det kjekkaste eg gjer som kirurg, er å få lov å gjere eit keisarsnitt når ei kvinne har lege lenge i fødsel og dette ikkje går lenger. Det gjer eit sterkt inntrykk kvar gong. Men eg har dessverre også sett den andre sida. Det er utslitne jordmødrer som løper mellom fødestover, og at det er djup uro blant mange fødande om dei faktisk får den hjelpa og tryggleiken dei treng når dei faktisk kjem inn på fødeavdelinga. Jordmødrer er sjølve ryggrada i ein trygg start på livet, sjølv om vi legar også – i all beskjedenheit – bidrar litt. Når vi i dag behandlar saka om å auke kapasiteten i jordmorutdanninga, er diagnosen krystallklar: Vi har ein betydeleg mangel på jordmødrer. Difor er Miljøpartiet Dei Grøne heilhjarta med på hovudmålet med og intensjonen bak forslaget. Vi vil støtte tilrådingas I, II og IV. Men eg er bekymra for at mykje detaljstyring fort kan gjere at vi slår barnet ut med badevatnet, nærmast bokstaveleg. Sjølv den beste medisinen kan gje biverknader viss ein bommar på doseringa. Det er nettopp her vi i MDG blir bekymra når vi ser III i denne innstillinga og fleire av mindretalsforslaga. Her fell Stortinget for freistinga til å drive med politisk detaljstyring av utdanningsinstitusjonar og helsevesenet elles. Vi prøver å diktere nøyaktig korleis og med kva for mekanismar denne aukinga skal skje her frå Stortinget. Det er feil medisin. Vi politikarar må stille opp med rammene, med midlane som trengst, og med dei store måla, men vi må ha tillit til fagfolka som faktisk skal organisere og drive utdanninga. Ja, det trengst meir ressursar, men ikkje meir detaljstyring. Vi risikerer rett og slett å svekkje kompetansen og bidra til uønskte vaktordningar. Ein-til-ein-oppfølging ved fødsel bør vere hovudregelen, eller skal vere hovudregelen, men rettigheitsfesting skaper fleire utfordringar enn det løyser. Det er spesielt utfordrande på mindre fødeavdelingar, der det er større variasjon i antal fødande, og der ein må velje mellom å bryte rettar, overbemanne og dermed svekkje kompetansen eller rett og slett leggje ned. Dette kan ikkje MDG vere med på. Vidare: God helsepolitikk handlar om å lytte til dei som har skoa på. Vi vil ha fleire jordmødrer inn i tenestene, men vi er bekymra for biverknader av ein del av forslaga, bl.a. III. Difor stemmer Miljøpartiet Dei Grøne for I, II og IV, men vi vil tenkje litt fram til votering på om vi også skal støtta III."
2026-05-21,refs-202526-05-21,Møte torsdag den 21. mai 2026,Statsråd Jan Christian Vestre,NA,NA,replikk,"Statsråd Jan Christian Vestre [13:37:08]: Jeg har besøkt mange av landets fødeavdelinger, barselavdelinger og tilbud i kommunene, og det er en utfordrende situasjon mange steder. Som jeg sa, er det i stort et resultat av at det mangler jordmødre. Vi har økt utdanningskapasiteten, jeg veldig glad for det. 205 studenter møtte til jordmorutdanning i 2025. Det er betydelig høyere enn før, men vi må faktisk også jobbe med å få flere praksisplasser, sånn at kandidatene får fullført utdanningen sin. Vi må bli flinkere til å beholde jordmødre i tjenesten. Nå er det flere sykehus som rett og slett sliter med rekruttering, de får ikke tak i nok fagfolk. Det som er dobbelt synd med det, er jo at det både kan gå ut over kvaliteten, oppfølgingen og tiden til omsorg for kvinnene som føder. Men det går selvfølgelig også ut over jordmødrene som er på jobb, som får høyere arbeidsbelastning enn de skulle hatt, og det henger også sammen med sykefraværet. Jeg er ikke fornøyd med dette. Vi har lagt fram en tipunktsplan for hvordan vi skal håndtere situasjonen, og den jobber vi med hver uke."
2026-05-21,refs-202526-05-21,Møte torsdag den 21. mai 2026,Julia Brännström Nordtug,FrP,Right,replikk,"Julia Brännström Nordtug (FrP) [13:38:14]: Jeg deler langt på vei statsrådens betraktninger rundt dette med studieplasser. Nå mener vi det er et stykke igjen å gå der, men det Kalnes melder, er at det er bemanningsutfordringer. Det er en utfordring med å fylle stillingene, og det resulterer i at man ansetter flere sykepleiere på barsel, f.eks. – men det de også sier, er at det er mangel på penger, ikke bare mangel på hoder. Hva tenker statsråden om det? Så har jeg også et spørsmål vedrørende ultralyd. Ultralyd er et veldig viktig kvalitetsverktøy både før, under og etter fødsel, og NTNU kuttet i år fra 20 til tolv studieplasser, som den eneste ultralydutdanningen i landet for jordmødre. Nå foreslås den lagt ned fra 2027. Hva tenker statsråden om det, og hvilke konsekvenser det potensielt kan ha for kvaliteten på fødeavdelingene, men ikke minst hvilke muligheter som blir fratatt i videreutdanning for jordmødre?"
2026-05-21,refs-202526-05-21,Møte torsdag den 21. mai 2026,Statsråd Jan Christian Vestre,NA,NA,replikk,"Statsråd Jan Christian Vestre [13:41:06]: Jeg er enig i at det er en utfordrende situasjon, og jeg synes det er bra at forslaget adresserer dette også. Problemstillingen er godt kjent for oss, vi har jobbet med den over tid, og nå skal vi om kort tid legge fram skisse til helsepersonellplan 2040. Jeg er veldig glad for at alle de politiske partiene her i salen er opptatt av hvordan vi skal sikre nok helsepersonell. Her tror jeg ikke det er så mye politiske og ideologiske forskjeller. Jeg tror alle er opptatt av å finne gode, praktiske løsninger som er langsiktige, og som gir oss det helsepersonellet vi trenger. Jeg mener det er helt avgjørende at vi også adresserer dette i helsepersonellplanen, og at vi sammen har gode tiltak for hvordan vi skal øke antall praksisplasser. Det må vi ha både i sykehusene og i kommunehelsetjenesten. Så tror jeg, i likhet med Jordmorforbundet NSF, at det er stort potensial i bedre oppgavedeling og samarbeid på tvers mellom kommunale jordmødre og spesialisthelsetjenestejordmødre. Vi må adressere det i arbeidet med den pågående helsereformen."
2026-05-21,refs-202526-05-21,Møte torsdag den 21. mai 2026,Statsråd Jan Christian Vestre,NA,NA,replikk,"Statsråd Jan Christian Vestre [13:47:33]: Takk for spørsmålet. Det er et tema også regjeringen er veldig opptatt av. Det er noe vi har skrevet godt og vel om i oppdragsbrevene til sykehusene, og som vi følger opp. Jeg er glad for å se at det har vært en positiv utvikling – jeg vil si langt mer positiv utvikling og bedre tall i spesialisthelsetjenesten enn i kommunehelsetjenesten. Vi må ikke glemme at det er mange jordmødre som jobber i kommunale tjenester også, og de fortjener også heltidsstillinger. Jeg mener vi bør gjøre enda mer for å øke antall heltidsstillinger. Når vi legger fram Helsepersonellplan 2040 om kort tid, vil den inneholde oppdaterte anslag for hva vi vil trenge av personell framover. Det er opplagt at vi vil trenge mer personell framover. Planen vil også inneholde en lang rekke forslag til tiltak som langt på vei er effektberegnet. En av de tingene vi ser, er at det vil ha betydelig positiv effekt for hele helsetjenesten vår hvis vi klarer å få opp heltidsandelen. Vi snakker et betydelig antall årsverk, så det mener jeg vi bare må få til."
2026-05-21,refs-202526-05-21,Møte torsdag den 21. mai 2026,Julia Brännström Nordtug,FrP,Right,hovedinnlegg,"Julia Brännström Nordtug (FrP) [14:34:20]: Det har vært stor interesse rundt utdanningsløpet til jordmødre i forbindelse med denne saken. Jeg har møtt og snakket med mange jordmødre, og jeg må erkjenne at det har vært noe utfordrende å navigere, all den tid Jordmorforbundet og Den norske jordmorforening er uenige om framtidens utdanningsmodell for jordmødre. Dette er noe Fremskrittspartiet har brukt virkelig mye tid på, og vi har landet på at vi mener at dagens utdanning av jordmødre, som er en masterutdanning som bygger på bachelor i sykepleie, bør bevares. Det er det flere årsaker til: Det sikrer en fleksibilitet og kompetanse som vi vil ha sterkt behov for i framtidens helsetjenester. Jordmødre kan med dagens utdanningsmodell ivareta flere arbeidsoppgaver på mindre lokalsykehus som en egen jordmorutdanning potensielt ikke vil kvalifisere for. Generalister i helsevesenet er også viktig av beredskapshensyn. I krig og krise vil sykepleiere være en helt sentral del av beredskapen, og mange vil kunne trengs til andre oppgaver enn det de til vanlig utfører. Framover vil vi mangle helsepersonell, og i en slik tid vil det være økt behov for generalistkompetanse. Jordmødre meddeler også at det er flere komplekse fødsler enn tidligere. Flere har tilleggsdiagnoser, det er psykiatri, psykiske lidelser, diabetes, høyere alder, fedme osv. Det er flere hensyn å ta på dagens fødestuer. Dette taler også for den breddekompetansen dagens jordmødre har med dagens utdanningsmodell. Jeg deler syn med Jordmorforbundet i deres høringsuttalelse hvor de uttaler at det er bemanningssituasjonen som er dagens utfordring, ikke utdanningsmodellen. Det sies at jordmødre ikke er tilstrekkelig rustet for jordmoryrket når de er ferdig utdannet, og at det dermed blir krevende å stå i yrket over tid. Det må vi ta på alvor, men da mener vi at praksisåret kanskje spesielt – eller pliktåret, som det også kalles – bør ses nærmere på. Hva bør det inneholde, hvilken kompetanse bør sykepleiere ha før opptak til jordmorutdanning, og hvilke opptakskrav er det som kanskje bør stilles til jordmorutdanningen framover? En annen faktor er hvordan dette i praksis skal løses. Vi vet at mange i dag søker jordmorutdanning senere i livet, f.eks. når de har jobbet som sykepleier en stund, kanskje har vært innom en fødeavdeling og ønsker å spesialisere seg. Det ser man på flere av spesialiseringene for sykepleiere. Jeg tror en femårig utdanning etter at man allerede har tatt en bachelor i sykepleie, altså en åtteårig utdanning, ikke vil være aktuelt for veldig mange. Det vil heller ikke representere lønnsnivået som helsetjenestene vil ha mulighet til å tilby. Derfor er den samlede vurderingen fra Fremskrittspartiet at vi ikke ønsker å utrede en femårig utdanningsmodell."
2026-05-21,refs-202526-05-21,Møte torsdag den 21. mai 2026,Statsråd Jan Christian Vestre,NA,NA,hovedinnlegg,"Statsråd Jan Christian Vestre [14:44:03]: Jeg er helt enig i det siste representanten sa, at vi er avhengig av å rekruttere jordmødre for framtiden, ikke minst for å opprettholde og videreutvikle en god og sammenhengende svangerskaps-, føde- og barselomsorg. I mitt innlegg i stad understreket jeg at det er ulike syn på saken om utdanning, og jeg sa at Jordmorforbundet NSF og Jordmorforeningen har ulikt syn på dette. Jeg samarbeider godt med begge organisasjonene, jeg lytter til begge organisasjonene, og jeg vet at her er det faglig uenighet. Som jeg sa, det er sannsynligvis ikke et fasitsvar på dette spørsmålet. Det er argumenter for å beholde dagens utdanningsmodell, og så kan det være argumenter for å prøve andre utdanningsmodeller. Men så er spørsmålet: Hva skal vi prioritere først? Det er nå engang sånn at det er universitetene og høyskolene som har ansvaret for å utvikle utdanningstilbud, og for regjeringen sin del er det ikke nå aktuelt å bruke ressurser på å utrede et nytt utdanningstilbud. Da mener vi det er viktigere å sikre nok praksisplasser, for det er det mangel på, både i kommuner og sykehus. Vi mener det er viktig å komme videre med Min Jordmor og tilsvarende tiltak som både Jordmorforeningen og Jordmorforbundet NSF er veldig positive til. Vi mener det er viktig å komme videre med flere heltidsstillinger. Vi mener det er viktig å komme videre i arbeidet med bedre ansvars- og oppgavedeling, fordi mange jordmødre forteller at de ikke har tid nok til å bruke kompetansen sin som jordmor på jordmorfaget fordi de også må gjøre oppgaver som annet helsepersonell og andre personellgrupper med fordel kunne ha gjort. Vi mener altså at det er viktigst nå å sette inn disse tiltakene, og så skal ikke jeg avvise og si at det ikke er aktuelt i framtiden å diskutere også om utdanningene bør endres. Nå er det jo ikke lenge til Helsepersonellplan 2040 legges fram. Der vil det være oppdaterte anslag på personellbehov, det vil være en lang rekke tiltak for hvordan vi skal rekruttere og beholde helsepersonell i helsetjenesten vår, og i arbeidet med Helsepersonellplan 2040, som jeg håper at flest mulig politiske partier i denne sal vil være med på, er det også selvfølgelig rom for å diskutere hvordan utdanningene skal se ut framover."
2026-05-21,refs-202526-05-21,Møte torsdag den 21. mai 2026,Bent-Joacim Bentzen,Sp,Center,hovedinnlegg,"Bent-Joacim Bentzen (Sp) [19:34:31]: Senterpartiet mener at politiutdanningen i Alta, som er et ektefødt resultat av Senterpartiets arbeid i regjering, er et viktig og framtidsrettet tiltak for å styrke politiberedskapen i Nord-Norge. Vi står i en tid med økt sikkerhetspolitisk uro, og behovet for et sterkt og tilstedeværende politi i nord har aldri vært viktigere. Derfor var Senterpartiet noe overrasket over regjeringens signaler i vinter om at det ikke var tenkt å ta opp nye studenter kommende studieår. Etter reaksjoner på dette kom regjeringen imidlertid på bedre tanker, slik at det blir tatt inn et nytt kull studenter i august i år. Det er bra. Tilbakemeldingen fra politimesteren i Finnmark, de ansatte ved Politihøgskolen og ikke minst studentene tilsier at man har behov for dette tilbudet permanent. Senterpartiet er enig i dette og fremmer derfor forslag for å sikre forutsigbarhet, både for studenter, ansatte og politiets rekrutteringsbehov. I flere år har Finnmark politidistrikt hatt store utfordringer med å rekruttere og beholde ansatte. Dette gjelder særlig personell med lokal tilknytning og samisk språk- og kulturkompetanse. Nettopp derfor er den desentraliserte politiutdanningen i Alta så viktig. På samme måte som man etablerte lærerutdanning og sykepleierutdanning der man trengte flere lærere og sykepleiere, er det klokt å gjøre det i justissektoren. For Senterpartiets del er dette en tilnærming og et tilbud som bør utvides til også andre steder i landet. De foreløpige erfaringene med pilotprosjektet er svært gode. Søkertallene viser stor interesse, og ordningen bidrar til å utdanne politifolk som kjenner landsdelen, menneskene og de særlige utfordringene i nord. Senterpartiet mener derfor at vi ikke bør vente helt til 2028 før vi tar stilling til framtiden til utdanningen. Ansatte og studenter trenger forutsigbarhet. Derfor foreslår vi at politiutdanningen i Alta videreføres som et permanent utdanningstilbud etter pilotperioden, og at opptaket av nye studenter fortsetter uten opphold fram til dette er på plass. Vi mener som nevnt også at tilbudet i Alta bør videreutvikles. Det handler ikke bare om flere studieplasser på bachelorutdanningen, men også mye om nye nett- og samlingsbaserte tilbud for politiansatte, sivilt ansatte og andre som samarbeider med politiet i det kriminalitetsforebyggende arbeidet. Dette vil styrke fagmiljøet i Alta og bidra til å møte kompetansebehovet i hele Nord-Norge. Derfor ønsker Senterpartiet å gjøre politiutdanningen i Alta permanent og videreutvikle den for framtiden. Jeg tar med dette opp Senterpartiets forslag i saken og opplyser om at vi subsidiært vil stemme for forslag nr. 1 i saken."
2026-05-26,refs-202526-05-26,Møte tirsdag den 26. mai 2026,Margret Hagerup,H,Right,hovedinnlegg,"Margret Hagerup (H) [12:11:51]: Helseplattformen har hatt alvorlige utfordringer, noe både Riksrevisjonen og mange ansatte i helsetjenesten med rette har pekt på. Innføringen ble mer krevende enn forutsatt, og det har hatt konsekvenser for både arbeidsflyt, brukervennlighet og pasientsikkerhet. Dette må tas på alvor. Samtidig er Helseplattformen nå innført i hele regionen, og mange ansatte, tillitsvalgte, brukerorganisasjoner og kommuner har vært tydelige på at en forhastet avvikling vil innebære betydelig risiko, store kostnader og en ny belastning for både pasienter og ansatte. Også i høringen som var i komiteen, var det tydelig at det ikke er ønskelig med en avvikling nå. Det er også pekt på at systemet har gitt gevinster knyttet til samhandling mellom kommune- og spesialisthelsetjenesten, og det har gitt bedre tilgang til informasjon for pasienter og pårørende. Høyre mener derfor at det viktigste nå er å sikre videre forbedring og videreutvikling av systemet, samtidig som vi lærer av erfaringene fra innføringen. Vi mener det er rett å gjennomføre en uavhengig, begrenset analyse som bygger på eksisterende kunnskapsgrunnlag, og som kan bidra til bedre samhandling, kvalitet og effektivitet i tjenestene. En slik analyse må ta utgangspunkt i situasjonen slik den er i dag, og også ta høyde for de framtidige gevinstene som ligger i felles journal og bedre dataflyt. Det er viktig at dette arbeidet ikke forsinker det pågående forbedringsarbeidet, eller at det skaper ny usikkerhet i en allerede krevende arbeidshverdag for helsepersonell. Dette handler i praksis om å bruke erfaringene vi allerede har til å gjøre systemet bedre – ikke å stoppe opp eller starte på nytt, men å sikre en tryggere og mer effektiv helsetjeneste for både pasienter og ansatte. Vi støtter derfor ikke forslaget som er fremmet i dette representantforslaget."
2026-05-26,refs-202526-05-26,Møte tirsdag den 26. mai 2026,Kathy Lie,SV,Left,hovedinnlegg,"Kathy Lie (SV) [12:13:56]: Helt siden innføringen av Helseplattformen – eller faktisk kanskje før innføringen – har det vært mye diskusjon rundt den. Vi var opprinnelig skeptiske og mente at utrullingen av Helseplattformen burde stoppes den gangen, men tiden har jo gått, og noen feil og mangler er rettet, og det er prosesser i gang for fortsatt forbedring. Vi er også oppmerksomme på den sterke kritikken fra Riksrevisjonen, og det tar vi på største alvor. Det er viktig å sette alle kluter til for å gjøre systemet så godt som mulig. Som nevnt før hadde vi en muntlig høring, hvor alle fagforeningene, arbeidsgiversiden og brukerutvalgene var samstemt imot å avvikle Helseplattformen nå. Det er store kostnader ved å innføre et system, men det er også store kostnader ved opplæring og det å komme i gang ordentlig og bruke det, og det er veldig stor frustrasjon og store kostnader ved å plutselig nå kaste alt på båten og skulle finne et nytt system. Derfor støtter vi ikke at Helseplattformen skal avvikles. Vi mener at man må sørge for at det gjøres en analyse, og det er for å sørge for at man faktisk får optimalisert og gjort de forbedringene som trengs. Vi har valgt å støtte at man gjør denne begrensede analysen for å sikre det. Så har vi ikke støttet denne store, bredere samfunnsøkonomiske analysen, rett og slett fordi vi ser at det kan skape usikkerhet for de ansatte. Det er én ting vi er bekymret for i dette, og det er sikring av helsedataene våre når vi har å gjøre med et amerikansk selskap. Jeg håper at det kan være noe man ser på i dette. SV har også støttet at man skal sikre en utbedring av spesifikke utfordringer knyttet til resepter og legemiddelsamstemming i Helseplattformen, og også å tilrettelegge bedre for at fastlegene kan ta dette i bruk. Så står vi også inne i et flertallsvedtak hvor vi ber regjeringen sikre at kostnader til Helseplattformen ikke går ut over sykehusstruktur og viktig lokalsykehusfunksjoner i Helse Midt-Norge. For én ting er helt klart, og det er at innføringen av Helseplattformen har påført Helse Midt-Norge en stor ekstrakostnad som andre helseforetak ikke har fått, og det plages de av, og det kan føre til kutt i tilbud. Så det er viktig å sikre. Jeg tar opp SVs forslag."
2026-05-26,refs-202526-05-26,Møte tirsdag den 26. mai 2026,Kjersti Toppe,Sp,Center,hovedinnlegg,"Kjersti Toppe (Sp) [12:17:17] (leiar for komiteen): Helseplattforma skulle bidra til auka kvalitet i pasientbehandling, betre pasientsikkerheit og meir brukarvenlege system, og setja helsepersonellet i stand til å utføra sine oppgåver på ein betre og meir effektiv måte. Innføringa fekk det mest alvorlege nivået av kritikk frå Riksrevisjonen. Innføringa har truga pasientsikkerheita og redusert effektiviteten i pasientbehandlinga. Innføringa er òg blitt dyrare enn føresett, og framtidige kostnader er usikre. Grunnlaget for val av konsept er kritisert for å vera mangelfullt, og det inneber svært høg risiko for svak styring og oppfølging. Datatilsynet har konkludert med brot på fleire av personvernreglane. Problema synest å vera vedvarande. Det er framleis store utfordringar knytte til brukarvenlegheit, effektivitet og belastning for legar og anna helsepersonell, og det er usikkert kva det vil kosta å gjera Helseplattforma meir brukarvenleg, og kva forbetringspotensial ein faktisk har. Det er heller ikkje utført ein samfunnsmessig analyse av Helseplattforma. Senterpartiet kjem i dag ikkje til å støtta eit forslag om avvikling, men vi støttar forslaget om å gjennomføra ei brei, uavhengig samfunnsmessig utgreiing av kostnader, risiko og pasienttryggleik i Helseplattforma. Målet skal vera å sikra helsetenesta eit journalsystem som sørgjer for samhandling, kvalitet og effektivitet i tenestene på alle nivå. Eit sånt journalsystem må sjølvsagt òg sikra brukarvenlegheit og effektivitet for legar som arbeider med pasientane på sjukehusa. Dessutan må ein kunna forventa at eit felles journalsystem for kommunehelsetenester og spesialisthelsetenester må vera så bra at fastlegar òg vel å bruka det. Sjølv om kommunar, pasientorganisasjonar og helseføretak no slår ring om Helseplattforma, har vi eit overordna politisk ansvar i denne saka. Det er framleis store utfordringar – det viser helsepersonellundersøkinga frå 2025 frå Helsedirektoratet. Senterpartiet erkjenner at innføringa av Helseplattforma er eit resultat av helseføretaksmodellen. Ei slik innføring hadde ikkje vore mogleg dersom sjukehusa var styrte i ein forvaltningsmodell med demokratisk kontroll. Helseplattforma har ført Helse Midt-Noreg ut i ein krevjande økonomisk situasjon. Vi kan ikkje tillata at finansiering av dette journalsystemet er med og bidreg til å svekkja pasienttilbodet og sjukehustilbodet i Helse Midt-Noreg. Spesielt er vi opptatt av at det ikkje må gå ut over sjukehusstruktur og viktige lokalsjukehusfunksjonar. Vi er glade for fleirtalet om at regjeringa må sikra at finansiering av Helseplattforma ikkje skal kunna få slike konsekvensar, og vi føreset at regjeringa lojalt følgjer opp dette."
2026-05-26,refs-202526-05-26,Møte tirsdag den 26. mai 2026,Seher Aydar,R,Left,hovedinnlegg,"Seher Aydar (R) [12:20:36]: Digitalisering skal egentlig løse utfordringer og avlaste de ansatte. Helseplattformen har gjort det motsatte for lenge. Systemet har vært en tidstyv for den knappeste ressursen vi har, nemlig helsepersonell. Likevel valgte Helse Midt-Norge å presse gjennom utrullingen. Riksrevisjonen konkluderte med at planlegging, organisering og innføring var sterkt kritikkverdig. Systemer lagd for et kommersielt amerikansk helsevesen er ikke godt egnet til helsevesenet her i Norge. Rødt har stemt for alle forslag som har vært kritiske til ordningen, ønsket å stanse utrullingen eller avvikle systemet, men det har ikke vært flertall for dette. Nå har dette kommet et sted der de ansatte sier at de er bekymret for at en ny prosess skal skape ytterligere usikkerhet uten klare svar. Det er fortsatt store utfordringer med Helseplattformen. Til tross for at det har vært enkelte forbedringer, meldes det fortsatt om tidstap og frustrasjon. Det gjelder spesielt behovet for utbedring av utfordringer knyttet til resepter og legemiddelmoduler. Hittil har også investeringene i Helseplattformen kostet mye, og det har gått ut over økonomien for sykehusene i regionen. Det er derfor bra at det nå er flertall for at kostnader til Helseplattformen ikke skal gå ut over sykehusstruktur og viktige lokalsykehusfunksjoner i Helse Midt-Norge, for de er i en krevende situasjon nå. Hele sakskomplekset viser også behovet for tydeligere ansvar. Alvorlige feil får skje uten at noen holdes ansvarlig. Dette henger sammen med svakhetene i foretaksmodellen. Modellen skulle egentlig gi mindre byråkrati og tydeligere ansvar, men utviklingen viser det motsatte. Denne saken bør være en viktig lærdom. Det trengs en uavhengig, samfunnsøkonomisk utredning av kostnader, risiko og pasienttrygghet i Helseplattformen – det er det forslaget Rødt stemmer for i dag. Helsetjenestene trenger et journalsystem som sørger for samhandling, kvalitet og effektivitet i tjenestene på alle nivåer. Vi mener også at det er på sin plass å vurdere langsiktig digital suverenitet og nasjonal kontroll over helsedata. Avslutningsvis vil jeg si at vi trenger å ta lærdom av de feilene som gjøres, slik at de ikke gjentar seg. Det er derfor vi primært støtter en samfunnsøkonomisk analyse. Det er ingen tvil om at dette ikke har vært en liten feil med litt problemer ned innføringen, det har vært langsiktige utfordringer med hele systemet. Dette må vi lære av for framtiden. Vi må ha bedre kontroll og innføre systemer som faktisk avlaster de ansatte, som faktisk gir sikkerhet til de ansatte, og som ikke skaper den typen usikkerhet som Helseplattformen har bidratt til."
2026-05-26,refs-202526-05-26,Møte tirsdag den 26. mai 2026,Ida Lindtveit Røse,KrF,Center,hovedinnlegg,"Ida Lindtveit Røse (KrF) [12:27:06]: Helseplattformen har fått mye kritikk – og det har vært betimelig. KrF har vært kritisk til både Helseplattformen som arbeidsverktøy og prosessen rundt hele innføringen. Når et prosjekt virker for godt til å være sant, er det som regel det. Her er det et luftslott som virkelig har slått sprekker. Midt oppi det hele har også Helse Møre og Romsdal og Helse Midt-Norge blitt påført veldig store utgifter, nettopp for å være forsøkskanin, og de bærer nå konsekvensene, med både et krevende system og de økonomiske belastningene. Vi har et system hvor det tar vanvittig lang tid både å orientere seg igjennom det som står på skjermen, og å sikre helt grunnleggende pasientbehandling, som legemiddelsamstemming og at det tar lang tid å lære seg systemet. I tillegg er det fastleger som ikke tar det i bruk. Vi har gjennomført høring i denne saken, og jeg har også vært både i Møre og Romsdal og på St. Olavs hospital og snakket med brukere av systemet. Det framstår tungvint, men det har blitt bedre. Og tro det eller ei: Helseplattformen har gitt noen gode fordeler også. Spesielt vil jeg framheve brukerrådets perspektiv, som de kom med, om hvordan det ser ut fra det perspektivet. Det er også en del av kommunene som har veldig god erfaring med dette. Vi har også fått veldig tydelige tilbakemeldinger om at omstillingsevnen er på et bunnpunkt etter å ha stått i jevnlig omstilling over lang tid i forbindelse med Helseplattformen, og det å skulle snu nå og kjøre en lang ny prosess vil være svært krevende for alle. Vi må rette fokuset framover, ikke bakover. Hvis dette systemet skulle blitt erstattet, ville det ikke bare blitt erstattet med ett system; det har erstattet mange ulike systemer, som man måtte anskaffet igjen. Vårt perspektiv nå er at vi må både sikre bedre brukervennlighet, sikre pasientsikkerheten og sikre effektivitet. Økonomisk må ikke det å påta seg et pilotprosjekt få de store konsekvensene som dette har hatt, konsekvenser som til syvende og sist går utover pasientene. Derfor stiller KrF seg også bak forslaget om å sikre et bedre kunnskapsgrunnlag og sikre prosesser som fungerer bedre framover. En skrinlegging av Helseplattformen nå ville vært uansvarlig."
2026-05-26,refs-202526-05-26,Møte tirsdag den 26. mai 2026,Statsråd Jan Christian Vestre,NA,NA,hovedinnlegg,"Statsråd Jan Christian Vestre [12:30:16]: La meg først si at det er ingen tvil om at Helseplattformen har vært, og fortsatt er, krevende. Først i 2025, tre år etter at innføringen startet, viser regionen at aktiviteten på sykehusene går riktig vei. Når det gjelder St. Olavs hospital, er det flere konsultasjoner og høyere aktivitet enn før innføringen. Når det gjelder ventetider, har St. Olavs hospital i Trondheim blant de laveste i landet. Kommunene som bruker Helseplattformen, formidler at samhandlingen med sykehusene har blitt bedre. Jeg har møtt helsepersonell og pasienter i Midt-Norge som har vist meg både fordeler og ulemper ved løsningen. La meg understreke at det fortsatt er behov for å forbedre spesielt brukervennligheten og effektiviteten for helsepersonellet, og det gjelder kanskje særlig for leger på sykehus. Derfor har Stortinget bevilget 200 mill. kr og til forbedring av brukervennlighet og effektivitet i Helseplattformen. Den første evalueringen viser at Helse Midt-Norge arbeider på riktig måte med disse forbedringene. Forslagsstillerne ønsker at Stortinget skal ta stilling til hvilke IT-løsninger som skal og ikke skal brukes på sykehus og i kommuner i Norge. Det mener jeg at ikke er en spesielt god idé. Jeg mener at valg av pasientjournalløsninger er en viktig del av det lokale og regionale ansvaret som kommuner og sykehus har for å yte gode offentlige helse- og omsorgstjenester. Jeg er enig med talerne før meg som har sagt at nå må vi se framover, og ikke gjenta gamle feil. Helseplattformen gir mulighet for samhandling som ikke finnes i de andre regionene i dag, og disse erfaringene mener jeg at vi nå må bruke for å utvikle samhandlingen. Vårt mål er at ingen digitaliseringsprosjekter innen helse skal ende opp med samme problemer som vi har sett i Helseplattformen. Vi vet at det er store omstillingsbehov i spesialisthelsetjenesten i Helse Midt-Norge. Det skyldes bl.a. for høye driftskostnader og særlig for høye bemanningskostnader etter pandemien. Tjenestene må derfor utvikles og organiseres slik at befolkningen også framover får gode og forsvarlige tilbud. Helse Midt-Norge må, som de øvrige regionale helseforetakene, forholde seg til de økonomiske rammene som fastsettes av Stortinget. Det innebærer at helseregionen må gjennomføre nødvendige prioriteringer innenfor disse rammene. Jeg vil gjerne legge til at det er viktig at eventuelle vedtak i salen nå ikke blir til hinder for nødvendige og riktige omstillinger. Helseforetakene må ha handlingsrom til å tilpasse drift, bemanning og organisering for framtidig behov. Det er de som har sørge-for-ansvaret i helsetjenesten vår, og det er en forutsetning for å kunne opprettholde gode tjenester med høy kvalitet også over tid."
2026-05-26,refs-202526-05-26,Møte tirsdag den 26. mai 2026,Statsråd Jan Christian Vestre,NA,NA,replikk,"Statsråd Jan Christian Vestre [12:33:36]: Jeg mener vi skal lytte til alle stemmer i helsetjenesten. Jeg har sittet med klinikere som er fornøyd med systemet, og klinikere som ikke er fornøyd med systemet. Jeg har sittet med overleger som har vist meg brukergrensesnittet og hvordan systemet fungerer. Jeg er helt enig i at det åpenbart er forbedringspotensial her, ikke minst innen effektivisering, og at systemet skal være intuitivt, lett å forstå og lett å bruke. Vi må jo også se på hvordan det går med sykehusdriften. Aktiviteten øker, IT-kostnadene går ned og nærmer seg nå nivået til de øvrige helseregionene, ventetidene er blant de laveste i landet, og St. Olavs hospital har klatret mange hakk på internasjonale sammenligninger over gode sykehus. Da må vi også lytte til det. Hvis det var slik at det var samstemt tilbakemelding fra fagforeningene, brukerne, lederne og kommunene om at vi skulle gjøre noe annet, hadde det vært så sin sak, men denne høringen som komiteen avholdt, viser jo egentlig at det er samstemt tilbakemelding om at en nå ikke bør skrote dette systemet, men søke å forbedre det. Det er det oppdraget vi har gitt."
2026-05-26,refs-202526-05-26,Møte tirsdag den 26. mai 2026,Kristian August Eilertsen,FrP,Right,replikk,"Kristian August Eilertsen (FrP) [12:34:40]: Jeg takker for svaret. De resultatene som man nå får, bl.a. ved St. Olavs hospital, er jo ikke på grunn av Helseplattformen, de er til tross for Helseplattformen. Det er iallfall den entydige tilbakemeldingen som Fremskrittspartiet får. Når vi er inne på hva brukerne er opptatt av: Vi vet at det er nesten ingen på legekontorene som bruker Helseplattformen. I en spørreundersøkelse gjennomført av Allmennlegeforeningen kom det fram at 88 pst. av fastlegene mener at det er mer arbeid etter at man innførte Helseplattformen. 87 pst. vurderer at epikrisekvaliteten er dårligere enn før, og 69 pst. opplever feil i den digitale kommunikasjonen med sykehuset. Hva tenker statsråden om sånne nedslående tall fra fastlegene i Helse Midt-Norge?"
2026-05-26,refs-202526-05-26,Møte tirsdag den 26. mai 2026,Kristian August Eilertsen,FrP,Right,replikk,"Kristian August Eilertsen (FrP) [12:38:20]: Ja, vi registrerte i høringen at man hadde mobilisert alle som kunne fremsnakke Helseplattformen, men alle de som ikke fikk muligheten til å delta i høringen, nemlig pasientene, mange av dem som bruker dette lokalt, ikke minst de legene som jobber tettest på dette, de hadde ikke muligheten til å komme og si sitt syn. Så det at de fremste bestevennene til Helseplattformen kom og fremsnakket den, er ingen overraskelse. Men siden statsråden var inne på dette med flertall i Stortinget: Vi registrerer jo også at det er et flertall i Stortinget for at regjeringen pålegges å sikre at kostnadene til Helseplattformen ikke går ut over både sykehusstruktur og viktige lokalsykehusfunksjoner. Hvordan vil statsråden følge opp dette vedtaket og sikre at ingen av disse økonomiske konsekvensene rammer pasientbehandlingstilbudet, og da med tanke på sykehusstrukturen og viktige lokalsykehusfunksjoner?"
2026-05-26,refs-202526-05-26,Møte tirsdag den 26. mai 2026,Kjersti Toppe,Sp,Center,replikk,"Kjersti Toppe (Sp) [12:40:30]: Det er kanskje noko ueinigheit om framtida til Helseplattforma, men det som Stortinget og eit fleirtal er einige om, er at det er uakseptabelt om dette journalsystemet og kostnadene dette inneber, skal føra til at det vert kutta i pasienttilbod i Helse Midt-Noreg, at sjukehusstrukturen kan verta truga, og at viktige lokalsjukehusfunksjonar kan oppleva å verta avvikla eller reduserte. No svarte statsråden til den førre replikanten at han skulle følgja opp Stortingets vedtak, men eg vil be statsråden om å utdjupa det, for no står jo Helse Midt-Noreg i ein svært krevjande økonomisk situasjon. Det er allereie kome forslag på bordet som inneber kutt i desentraliserte tenester. Vil statsråden sørgja for at det ikkje vert meir kutt på grunn av Helseplattforma?"
2026-05-26,refs-202526-05-26,Møte tirsdag den 26. mai 2026,Anne Grethe Hauan,FrP,Right,hovedinnlegg,"Anne Grethe Hauan (FrP) [12:49:42]: Helseplattforma skulle bli framtida for norsk helseteneste. Éin journal, betre samhandling, meir tid til pasientane. I staden har dette utvikla seg til å bli eit av dei største IT-problema me har sett i norsk helsevesen. Dette er ikkje noko Framstegspartiet har funne på for å laga politisk bråk. Problema blei så alvorlege etter innføringa ved St. Olavs hospital i Trondheim kommune at Riksrevisjonen gjekk inn og granska heile prosjektet. Bakgrunnen var varsel frå helsepersonell, meldingar om svekt pasienttryggleik, tekniske problem og ein arbeidskvardag som mange opplevde som langt meir krevjande enn før. Mange har beskrive timar framfor skjermen i staden for tid med pasientane. Riksrevisjonen var knalltydeleg. Dei gav den hardaste kritikken dei har: sterkt kritikkverdig. Det er ikkje kvardagskost. Dei peika på svak styring, mangelfull kontroll, og at ein gjekk vidare sjølv om risikoen var kjent. Samtidig har helsepersonell fortalt om meirarbeid, dårlegare arbeidsflyt og mindre tid til pasientane. Ingen påstår at absolutt alt er feil, men når pasienttryggleiken blir utfordra, og tilliten ute i tenestene sviktar, held det ikkje å visa til fine ambisjonar og glansbilete frå då prosjektet blei lansert. Rekninga berre veks, milliard på milliard. Det er pengar for folk flest, pengar som skulle gått til fleire helsearbeidarar, betre kapasitet og raskare behandling. I staden har me fått eit prosjekt som stadig fleire opplever som eit tungt og kostbart feilspor. Framstegspartiet meiner me no må tora å stilla dei spørsmåla regjeringa verkar uvillig til å stilla. Kor lenge skal dette halda fram, kor mykje meir skal brukast, og kvar går grensa før nokon faktisk seier stopp? Det kan ikkje vera sånn at prestisje blir viktigare enn praksis. Når dei som står nærmast pasientane, seier frå om alvorlege problem, må politikarane lytta. Dette handlar ikkje om å vera mot digitalisering, det handlar om å vera for løysingar som fungerer i praksis – system som hjelper helsepersonell i staden for å gjera arbeidskvardagen meir tungvinn. Til slutt handlar dette om tillit, tillit til systema, tillit til leiinga og tillit til at politikarar faktisk grip inn når noko openbert ikkje fungerer som det blei lova. Nokre gonger er det mest ansvarlege faktisk å stoppa før det blir endå dyrare, endå større og endå vanskelegare å rydda opp i."
2026-05-26,refs-202526-05-26,Møte tirsdag den 26. mai 2026,Bård Hoksrud,FrP,Right,hovedinnlegg,"Bård Hoksrud (FrP) [13:05:49]: Når Frank Sve har manus, da bør kanskje helseministeren lytte godt. Det er ikke ofte. Helseplattformen skulle være den store, gode løsningen. Den skulle gi en innbygger én journal, den skulle gi bedre samhandling, mer brukervennlige systemer og bedre pasientsikkerhet, og den skulle gjøre hverdagen enklere for helsepersonell. Det var de store, flotte ordene da man innførte Helseplattformen. Realiteten og faktum er jo at det er blitt en katastrofe for veldig mange, og det har faktisk også kostet liv at vi har en Helseplattform som ikke har gjort det den skulle gjøre. Det er virkeligheten der ute for mange leger, sykepleiere og ansatte som altså opplever noe helt annet enn den historiefortellingen som statsråden gir i denne sal, og som han prøver å fortelle ute. Dette handler ikke først og fremst om teknologi, det handler faktisk om pasienter. Det handler om helsepersonell som skal bruke tiden sin på folk, ikke på å slåss med datasystemer. Når legene opplever at viktig informasjon kan forsvinne, når fastleger melder om merarbeid, dårlige epikriser og feil i digital kommunikasjon, og når helsepersonell må bruke tid og krefter på systemet i stedet for på pasientene, da er det ikke bare et IT-problem, da er det et pasientsikkerhetsproblem. Det er nettopp derfor Riksrevisjonens rapport er så utrolig alvorlig. Riksrevisjonen ga Helseplattformen den sterkeste kritikken de kan gi da de overleverte rapporten til Stortinget – sterkt kritikkverdig. Det er ikke en liten merknad i margen, det er ikke en gul lapp på en kontorpult, det er faktisk full alarm. Riksrevisjonen har også sagt at innføringen har truet pasientsikkerheten. De har pekt på svak styring, mangelfullt beslutningsgrunnlag og alvorlige feil som ikke ble løftet i styringslinjene før St. Olavs tok systemet i bruk. Det burde ha fått varsellampene til å blinke også hos regjeringen og statsråden. Jeg registrerer at statsråden sier at alle organisasjonene som var på høringen, var veldig positive til at Helseplattformen fungerer som den skal. Jeg opplever ikke at det er det som realiteten, at organisasjonene var enig i at man nå ikke skulle gå videre med kutt. Jeg ser statsråden rister på hodet, men jeg hørte hva han sa i stad – han sa det i replikkordvekslingen med representanten Eilertsen. At det fungerer godt og veldig bra nå, er ikke en del av de tilbakemeldingene jeg og mange av mine kollegaer får når vi reiser rundt og prater med helsepersonell som lever med dette. Statsråden sier også at vi ikke kan forskjellsbehandle fylker og sykehusregioner. Det er jeg enig i, og kanskje spesielt når man kommer fra en av de andre helseregionene. Samtidig, for pasienter i Møre og Romsdal og Midt-Norge, er det ikke tvil om at det at kostnadene ved Helseplattformen har vært så store, har gått ut over det pasienttilbudet de får. Det er store, store kutt i enkelte av fylkene. Det er alvorlig."
2026-05-26,refs-202526-05-26,Møte tirsdag den 26. mai 2026,Kristian August Eilertsen,FrP,Right,hovedinnlegg,"Kristian August Eilertsen (FrP) [13:12:13]: Jeg vil bare innledningsvis bemerke at representanten Dalin fra MDG nettopp holdt et glimrende innlegg, som Fremskrittspartiet er enig med ham i. Grunnen til at jeg tegnet meg, er den replikkvekslingen jeg hadde med statsråden i stad, og nærmere bestemt spørsmålet om hvordan han vil forholde seg til å følge opp det vedtaket som nå ligger an til å få flertall, romertallsvedtak I, som får flertall i Stortinget. Vedtaket sier noe om at kostnadene til Helseplattformen ikke skal gå ut over sykehusstrukturen og ikke minst viktige lokalsykehusfunksjoner. Vi har jo registrert at statsråden har et litt omtrentlig forhold til stortingsvedtak, noe som vil bli fulgt opp i et annet forum på et senere tidspunkt, men med den historikken friskt i minne er det påkrevd å spørre på nytt: Hvordan vil statsråden konkret forholde seg til dette vedtaket? Fra Fremskrittspartiets side oppfatter vi dette som en føring som legges for statsbudsjettet for neste år, at dette vedtaket innebærer at man må legge til grunn at man må ha gode nok økonomiske rammer i sykehusene, og at man ikke må gjøre nedtrekk og kutt og nedleggelser, verken på struktur eller på viktige lokalsykehusfunksjoner. Dette er altså en føring fra flertallet i Stortinget for budsjettet for neste år, som statsråden må følge opp og etterleve i det forslaget som regjeringen skal legge fram til høsten. Hvis ikke har man jo ikke forholdt seg til dette vedtaket fra Stortingets side. Derfor vil jeg på nytt utfordre statsråden til å avklare og redegjøre for hvordan han vil forholde seg til og følge opp dette konkrete vedtaket, som det er et bredt tverrpolitisk flertall for i Stortinget, med tanke på måten han har fulgt opp andre vedtak i nyere tid."
2026-05-26,refs-202526-05-26,Møte tirsdag den 26. mai 2026,Joakim Myklebost Tangen,FrP,Right,hovedinnlegg,"Joakim Myklebost Tangen (FrP) [13:17:30]: I dag har Stortinget moglegheita til å rette opp ein av dei aller største feilinvesteringane i norsk helsevesen på mange, mange år, og det sjølvsagt Helseplattformen vi diskuterer her. Då systemet blei lansert, var lovorda store, og vi fekk presentert ein visjon om éin innbyggjar, éin journal, betre samhandling og endå meir tid til pasientane. Eg tviler ikkje på at intensjonane sjølvsagt var gode, men problemet er berre at verkelegheita blei ei heilt anna. For helsepersonell, for pasientar og for pårørande har Helseplattformen i altfor stor grad blitt eit symbol på frustrasjon, utryggleik og sviktande tillit. Legeforeningen, Sykepleierforbundet, brukarorganisasjonar og pårørande har varsla om alvorlege problem heilt sidan innføringa starta, og varsellampene har blinka lenge. Riksrevisjonen har, som fleire andre her har nemnt, retta sterk kritikk mot systemet og peika på at det går ut over pasientsikkerheita. Tilsette opplever systemet som komplisert og tidkrevjande, og dei brukar verdifull tid på å leite etter informasjon i staden for å bruke tid på pasientane. Når helsepersonell seier at systemet gjer kvardagen deira vanskelegare, meiner eg sjølvsagt at vi må gjere noko. Når pasientane opplever svikt og utryggleik, må vi òg gjere noko, og når milliardane renn ut utan at resultata står i stil med kostnadene, må Stortinget tore å innrømme at dette ikkje fungerer, og setje eit endeleg punktum. I Helse Møre og Romsdal skal det no sparast opp mot 1 mrd. kr dei neste åra. Konsekvensane ser vi allereie: stengte avdelingar, redusert bemanning, lengre ventelister og kutt i rehabilitering og førebyggjande tilbod. No blir det òg varsla kutt i prehospitale tenester, slik som ambulanse og ambulansebåt. For folk som bur langs kysten og i distrikta, handlar dette om tryggleik når det er snakk om minutt, og dette kjem i tillegg til ytterlegare varsla kutt i behandlingstilbodet. Altså: Vi aksepterer ikkje at helsetenestene i Møre og Romsdal byggjast ned samtidig som milliardprosjekt som ikkje fungerer etter intensjonen, får fortsetje – på kostnad av innbyggjarane i Møre og Romsdal. Noreg skal vere eit land der folk kan stole på helsetenestene sine, uansett kvar dei bur, og då må vi tore å stoppe når eit prosjekt ikkje leverer på det som blei lova."
2026-05-26,refs-202526-05-26,Møte tirsdag den 26. mai 2026,Lill Harriet Sandaune,FrP,Right,hovedinnlegg,"Lill Harriet Sandaune (FrP) [13:20:09]: Det har nå gått mange år siden jeg som lokalpolitiker for første gang fikk høre om Helseplattformen. Én pasient, én journal – det skulle bli framtidens løsning for helsevesenet. Det skulle bli bedre pasientsikkerhet, bedre samhandling og mer effektiv behandling. I stedet har vi fått et system som helsepersonell flykter fra. 93 pst. av fastlegene vil ikke bruke systemet. Fastlegene nekter å knytte seg til Helseplattformen, og flere velger heller å slutte. Hvor mange har gått av med tidlig pensjon? Hvor mye kompetanse har vi mistet fordi folk ikke orker mer? Hvor mange ekstravakter, hvor mye sykefravær og hvor stor belastning har ansatte stått i siden dette systemet ble innført? Verst av alt: Det går ut over pasientene. En kreftlege kunne fortelle at vedkommende tidligere kunne behandle 15 pasienter på den tiden hvor det nå bare er kapasitet til åtte eller ni. Det er nesten en halvering av effektiviteten. Det betyr lengre ventetid, mindre tid til pasientene og et helsevesen som fungerer dårligere enn før. Dette er ikke bare frustrasjon og enkelthistorier. Statsforvalteren, Helsetilsynet og Riksrevisjonen har gransket Helseplattformen for alvorlige brudd på pasientsikkerheten. Riksrevisjonen har gitt den sterkeste kritikken de kan gi. Hvor mye skal egentlig til før man innser alvoret? Bare 34 av 65 kommuner i Midt-Norge bruker Helseplattformen. Flere kommuner har valgt andre løsninger fordi kostnaden og risikoen har blitt for stor. Målsettingen var å bidra til bedre pasientsikkerhet, bedre kvalitet og mer effektive arbeidsprosesser, men helsepersonellet sier det motsatte. En lege uttalte nettopp at pasientsikkerheten ivaretas på tross av systemet, ikke på grunn av det. En sykepleier fra Levanger beskriver det sånn: Hun var vant til å bruke vaskemaskin, men nå føler hun at hun går til jobben med vaskebrett. Det sier egentlig alt. Samtidig later mange politikere og byråkrater som om det ikke finnes alternativer, men det gjør det. De tre andre helseregionene i Norge bruker andre systemer som fungerer langt bedre. Vi må slutte å late som dette er den eneste mulige løsningen. Det bekymrer meg at systemet skal forsvares for enhver pris, selv når helsepersonell varsler, selv når pasientsikkerheten trues, og selv når effektiviteten kollapser. Hva er egentlig viktigst – å forsvare prestisjeprosjekter, byråkrati og konsulenter, eller å sikre god helsehjelp og redde liv? Dersom vi hadde hatt et IT-system i luftfarten som fungerte så dårlig som dette, hadde ingen akseptert at flyene fortsatte å lette som normalt. Det burde vi heller ikke gjøre i helsevesenet."
2026-05-26,refs-202526-05-26,Møte tirsdag den 26. mai 2026,Statsråd Jan Christian Vestre,NA,NA,hovedinnlegg,"Statsråd Jan Christian Vestre [13:29:23]: Jeg tror alle i denne salen er enige om at Helseplattformen har utfordringer, og alle vi som jobber mye med disse spørsmålene, har vært rundt og snakket med helsepersonell i sykehus og kommuner og andre steder som har ulike erfaringer med Helseplattformen. Jeg mener det må være stor takhøyde også for å vektlegge ulike hensyn og ulike argumenter. Det at noen mener noe veldig sterkt i én retning, betyr ikke at de som mener noe sterkt i en annen retning, tar feil. Dette er ikke svart-hvitt, det er et nyansert bilde. Det saken til syvende og sist handler om, er om vi skal starte arbeidet med å avvikle Helseplattformen eller ikke, og det er også et legitimt standpunkt å mene det. Men da må vi også diskutere hva som er konsekvensene av et slikt eventuelt vedtak, og vi bør basere det på at det har vært en utvikling i Helseplattformen over tid. Derfor mener jeg at vi bør legge litt vekt på følgende: Ja, det har vært en markant vekst i IT-kostnadene knyttet til Helseplattformen. Det er riktig, det som blir sagt. Men det er også helt riktig at IT-kostnadene i Helse Midt-Norge nå går markant ned, og de nærmer seg nå de andre helseregionene. Det må vi jo nesten legge til grunn når vi skal diskutere om dette er et dyrere eller billigere system enn de andre. Det er helt riktig når kritikerne av Helseplattformen sier at aktiviteten falt og ventetidene steg. Det er helt korrekt. Men det er også et faktum at aktiviteten nå er tilbake igjen på et bedre nivå enn før Helseplattformen ble innført, og ventetidene ved St. Olavs hospital er mye kortere nå enn da Helseplattformen ble innført. Det er også fakta vi må ta med oss videre. Det høres ut som at det er et alternativ klart, og at vi nærmest etter en overgangsperiode kan innføre et helt annet system. Selvfølgelig er det teknisk mulig å avskaffe et system og innføre et nytt. Men Helse Midt-Norge anslår altså kostnader for det i størrelsesordenen 10–15 mrd. kr, og her hører jeg også at flere representanter er opptatt av at vi skal bevilge mer penger til pasientkontakt i Helse Midt-Norge. Da må jeg nesten spørre: De 10–15 mrd. kr ekstra som skal brukes på nytt journalsystem, hvor kommer de pengene fra? Hvor er det de skal tas fra, hva er det da vi skal gjøre mindre av i sykehusene hvis det regnskapet skal gå opp? Det blir vist til Riksrevisjonen. Det er helt riktig at Riksrevisjonen var kritisk, men det var til innføringen ved St. Olavs hospital og i Trondheim. Det har jo helseregionen lært av. Riksrevisjonen har ikke felt noen dom over Helseplattformen som sådan. I den grad Riksrevisjonen har gjort det, er det vel snarere sånn at Riksrevisjonen mer enn antyder at dette systemet bør rulles ut videre for at det skal fungere."
2026-05-26,refs-202526-05-26,Møte tirsdag den 26. mai 2026,Kristian August Eilertsen,FrP,Right,hovedinnlegg,"Kristian August Eilertsen (FrP) [13:40:14]: I innlegget til statsråden i stad hørte vi at han ga det en prislapp på mellom 10 mrd. kr og 15 mrd. kr dersom man skulle skrote Helseplattformen. Da må statsråden åpenbart regne med forpliktelser som man allerede har i dag, og som uansett vil måtte bli betjent og man må forholde seg til framover. Dette var et moment i den mye omtalte høringen som komiteen avholdt. I høringen framkom det fra førsteamanuensis Roy-Ivar Andreassen på BI at man ville fått strykkarakter av ham med en slik utregning som statsråden her viser til. Så jeg vil igjen utfordre statsråden på hvordan han kom fram til dette tallet, og om den utregningen ville fått bestått hos de ulike utdanningsinstitusjonene i Norge. Jeg stilte også et spørsmål i stad som statsråden ikke viet ett ord i innlegget sitt, om hvordan han ville forholde seg til å følge opp det vedtaket som Stortinget nå ligger an til å fatte, nemlig at kostnadene til Helseplattformen ikke skal gå ut over sykehusstrukturen i Helse Midt-Norge og ikke minst ikke gå ut over de viktige lokalsykehusfunksjonene. Så var jeg også tydelig på at det som er Fremskrittspartiets oppfatning av dette vedtaket, er at det er en føring for neste års statsbudsjett. Det regner jeg med at alle de øvrige partiene som stemmer for dette vedtaket, også står inne for – at dette er en føring for kommende statsbudsjett, slik at man med nok økonomiske rammer kan sikre at man ikke vil måtte kutte i disse viktige tilbudene til innbyggerne i Møre og Romsdal og i Trøndelag. På nytt vil jeg be statsråden komme opp og svare for Stortinget om hvordan han vil forholde seg til dette vedtaket, og også hvordan han kom fram til dette regnestykket. Så regner jeg sterkt med at dersom den tolkningen som Fremskrittspartiet legger til grunn for dette vedtaket, er helt feil, vil de øvrige partiene sikkert komme opp og korrigere det og si at dette ikke er en føring, dette er bare et løst forslag som ikke har noen praktisk konsekvens."
2026-05-26,refs-202526-05-26,Møte tirsdag den 26. mai 2026,Kristian August Eilertsen,FrP,Right,hovedinnlegg,"Kristian August Eilertsen (FrP) [13:46:45]: Representanten Vasvik fra Arbeiderpartiet gjorde et stort nummer ut av hva brukerutvalgene har kommet med av høringsinnspill, og hvordan Fremskrittspartiet har forholdt seg til de innspillene. Ja, vi har registrert de høringsinnspillene fra brukerutvalgene, men spørsmålet man kan stille seg, er: Har brukerutvalgene snakket med alle innbyggerne i Helse Midt-Norge? Har de gjennomført en meningsmåling eller en innbyggerundersøkelse som gjør at det de kommer med av innspill, er det som alle innbyggerne i Helse Midt-Norge mener? Jeg tror nemlig ikke at man har gjort det. Vi respekterer at det brukerutvalget som ble satt ned av dem som det ble satt ned av, har kommet med sin mening. Så har vi vurdert det innspillet, på lik linje med alle andre innspill, men vi kan ikke se at dette er et uttrykk for folkeviljen i Helse Midt-Norge. Derfor forbeholder Fremskrittspartiet seg retten til å kunne si seg uenig i den tilbakemeldingen, i hvert fall når vi holder det opp mot de tilbakemeldingene vi får fra andre vi prater med, og som ikke har blitt hørt av verken brukerutvalget eller andre instanser. De har prøvd å si fra, men har ikke blitt lyttet til – over år. Da tenker vi særlig på legene, men det er også mange pasienter som ikke har fått sine perspektiv med i denne uttalelsen fra brukerutvalgene. Siden jeg ikke har registrert at andre har tegnet seg på talerlisten, legger jeg til grunn at den tolkningen som jeg har gjort av det vedtaket Stortinget ligger an til å fatte, står seg, og at dette er en føring for neste års statsbudsjett, og at vi derfor vil kunne forvente at det kommer penger i statsbudsjettet som gjør at vi kan unngå at det blir gjort nedleggelser og kutt i viktige lokalsykehusfunksjoner og i sykehusstrukturen i Møre og Romsdal og i Trøndelag, og at det er et vedtak som har en reell verdi, og ikke bare er et slag luften eller noe man gjør bare for å tilfredsstille noen med å komme med et forslag som skal berge tilbudet, mens det i praksis ikke gjør det. Statsråden har jo et poeng i at det også må medfølge penge. Nå har Stortinget en bestilling om at de pengene skal komme fra regjeringen. Hvis regjeringen ikke kommer med de pengene, regner jeg med at de partiene som går inn for dette forslaget, kommer med de pengene, enten i sine alternative statsbudsjett eller i budsjettforhandlinger – hvis ikke er jo dette bare et spill for galleriet. Jeg legger til grunn at den tolkningen vi har kommet med, er gjeldende."
2026-05-26,refs-202526-05-26,Møte tirsdag den 26. mai 2026,Seher Aydar,R,Left,hovedinnlegg,"Seher Aydar (R) [13:52:34]: Jeg hadde tenkt å sitte stille, men det er litt vanskelig når det kommer litt merkelige påstander fra denne talerstolen. En representant fra et parti som ikke har noe med budsjettforhandlinger å gjøre, kan ikke stå her og si at det forutsettes at alle som har gått med på et forslag, mener det og det og det, og at hvis man ikke tegner seg og sier det fra talerstolen, er man enig med representanten fra FrP. Det er ikke sånn det funker. Det er faktisk ikke sånn det funker. Vi står inne for merknadene i saken og forslaget. Dette handler for oss om at Helseplattformen peker på mange av de grunnleggende feilene med hvordan vi driver sykehus i dag, både når det gjelder innføringen, som FrP faktisk var med og sørget for, og når det gjelder at det dessverre ikke ble tatt ansvar og stoppet tidlig nok. Dette viser også problemene med finansieringen – et prestisjeprosjekt, som egentlig ikke var så sterkt ønsket, har gått ut over sykehusøkonomien. Vi mener at slike prosjekter ikke skal gå ut over sykehus andre steder og hele regionen som har betalt prisen. Det mener vi. Rødt kjemper for en bedre sykehusøkonomi – det har vi gjort, og det har vi varslet at vi kommer vi til å fortsette å gjøre – men det er helt aktuelt for meg å gå god for noe som helst av det FrP sier om hva våre forhandlinger skal innebære når det gjelder statsbudsjett framover. Det tar vi med de partiene som skal forhandle om budsjett. Men Rødt kommer fortsatt til å kjempe for at sykehus ikke skal styres etter regnskapsmodell og markedsprinsipper, som FrP var med på å innføre, altså helseforetaksmodellen. Det kommer vi til å fortsette å gjøre. Ja, vi er kritiske til Helseplattformen. Ja, vi vil kjempe for en bedre sykehusøkonomi, og det kommer vi til å gjøre. Og ja, vi vil jobbe for lokalsykehus, det kommer vi til å gjøre. Men dette gjør vi uavhengig av hva FrP skulle påstå."
2026-05-26,refs-202526-05-26,Møte tirsdag den 26. mai 2026,Kristian August Eilertsen,FrP,Right,hovedinnlegg,"Kristian August Eilertsen (FrP) [13:54:57]: Med tanke på det siste innlegget som kom fra representanten fra Rødt, gjenstår det å se hva slags verdi dette vedtaket faktisk kommer til å ha, for hvis Stortinget gjør et sånt vedtak, tror jeg alle innbyggerne i Helse Midt-Norge oppfatter det som at nå sier Stortinget at det ikke skal skje kutt i Helse Midt-Norge, verken på struktur eller på viktige lokalsykehusfunksjoner som følge av kostnader som kan knyttes til Helseplattformen; det skal ikke skje. Det er det som er marsjordren fra Stortinget til regjeringen. Hvis det da likevel skjer kutt, fordi det ikke er økonomi til å drifte de tilbudene, har det vedtaket null verdi, og da er man med på å holde innbyggerne for narr. Det er derfor Fremskrittspartiet var så tydelig på hva vår tolkning av dette vedtaket er, nemlig at her må det også sørges for penger, sånn at man fyller vedtaket med reelt innhold og ikke bare med ord. Grunnen til at jeg tegnet meg, var innlegget til statsråden, for det var, for å si det på en mild måte, en ganske frimodig tolkning av innlegget jeg holdt i stad. Man prøver å insinuere at Fremskrittspartiet ikke har tillit til brukerutvalgene. Jeg sa ikke det med ett ord i mitt innlegg i stad. Det jeg sa i mitt innlegg, er at vi har vurdert innspillene fra disse brukerutvalgene – på lik linje med alle andre innspill som kom i saken. Men vi har også innhentet informasjon utover de innspillene som kommer inn gjennom Stortingets formelle kanaler. Hvis det hadde vært sånn at vi kun skulle basere oss på innspill som kom der, hadde det blitt ganske snevert. Vi har over år fått tilbakemeldinger både fra innbyggere, fra pasienter, fra folk som jobber i kommunehelsetjenesten, fra fastleger og ikke minst fra leger som jobber der det betyr mest, og er mest kritisk. Det har vi tillagt større vekt enn de skriftlige innspillene, og de innspillene som kom i forbindelse med den muntlige høringen – og det er den jobben vi gjør i hver eneste sak. Det er ikke noe nytt, det er ikke noe sjokkerende at vi vekter de ulike innspillene som kommer, på ulik måte, basert på den informasjonen vi har tilgang til. Hadde det vært sånn at vi nærmest måtte la oss diktere av kun ett enkelt innspill, hadde det blitt lite igjen å gjøre på Stortinget. Så den frimodige tolkningen fra statsrådens side oppfatter jeg mer som et retorisk slag i luften heller enn et uttrykk for realiteten i hva jeg prøvde å si i stad. Jeg registrerer også at statsråden forsøker å svare på spørsmålet mitt om hvordan han vil følge opp dette vedtaket, men også basert på innlegget som ble holdt fra partiet Rødt, legger jeg til grunn at det gjenstår å se hva som faktisk kommer ut av dette vedtaket. Det betyr at innbyggerne i Helse Midt-Norge, i Møre og Romsdal og i Trøndelag, fortsatt må leve med usikkerhet, og de må smøre seg med tålmodighet om hvorvidt deres tilbud faktisk blir videreført som en konsekvens av dette vedtaket."
2026-05-26,refs-202526-05-26,Møte tirsdag den 26. mai 2026,Mona Nilsen,A,Left,hovedinnlegg,"Mona Nilsen (A) [14:51:13]: Arbeiderpartiet deler intensjonen bak dette forslaget. Mennesker som opplever akutt psykisk krise, skal møtes med verdighet, trygghet og riktig faglig kompetanse. Det er et helseansvar, og det må behandles som nettopp det. Altfor ofte har vi sett at politiet blir sendt ut i situasjoner som i realiteten er helsefaglige. Det kan oppleves både dramatisk og stigmatiserende for den det gjelder, og for deres pårørende, og det binder opp viktige politiressurser. Derfor er vi enige om målet: bedre samspill mellom helse og politi, og at politiets rolle skal begrenses til tilfeller der det faktisk er nødvendig av hensyn til sikkerhet. Samtidig skal vi lytte til kunnskapen og erfaringene som finnes. Innspillene fra de regionale helseforetakene og særlig erfaringene fra Helse sør-øst peker en viktig retning: Det er ikke én løsning som passer overalt. Erfaring fra tidligere prosjekter viser at det ikke nødvendigvis er mest hensiktsmessig å etablere en egen psykiatriambulanse i alle områder. I flere av tilfellene har det gitt bedre resultater å styrke kompetansen i den eksisterende ambulansetjenesten. Nøkkelen ligger i å løfte hele den prehospitale tjenesten. Vi må sikre at ambulansepersonell har tilstrekkelig kompetanse både innenfor psykisk helse og rus, og at de har tid og ramme til å håndtere sånne oppdrag på en god måte. Det handler om pasientsikkerhet, om arbeidsmiljø for de ansatte og om kvaliteten på helsetjenestene. Det er avgjørende med tett samarbeid mellom ambulansetjenesten og psykisk helsevern. Gode fagmiljøer og samhandling på tvers gir bedre vurderinger, bedre håndteringer og færre konflikter i akutte situasjoner. Samtidig skal vi også anerkjenne at det finnes gode erfaringer med egne psykiatriambulanser, f.eks. i Bergen. Der sånne løsninger er hensiktsmessig, burde helseforetakene ha handlingsrom til å etablere dem innenfor sine rammer, basert på lokale behov. Derfor støtter vi komiteens forslag om at regjeringen skal sikre en gjennomgang av transportordningen for psykisk syke, med mål om verdige transporter, riktig bruk av tvang og mindre bruk av politi, og at helseforetakene skal vurdere etablering av psykisk ambulansetjeneste der det er formålstjenlig. For Arbeiderpartiet handler det om noe så grunnleggende som et mer menneskelig, mer helsefaglig og mer treffsikkert møte med mennesker i krise. Vi skal bruke ressursene våre klokere, samarbeide bedre og sørge for at hjelpen som gis, er hjelpen som faktisk trengs."
2026-05-26,refs-202526-05-26,Møte tirsdag den 26. mai 2026,Liv Gustavsen,FrP,Right,hovedinnlegg,"Liv Gustavsen (FrP) [15:44:46]: Dette handler om hvordan vi som samfunn møter mennesker som er psykisk syke og i krise. I dag er det altfor ofte politiet som rykker ut når mennesker opplever alvorlige psykiske helsekriser. De kommer i uniform, ofte med blålys, og skal håndtere mennesker som først og fremst trenger helsehjelp og ikke politioppfølging. Det er feil for den som er syk, og det er feil bruk av politiets ressurser. Jeg vet dette fordi jeg har opplevd det i nær familie. Min søster var utdannet psykiatrisk sykepleier, men ble selv alvorlig psykisk syk, og flere ganger ble hun hentet av politiet og kjørt til legevakt med blålys – ikke fordi hun var kriminell, ikke fordi hun hadde gjort noe galt, men fordi hun var syk. Og når hun senere var friskere igjen, var det svært tungt for henne å vite at naboer og mennesker rundt hadde sett politiutrykningen hjemme hos henne. Hun opplevde det som stigmatiserende og ydmykende. Det satte spor. Det er også tungt for familien som står rundt. Midt i frykt, uro og fortvilelse skal man samtidig oppleve at helsekrise ser ut som en politiaksjon. Ingen skal føle seg kriminalisert fordi de er psykisk syke. Derfor trenger vi en psykiatrisk ambulansetjeneste i Oslo og Akershus, og vi vet at dette fungerer, for både i Bergen og i Stavanger har man gode erfaringer med psykiatrisk ambulanse. Der møter man mennesker med helsepersonell, riktig kompetanse og større verdighet. Samtidig frigjør man politiressurser til det som politiet faktisk skal gjøre: bekjempe kriminalitet og skape trygghet. Det er dessverre slik også her, som på mange andre områder innen helse, at postnummeret ditt avgjør hvilken hjelp du får. I noen deler av landet blir mennesker møtt av helsepersonell når de er psykisk syke. I hovedstadsområdet risikerer man fortsatt å bli møtt av politiet med blålys. Slik kan vi ikke ha det. Ingen er uenig i at politiet må bistå når situasjonen blir farlig eller utagerende, men psykisk sykdom er først og fremst en helseutfordring, ikke en politioppgave. Vi trenger en modell der helse går først, og der politiet bistår ved behov. Det er bedre for pasienten og bedre for familien, og det er bedre bruk av samfunnets ressurser. Vi trenger politiet til politioppgaver, og vi trenger helsepersonell til helsehjelp. Det trengs ikke flere utredninger. Det trengs handling. Nå er tiden inne for å få dette på plass i hovedstadsregionen også. Jeg tar opp de forslagene FrP er en del av."
2026-05-26,refs-202526-05-26,Møte tirsdag den 26. mai 2026,Margret Hagerup,H,Right,hovedinnlegg,"Margret Hagerup (H) [15:47:58]: Det er få situasjoner som er mer sårbare enn når et menneske opplever en akutt psykisk krise. Da må samfunnet møte dem med trygghet, verdighet og rett kompetanse. Det handler både om pasientsikkerhet, om respekt for enkeltmennesket og om å bruke ressursene klokt. Høyre mener at transport og håndtering av mennesker i psykisk krise først og fremst er en helsefaglig oppgave, ikke en oppgave for politiet. Likevel ser vi i dag at politiet i altfor stor grad må bistå i sånne situasjoner. Det kan oppleves belastende og stigmatiserende for pasienten, samtidig som det binder opp viktige politiressurser. Derfor er det positivt at komiteen samlet understreker behovet for en bedre og mer verdig transportordning for psykisk syke, og at helseforetakene skal gå gjennom dagens praksis. Vi trenger tjenester som reduserer unødvendig bruk av tvang og sikrer at pasientene møtes av personell med rett kompetanse. Samtidig må vi lytte til fagmiljøene. Flere regionale helseforetak peker på at egne psykiatriambulanser ikke nødvendigvis er den beste løsningen overalt. Erfaringene viser at styrket kompetanse i de ordinære prehospitale tjenestene ofte kan være vel så viktig. Derfor mener Høyre at vi må være åpne for ulike løsninger i ulike deler av landet. Vi skal lære av de gode erfaringene fra Bergen, hvor psykiatriambulansen over mange år har vist at spesialisert kompetanse kan bidra til å roe ned situasjoner og redusere behovet for politibistand. Men vi må samtidig sikre fleksibilitet, sånn at helseforetakene selv kan organisere tjenesten på den måten som gir best kvalitet og best ressursbruk lokalt. Høyre er også opptatt av bedre samhandling mellom politi og helsevesen, og den nye avtalen mellom Helsedirektoratet og Politidirektoratet om effektiv utveksling av informasjon og samhandling mellom helsetjenesten og politiet er et viktig steg i rett retning. Sånne forpliktende samarbeid må videreutvikles, sånn at pasientene får raskere og bedre hjelp når de trenger det mest. Målet må være klart: færre unødvendige politioppdrag, mindre bruk av tvang og en mer verdig behandling av mennesker i psykisk krise."
2026-05-26,refs-202526-05-26,Møte tirsdag den 26. mai 2026,Kjersti Toppe,Sp,Center,hovedinnlegg,"Kjersti Toppe (Sp) [15:50:23]: I Helse Bergen har det i over 20 år vore i drift ein eigen psykiatriambulanse. Han har sørgt for at menneske i psykisk krise vert møtte med respekt og fagleg tryggleik. Bruken av politi vert redusert. Psykiatriambulansen har berre trunge politibistand i 20 pst. av oppdraga, og helsepersonell med riktig kompetanse kan ofte klara å roa ned situasjonen gjennom dialog og fagleg tilnærming. Slik vert òg behovet for tvang redusert. Dette er tilbod som ikkje berre er i Bergen kommune, men i alle kommunar som Helse Bergen dekkjer, det er altså åtte små og store distriktskommunar som får nyta godt av dette tilbodet. Det er jo heilt grunnleggjande at psykisk sjuke pasientar har krav på likeverdige tilbod og same krav på akuttilbod som dei med somatisk sjukdom. Pasientane skal møtast på ein verdig og respektfull måte, og ordninga med psykiatriambulanse er ein god måte å organisera ambulansetenester på. Eg ser at helseministeren argumenterer mot forslaget i innstillinga med at helseføretaket ikkje ønskjer ei utviding av dette tilbodet, men det er fleire etatar som bidrar med transport av desse pasientane. I fleire år har politiet i Oslo ønskt seg ein eigen ambulanse som kan frakta psykisk sjuke i Oslo-området, blant anna fordi planlagde transportar beslaglegg kapasitet hos både politi og ordinære ambulansar. Dei siste åra har Politiets Fellesforbund gitt stadig fleire tilbakemeldingar om at psykiatrioppdrag opptar meir og meir av politiet sine ressursar. Dette forslaget handlar først og fremst om pasienten som treng hjelp, og om korleis vi kan gi slik nødvendig helsehjelp på ein best mogleg og minst inngripande måte. På tross av at dei regionale helseføretaka i konklusjonane sine meiner at det er lite hensiktsmessig å etablera ein psykiatriambulanse i helseføretaka deira, er tilbakemeldingane frå pasientar og helsepersonell meir positive til dette i dei forsøka som har vorte gjennomførte. Difor meiner Senterpartiet at helseføretaka bør gå ein runde til og gjera ein ny gjennomgang av korleis dei organiserer helseoppdraga sine for personar i psykisk krise, og vurderer etablering av psykisk helse-ambulansar og hjelper til med eit forslag om det. Eg meiner at dette er eit forslag vi kan ha tydelege politiske styringssignal på. Ein skal ha veldig gode grunnar til å la vera å oppretta ei ordning med psykiatrisk ambulanseteneste i dei større byane i Noreg."
2026-05-26,refs-202526-05-26,Møte tirsdag den 26. mai 2026,Statsråd Jan Christian Vestre,NA,NA,hovedinnlegg,"Statsråd Jan Christian Vestre [15:55:59]: Det er viktig at helsetjenesten sørger for god transport og behandling av pasienter med psykiske lidelser. Vi har en god og desentralisert ambulansetjeneste i Norge som bidrar til trygghet i møter med mennesker i kriser. Transport av psykisk syke kan ivaretas av ordinær ambulansetjeneste eller av egne psykiatriambulanser, som er etablert i Bergen og Stavanger. Erfaringen er at psykiatriambulansene sannsynligvis ikke er egnet i hele landet. Oslo omfatter et stort og variert geografisk område, og selv med strategisk plassering vil ikke en psykiatriambulanse nå alle pasienter i psykisk krise. Det er derfor anbefalt å styrke kompetansen for personell i den ordinære ambulansetjenesten. Det er helseregionene som må vurdere hva som er mest hensiktsmessig organisering og bruk av ressursene i ambulansetjenesten. Etterspørselen etter psykiatriambulanser har særlig kommet fra politiet selv, med begrunnelse i at det kan begrense antallet politiutrykninger. Det poenget forstår jeg. Regjeringen er opptatt av riktig bruk av politi og helsepersonell i ulike situasjoner. Selv om samarbeidet mange steder fungerer bra, opplever politiet noen ganger å bli brukt for ofte, mens helsetjenesten opplever at det er vanskelig å få bistand fra politiet ved behov. Helsedirektoratet og Politidirektoratet har derfor revidert rundskrivet om helsetjenestens og politiets ansvar for personer med psykiske lidelser. Rundskrivet presiserer når det er behov for bistand fra politiet i forbindelse med transport, og når helsetjenesten selv kan ivareta dette. Jeg vil understreke at det kun er politiet som kan bruke tvang mot personer utenfor institusjon. Etablering av psykiatriambulanse vil i seg selv ikke løse de situasjonene hvor det foreligger behov for tvang, eller der sikkerheten for pasient, pårørende eller personell tilsier politibistand. Det sentrale er å gjøre riktige vurderinger tidlig, ha god kommunikasjon med pasienten og sørge for at ambulansetjenesten har tilgang til relevant kompetanse og støtte. Helseregionene har derfor over flere år arbeidet målrettet med å styrke kompetansen innen psykisk helse i ambulansetjenesten og AMK. Når det er sagt, er det rom for forbedringer, og jeg vil selvsagt følge opp det som ser ut til å bli Stortingets vedtak, om å sikre at helseforetakene gjennomgår sine transportordninger for psykisk syke."
2026-05-26,refs-202526-05-26,Møte tirsdag den 26. mai 2026,Statsråd Jan Christian Vestre,NA,NA,replikk,"Statsråd Jan Christian Vestre [16:03:28]: Ja, vi jobber aktivt med implementeringen av opptrappingsplanen for psykisk helsevern, med mange tiltak som det også følger penger med. Det handler bl.a. om å øke antall døgnplasser, mer behandlingskapasitet, bedre samhandling mellom tjenestene, kortere ventetider, bedre oppfølging av de pasientene som trenger det mest – bare for å nevne noen eksempler – i tillegg til at det skal bygges ut lavterskeltilbud i alle landets kommuner. Så dette er en helhetlig innsats som gjennomføres. Jeg mener det absolutt kan ha noe for seg å se på om det også skal være en egen ambulansetjeneste for denne pasientgruppen. Det er også det som nå ligger i det vedtaket som hele komiteen har sluttet seg til, og som vi vil sørge for at følges opp. Men representanten er jo selv inne på kompleksiteten med potensielt 1,5 millioner innbyggere og det å lage et tjenestetilbud ved siden av det tilbudet vi allerede har, som er målrettet og godt, uten at det bidrar til mindre effektiv bruk av knappe helseressurser. Da er det ikke helt opplagt hva som er riktig måte."
2026-05-26,refs-202526-05-26,Møte tirsdag den 26. mai 2026,Liv Gustavsen,FrP,Right,hovedinnlegg,"Liv Gustavsen (FrP) [16:09:45]: Jeg må si at jeg opplever statsrådens svar som altfor defensivt. Ingen har hevdet at en modell skal passe for hele Norge. Vi vet at landet vårt er geografisk forskjellig og naturligvis vil kreve ulike løsninger i ulike regioner. Nettopp derfor blir det feil når man bruker utfordringer i Nord-Norge eller Midt-Norge som argument for å stoppe utviklingen av et bedre tilbud i hovedstadsområdet. Vårt forslag handler om Oslo og Akershus, et tett befolket område med stor befolkning, høy oppdragsmengde og helt andre forutsetninger enn områder hvor man er avhengig av ambulansefly og svært lange transporter. Når psykiatrisk ambulansetjeneste fungerer godt i Bergen og Stavanger, burde spørsmålet være hvordan vi kan videreutvikle dette, ikke hvordan vi kan forklare hvorfor vi ikke skal prøve. Dette handler om noe grunnleggende: mennesker som er psykisk syke, som skal møtes av helse først. Politiet skal selvfølgelig bistå når situasjonen er farlig eller krever tvang – ingen skal bestride det – men i dag er det altfor ofte politiet som blir hovedressursen i situasjoner som først og fremst handler om sykdom. Det er verken den beste hjelpen for pasienten, for familien eller for politiet selv. Jeg reagerer også på at statsråden nærmest argumenterer med at fordi psykiatrisk ambulanse ikke kan dekke absolutt alle oppdrag, er ordningen ikke verdt å etablere. Slik bygger vi jo ikke andre tjenester i helsevesenet. Ingen forventer at én løsning skal løse alle utfordringene alene, men dersom ordningen kan bidra til færre politiutrykninger, mer verdige møter med mennesker i krise og bedre bruk av helsekompetanse i hovedstadsområdet, er det allerede et viktig steg i riktig retning. Det handler om mennesker som allerede er i en svært sårbar situasjon, og som ikke skal oppleve å bli møtt med et ordensproblem når de egentlig trenger helsehjelp. Det handler om familier og pårørende som står midt i en krise sammen med dem. Vi trenger politiet til politioppgaver, og vi trenger helsepersonell til helsehjelp. Derfor mener jeg fortsatt at det er både riktig og nødvendig å etablere psykiatrisk ambulansetjeneste i hovedstadsområdet og bruke erfaringene fra Bergen, Stavanger og Europa ellers som et grunnlag for å utvikle bedre tjenester også andre steder i landet. På vegne av alle dem som ikke orker å stå her og kjempe sin egen kamp, er jeg skuffet over at regjeringen velger den enkleste løsningen og sier nei, og at vi skal vente, for dette handler om mennesker."
2026-05-26,refs-202526-05-26,Møte tirsdag den 26. mai 2026,Kathy Lie,SV,Left,hovedinnlegg,"Kathy Lie (SV) [16:16:04]: Det er store variasjoner i kapasiteten til de prehospitale tjenestene rundt i landet. Det er store variasjoner i demografi og geografi. Det vil derfor være ulike vurderinger fra sted til sted av hva som er god organisering av ambulansetjenesten. Fra innspillene vi har fått, har vi merket oss at Helse sør-øst ikke anbefaler etablering av egne psykiatriambulanser på bakgrunn av de erfaringene de hadde fra det regionale prosjektet. Jeg synes dette er litt rart, for som jeg nevnte i mitt forrige innlegg, var jeg som helsepersonell i Vestre Viken HF i kontakt med vår psykiatriambulanse, og opplevde bare positive tilbakemeldinger og gode erfaringer. Mange synes det var veldig kjedelig da prosjektperioden var over og forsto ikke hvorfor det ikke ble videreført. Det er derfor viktig å gi helseforetakene en tydelig beskjed. Jeg tror alle kan være enige i at i distrikter hvor det kanskje bare er én eller to biler, vil en egen psykisk helse-ambulanse være krevende å få til, men i mer folkerike områder mener SV at en egen psykisk helse-ambulanse virkelig må vurderes seriøst. Det handler ikke bare om å hente folk hjemme eller på gaten. I mange tilfeller handler det om transport mellom ulike helsetilbud, som f.eks. en tvangsinnleggelse i psykiatrien fra intensivavdeling etter selvmordsforsøk. Det er helt klart at transport av psykisk syke pasienter er en belastning for politiet. Jeg håper virkelig helseforetakene tar dette på største alvor. I tillegg mener vi at det er av største betydning å styrke kompetansen i hele den prehospitale tjenesten, for man vet ikke alltid hva man kommer til. Man kan tro at man kommer til noen som har falt og skadet seg, eller noen som holder på å drukne, og så kan det være et mye mer sammensatt bilde, og man kan bli overrasket. Derfor er det viktig at vi ikke bare lener oss på den ene psykiatriambulansen, men at vi også sørger for at hele tjenesten får et løft med tilbud om videreutdanning og kompetanse når det gjelder psykisk helsevern. Her skjer ting veldig fort, og derfor er det en viktig bit. SV skulle gjerne hatt et enda sterkere vedtak, men vi er glad for at vi tross alt har en flertallsinnstilling som nå skal følges opp. Som sagt håper vi virkelig at denne beskjeden går tydelig til helseforetakene, og at helseforetakene virkelig går gjennom tjenestene sine og alvorlig vurderer innføring av en egen psykiatrisk ambulanse."
2026-05-26,refs-202526-05-26,Møte tirsdag den 26. mai 2026,Anniken Refseth,A,Left,hovedinnlegg,"Anniken Refseth (A) [19:46:42] (ordfører for saken): Vi behandler her i dag et representantforslag om endring av yrkestransportloven § 9 andre ledd, der det tas til orde for å endre ordlyden i loven om de nye og sentrale kontrollreglene for drosjenæringen. Forslaget har vært behandlet på vanlig vis i komiteen, statsråden har uttalt seg, og det har vært åpnet for skriftlig høring. Utover det viser jeg til merknadene og forslagene i innstillingen og vil overlate til de ulike partigruppene å redegjøre for sitt syn i saken. Som saksordfører takker jeg for samarbeidet i komiteen. Arbeiderpartiet mener at drosjenæringen skal være en god, regulert og trygg arbeidsplass. Drosjenæringen utfører et viktig samfunnsoppdrag. Drosjesjåførene tar del i mange menneskers liv hver dag, de betyr mye for mange, og de kommer tett innpå andre folks liv. Vår viktigste oppgave er å legge til rette for at også de kan ha et godt og trygt liv. Drosjen har alltid vært særlig viktig for syke- og pasienttransport, for eldre, for personer med nedsatt funksjonsevne og som beredskap. Drosjen har vært en del av den samfunnsmessige infrastrukturen – ikke bare et vanlig konkurransemarked. Høyre og Fremskrittspartiets liberalisering av drosjenæringen, altså drosjereformen, gjorde situasjonen verre for både kunder, eiere og sjåfører. Antallsbegrensningen på drosjeløyver ble fjernet, og kravet om tilknytning til drosjesentral opphørte. Markedet ble åpnet for flere aktører, også digitale plattformer. Målet var økt konkurranse, mer fleksibilitet og større valgfrihet for kundene, men resultatet kjenner vi i dag: Det ble dårligere arbeidsvilkår, mindre seriøsitet, overetablering i byene og svekket tilbud i distriktene. Siden Arbeiderpartiet tok over, har vi stilt garantikrav, satt krav til taklampe og internkontroll, økt innsatsen for kontroller, innført sentraltilknytningsplikt og gitt fylkeskommunene større fleksibilitet i bruk av eneretten. Dette er alle viktige tiltak for å styrke drosjenæringen og tryggheten for kundene. For oppfølging av siste del av Prop. 139 L for 2024–2025 er det satt i gang en etatsgruppe, bestående av Statens vegvesen, Justervesenet og skatteetaten som skal lage et nytt forslag til forskrift om kontrollutrustning. Denne gruppen tar sikte på å ferdigstille jobben til høsten, og deretter vil det bli høring. Jeg er glad for at Senterpartiet følger opp den seriøse jobben for drosjenæringa. Arbeiderpartiet skal følge opp arbeidet med å motvirke sosial dumping, og vi skal jobbe for å sikre like konkurransevilkår. Det gjenstår fortsatt arbeid for å få en mer seriøs og trygg drosjenæring, til beste for kundene, sjåførene og eierne. Den jobben vil Arbeiderpartiet ta."
2026-05-26,refs-202526-05-26,Møte tirsdag den 26. mai 2026,Bård Hoksrud,FrP,Right,hovedinnlegg,"Bård Hoksrud (FrP) [19:50:04]: Drosjenæringen er viktig og betyr mye for mange mennesker i Norge. Den bidrar til pasienttransport, at folk kommer til sykehus, og ikke minst til daglig transport. Man må imidlertid ikke glemme at det har vært store utfordringer i denne næringen i mange, mange år, også tilbake i tid, og det var en av grunnene til at de ble gjort endringer. Blant annet var Forbrukerrådet veldig tydelig på at man ikke kunne fortsette å holde på sånn som man hadde gjort. Det kan nesten høres ut som denne saken handler om man er for eller mot kontroll i drosjenæringen. Det gjør den absolutt ikke. Fremskrittspartiet er for at vi skal kontrollere, vi er for hvit økonomi, vi er for at alle som driver drosje i Norge, skal betale skatt og moms, registrere omsetning og kunne kontrolleres av myndighetene, men vi er ikke for at Stortinget skal vedta at én bestemt teknisk løsning skal være fasiten for all framtid. Det er verdt å minne om hvorfor drosjemarkedet ble endret. Det gamle systemet hadde som sagt store problemer. Forbrukerrådet var bekymret for kundene, Konkurransetilsynet var bekymret for konkurransen, prisene var vanskelige å forstå, det var vanskelig å sammenligne tilbud, og mange opplevde at det var for få drosjer når behovet var størst. Så vi skal ikke gå baklengs inn i framtiden. Samtidig skal vi være tydelige: Ny teknologi er ikke automatisk seriøsitet. En app er ikke et frikort, et globalt merkenavn er ikke en garanti for at skatt, moms og rapportering skjer riktig. Derfor er det viktig at vi har gode og tydelige krav. Turene skal kunne spores, betaling skal kunne dokumenteres, omsetning skal rapporteres, løyve, bil og sjåfør skal kunne kobles, og kontrollmyndighetene skal kunne ettergå det, men hvis dette kan løses med mer moderne kontrollutrustning, som er like god eller bedre enn tradisjonelle taksametre, skal ikke vi på Stortinget si nei bare fordi løsningen er ny. Et taksameter er dessuten ikke bare en boks, det er en kostnad. Det koster å installere, det koster å vedlikeholde, det koster å kontrollere, og hver gang vi legger nye kostnader på næringen, må vi også være ærlige på at kundene ofte ender med å betale enda mer for de turene de skal ha. Det er et problem, når drosjene allerede konkurrerer med subsidierte kollektivløsninger som kan holde prisene nede. Da må man være opptatt av smart kontroll, ikke bare dyr kontroll. Taksameter eller ikke er ikke det viktige her; kontrollen er viktig, sporbarhet er viktig, at skatten betales er viktig, og at kundene får et godt, trygt og prisgunstig drosjetilbud er viktig. FrP vil ha et drosjemarked som er moderne, kundevennlig og seriøst. Vi sier ja til konkurranse, men nei til smutthull og løsninger som gjør sluttsummen dyrere for forbrukerne. Vi sier ja til teknologi, men nei til svart økonomi, ja til valgfrihet, men nei til at noen skal slippe unna kravene som alle andre må følge. Derfor er vi veldig tydelige på at vi ikke støtter et representantforslag som vil at noen veldig få skal kunne ta veldig mye for å selge og vedlikeholde taksametre. Det rammer den enkelte, som prøver å få virksomheten sin til å gå rundt, og som ser at det finnes nye, teknisk gode løsninger som kan ivareta alle de interessene som er viktige for å sikre at man har en ryddig næring."
2026-05-26,refs-202526-05-26,Møte tirsdag den 26. mai 2026,Marian Hussein,SV,Left,hovedinnlegg,"Marian Hussein (SV) [20:58:19]: Se for deg en kveldsvakt hvor du begynner på jobb kl. 2.30 eller 3, og hver time fram til kl. 22.30, går tempoet opp, opp, opp. Det blir flere og flere oppgaver du skal løse på kortere og kortere tid. Du må småløpe mer, og til syvende og sist, når klokken slår 22.30, skal du hjem og sove før du skal på vakt igjen kl. 7.30 neste morgen. Du ligger hjemme og forsøker å sove, men alt du tenker på, er: Rakk jeg å skrive dette? Rakk jeg å signere på medisinene? Rakk jeg å gi beskjed om a, b og c, som skulle gis videre til nattevakten? Før klokken har slått 1.30 har du kanskje sendt SMS eller ringt til avdelingen der du jobber to ganger. Av sykepleierne og helsefagarbeiderne i Norge rapporterer 24 pst. om arbeidsrelaterte søvnplager, 34 pst. jobber deltid, og 35 pst. opplever at jobbkrav forstyrrer privatlivet. Vi har altfor mange helsepersonell som vi trenger til å jobbe heltid, som allerede jobber deltid. Hvis man skal lytte til Høyre, FrP og Arbeiderpartiet i denne salen, skulle man tro at vi ikke hadde en deltidskrise i norsk helsevesen, at vi ikke hadde en restarbeidsevne hos friske kvinner som har lyst til å jobbe, men som opplever at turnusarbeid ikke går godt med livet. Vi er nødt til å ta kvinners arbeidshelse på alvor hvis vi skal unngå at flere kvinner faller fra, at de går sykmeldte, eller at de søker seg bort fra helsevesenet. Det var det som skjedde med meg og veldig mange av dem jeg kjenner som jobbet som vernepleiere, og som jobbet turnusarbeid. På et eller annet tidspunkt blir du lei av å ligge i sengen og lure på om du gjorde det du skulle gjøre, før du er nødt til å gå på jobb igjen. Det å stemme for dette forslaget i dag er det eneste riktige. Hvis vi skal klare å beholde helsepersonell i framtiden, i en tid med en aldrende befolkning, er vi nødt til å se på turnusarbeid og sammenligne det med skiftarbeid, og gjøre mer for å beholde helsepersonell, istedenfor å fortelle alle grunnene til at vi ikke kan gjøre flere tiltak. Med det tar jeg opp det forslaget SV er en del av."
2026-05-27,refs-202526-05-27,Møte onsdag den 27. mai 2026,Statsråd Jan Christian Vestre,NA,NA,replikk,"Statsråd Jan Christian Vestre [10:18:23]: Det er helt sikkert rom for forbedringer, og vi har gjort flere konkrete forbedringer. Jeg vil være tydelig på at WAIT-rapporten gir et ganske utdatert bilde over tilgangen til metoder i Norge. WAIT-studien tar ikke opp i seg at saksbehandlingstiden for å introdusere nye metoder er redusert med over 100 dager. Vi har aldri kuttet ventetider raskere for å få tillatelse til nye metoder. WAIT-studien tar ikke innover seg at vi har etablert en ny tilgangsordning der pasienter som får nei til en metode på gruppenivå, nå kan søke om en individuell vurdering, og mange av de sakene har gått igjennom med positivt utfall. Sju av ti nye metoder tas i bruk i Norge. Når det gjelder andelen metoder hele befolkningen får tilgang til, ligger vi over det europeiske snittet, og det er bedre tilgang til de legemidlene i Danmark og Sverige. Det skulle bare mangle. Vår befolkning skal ha tilgang til gode metoder, men da må vi også prioritere godt."
2026-05-27,refs-202526-05-27,Møte onsdag den 27. mai 2026,Kristian August Eilertsen,FrP,Right,replikk,"Kristian August Eilertsen (FrP) [10:19:27]: Jeg registrerer nok en gang at statsråden skjønnmaler situasjonen. Det er stor avstand mellom det statsråden sier, og det alle andre beskriver rundt seg i samfunnet. I forrige uke utfordret jeg statsministeren om WAIT-rapporten, men det var jo som å rope i skogen. Derfor prøver jeg egentlig å gjøre det samme med statsråden her også. Med våre økonomiske muskler skal Norge ha en helsetjeneste i verdensklasse, men WAIT-rapporten viser at tilgangen til nye medisiner for norske pasienter går feil vei. For ti år siden var over halvparten av innovative medisiner tilgjengelig for norske pasienter. I dag er andelen redusert til litt over en tredjedel. Norske pasienter venter i dag lenger på å få tilgang til nye medisiner. i snitt er ventetiden 543 dager. Det er en økning fra året før. Så registrerer jeg at statsråden har helt andre tall, men det som skulle gå ned, har gått opp, og det som skulle gå opp, har gått ned på Arbeiderpartiets vakt. Er statsråden fornøyd med at det er færre nye medisiner tilgjengelig med offentlig finansiering, og at norske pasienter venter stadig lenger på tilgang til nye medisiner?"
2026-05-27,refs-202526-05-27,Møte onsdag den 27. mai 2026,Stig Atle Abrahamsen,FrP,Right,replikk,"Stig Atle Abrahamsen (FrP) [10:21:44]: Vi snakker mye om å ta ned ventetider for våre eldre i helsetjenestene. Det vi snakker mindre om, er de fleste pasienters inngangsport til helsetjenestene, nemlig fastlegene. Kommuner landet over rekrutterer fastleger som aldri før, men fortsatt står over hundre tusen uten fastlege. Sist uke kastet statsråden en brannfakkel inn i fastlegeordningen, med store endringer i basistilskudd og utjamningstilskudd. For noen fastleger er dette snakk om inntektsbortfall på flere hundretusen kroner årlig. Endringen skjer uten noen dialog med Legeforeningen og skal tre i kraft allerede 1. juli. Legeforeningen er sterkt bekymret for at sånne ustabile rammevilkår kan destabilisere fastlegeordningen og svekke rekrutteringen. Resultatet vi er bekymret for, er at enda flere pasienter blir stående uten fastlege. Deler statsråden den bekymringen?"
2026-05-27,refs-202526-05-27,Møte onsdag den 27. mai 2026,Statsråd Jan Christian Vestre,NA,NA,replikk,"Statsråd Jan Christian Vestre [10:22:41]: La meg først si at jeg er veldig glad for at vi har fått orden på fastlegekrisen som vi arvet fra den borgerlige regjeringen, der mange fastleger rømte fra yrket, antallet nordmenn uten fastlege var i ferd med å eksplodere, og arbeidsbelastningen på fastlegene var altfor stor. Politikken vi har gjennomført, har fungert. Vi har rekruttert om lag 800 flere fastleger. Listelengdene har i snitt gått ned fra rett over 1 000 til under 1 000. Langt flere fastleger sier i dag at de ønsker å stå lenger i jobb, og ordningen er stabilisert. Vi har bevilget mer enn 1 mrd. kr mer til å ta vare på fastlegeordningen. Det er veldig bra. Det ble varslet i stortingsmeldingen om allmennlegetjenestene for et år siden at det fra og med denne sommeren ville bli gjort enkelte justeringer i basistilskuddet. Den meldingen er behandlet av Stortinget. Regjeringen jobber nå med å gjennomføre stortingsmeldingen, som Stortinget har sluttet seg til, herunder enkelte justeringer for å gjøre basistilskuddet til fastlegene mer treffsikkert."
2026-05-27,refs-202526-05-27,Møte onsdag den 27. mai 2026,Stig Atle Abrahamsen,FrP,Right,replikk,"Stig Atle Abrahamsen (FrP) [10:23:46]: Når statsråden snakker om fastlegekrisen, virker det som om man tror at det allerede er løst. Det har vært et samlet storting som har presset regjeringen fra skanse til skanse til å ta tak i denne problemstillingen. Det var det under Kjerkol, og det har vært det også under Vestre. Det virker ikke som at statsråden tar innover seg bekymringen Legeforeningen har. Når man får de reaksjoner man får, når fastlegene plutselig over natten kan miste flere hundretusen kroner fordi man skal gjøre – som statsråden sier – noen justeringer, er det klart det er mange som reagerer på det. Det skaper en usikkerhet knyttet til om man klarer å få rekruttert nok fastleger. Jeg hørte ikke at statsråden svarte på den utfordringen. Vil statsråden gå i dialog med Legeforeningen og se om det kan være bedre løsninger for dette, heller enn at vi ender opp med å miste flere fastleger og i hvert fall ikke klarer å rekruttere flere, når rammevilkårene blir så ustabile?"
2026-05-27,refs-202526-05-27,Møte onsdag den 27. mai 2026,Statsråd Jan Christian Vestre,NA,NA,replikk,"Statsråd Jan Christian Vestre [10:24:52]: Jeg har dialog med Legeforeningen også om denne saken, men jeg er ikke enig i premisset for spørsmålet. Denne endringen, som handler om å ta bort dempingen og det såkalte utjamningstilskuddet i basisfinansieringen for fastlegene, ble varslet i en stortingsmelding som ble lagt fram for Stortinget før sommeren i fjor. Den har vært behandlet på ordinær måte i Stortinget, og regjeringen jobber nå med å gjennomføre den. Det er alltid sånn at endringer vil innebære at noen får justert sine rammebetingelser. I denne saken er det ikke snakk om noen kutt i ordningen. Samlet sett kommer vi til å bruke mer på fastlegeordningen neste år enn det vi gjorde i år og i fjor, men det vil være en omprioritering av midlene. Noen fastleger vil få noe mer basisfinansiering, og andre fastleger vil få noe lavere basisfinansiering, slik at formålet med persontilpasset basistilskudd, som Stortinget har sluttet seg til, vil bli gjennomført etter intensjonen."
2026-05-27,refs-202526-05-27,Møte onsdag den 27. mai 2026,Marius Langballe Dalin,MDG,Center,replikk,"Marius Langballe Dalin (MDG) [10:26:11]: Frå fastlegeordninga har eg lyst til å ta opp spørsmål knytt til genterapi, som er i ferd med å revolusjonere behandlinga for veldig mange pasientar med kreft, sjeldne arvelege sjukdommar og autoimmune sjukdommar, som MS. Carvykti er ei effektiv behandling for blodkreftsjukdommen myelomatose, der Direktoratet for medisinske produkt har vurdert at behandlinga truleg har omtrent same pris som norsk standardbehandling, men er dyrare enn ei behandling som knapt blir brukt i Noreg lenger. Likevel er det inga dekning av dette, og fagfolka fortvilar. Eg undrar meg over denne vurderinga av eit mykje meir effektivt regime enn standardbehandling, med mykje mindre biverknader. Det stiller grunnleggjande spørsmål til vurderingssystemet vårt. Mitt spørsmål til statsråden er: Vil statsråden sjå på denne saka ein gong til og ta ei vurdering av om vurderingssystemet vårt tek tilstrekkeleg omsyn til klinisk kunnskap og praksis?"
2026-05-27,refs-202526-05-27,Møte onsdag den 27. mai 2026,Grunde Almeland,V,Center,replikk,"Grunde Almeland (V) [10:30:16]: Det er en grunn til at Stortinget er opptatt av kapasiteten, og det er nettopp fordi god nok kapasitet er avgjørende for å få den behandlingen man trenger. Derfor vil jeg også utfordre statsråden på en sak Aftenposten skrev om i går, nemlig at det ved Regional seksjon for spiseforstyrrelser ved Ullevål skal kuttes over 14 mill. kr i år. Antall sengeplasser vil da gå fra 24 til 17, og 5 sengeplasser gjøres om til hjemmesykehusplasser. Det presenteres som om det ikke skal utgjøre en reell reduksjon. Dette skjer samtidig som statsråden i januar sa til NRK at behandlingskapasiteten for spiseforstyrrelser er for lav og må økes i alle regioner, og det skjer etter at Stortinget i mars vedtok at regjeringen skal sikre økning i døgnplasser innen psykisk helsevern og enstemmig vedtok at et styrket døgntilbud for pasienter med spiseforstyrrelser skulle være på plass. Det var en tydelig bestilling fra denne sal. Da er spørsmålet mitt til statsråden: Hva har han gjort for å følge opp Stortingets vedtak om økt døgnkapasitet?"
2026-05-27,refs-202526-05-27,Møte onsdag den 27. mai 2026,Statsråd Jan Christian Vestre,NA,NA,replikk,"Statsråd Jan Christian Vestre [10:31:19]: Takk for spørsmålet og takk for engasjementet for en veldig viktig sak. La oss først begynne med å erkjenne at døgnkapasiteten og behandlingskapasiteten over år har vært for lav. Deler av dette har vært en villet utvikling, fordi man faglig sett har gått fra mer døgnbehandling over på poliklinisk behandling, hjemmebehandling og dagbehandling. Det har vært en riktig utvikling, men jeg mener den pendelen har svingt for langt. Det er grunnen til at sykehusene har fått i oppdrag å legge til grunn sine faglige framskrivninger, og de tilsier et behov for om lag 430 flere døgnplasser i årene framover. Det er et nasjonalt tall, så det vil brytes ned på hver helseregion, og behovene vil være litt ulike, men det betyr at vi skal betydelig opp. Jeg har ikke sett de endelige tallene for 2025, men etter hva jeg forstår, er det en viss økning i antall behandlingsplasser nå. Det forventer jeg, forutsetter og har lagt til rette for at skal skje også gjennom 2026. Det foregår nå mange omstillinger i tilbudet, også i Oslo universitetssykehus. De sier at dette ikke innebærer en reduksjon i antall døgnplasser, verken for barn og unge eller for voksne, men det blir en justering av tilbudet."
2026-05-27,refs-202526-05-27,Møte onsdag den 27. mai 2026,Statsråd Jan Christian Vestre,NA,NA,replikk,"Statsråd Jan Christian Vestre [10:37:55]: Jeg er veldig lei meg for alle de innbyggerne i Norge som ikke opplever at de får god nok helsehjelp. Jeg har møtt både pasienter og ikke minst pårørende og foreldre til disse barna og ungdommene, og det gjør et inntrykk jeg ikke glemmer. De familiene er gjennom så voldsomt krevende påkjenninger og en reell frykt for å miste sine. Og dessverre, selv om en del har fått god hjelp og kommet seg godt igjennom, er det fortsatt for mange historier om pasienter som blir kasteballer, som verken får god nok hjelp i spesialisthelsetjenesten eller kommunehelsetjenesten, og som opplever at de nærmest står i en kamp mot systemet for å få den behandlingen de trenger. Så dette er alvorlig. Det er derfor vi har lagt fram mange konkrete tiltak som vi nå er i ferd med å gjennomføre for å få dette til. Men døgnkapasiteten er på vei opp, den er ikke på vei ned. Etter hva jeg er blitt fortalt når det gjelder regional seksjon for spiseforstyrrelser, beholdes døgnkapasiteten, og i tillegg kommer det noen andre tilbud."
2026-05-27,refs-202526-05-27,Møte onsdag den 27. mai 2026,Statsråd Jan Christian Vestre,NA,NA,replikk,"Statsråd Jan Christian Vestre [10:44:18]: Takk for spørsmålet. Jeg skjønner veldig godt det store engasjementet for helsetilbudet i Sogn og Fjordane. Jeg har vært på folkemøte med over tusen innbyggere og fakkeltog, og det engasjementet for helsetjenesten er nesten til å bli rørt av. Vi skal gjøre alt det vi kan for å ha et så godt tilbud som overhodet mulig. Så har det vært nødvendig å gjøre noen justeringer. Det er riktig at det ortopediske tilbudet som vi var kjent med i Lærdal, flyttes til Sentralsykehuset i Førde, men det skal være et poliklinisk tilbud flere dager i uken. Det skal være skadepoliklinikk i både Lærdal og Nordfjordeid, og jeg er spesielt glad for at det også flyttes nye tjenester ut til lokalsykehusene. Det skal bl.a. være et poliklinisk tilbud innenfor lungesykdommer, det skal være et poliklinisk tilbud innen hjerte- og karsykdommer, og hvis jeg ikke husker helt feil, er det snakk om flere tusen avtalespesialistkonsultasjoner som nå legges til bl.a. lokalsykehuset i Lærdal. Det er viktig, for da vil flere av de tjenestene innbyggerne trenger mye og ofte, kunne være lett tilgjengelige. Det kan hende at det blir noen justeringer i åpningstiden til tilbudet, men det er også for å ivareta de behovene som befolkningen faktisk har, og bruke helsepersonellet effektivt."
2026-05-27,refs-202526-05-27,Møte onsdag den 27. mai 2026,Statsråd Jan Christian Vestre,NA,NA,hovedinnlegg,"Statsråd Jan Christian Vestre [11:12:50]: Takk for et godt og viktig spørsmål. Det er en alvorlig rapport fra Riksrevisjonen. Jeg deler langt på vei Riksrevisjonens vurdering, og jeg kan i hvert fall være helt klar og tydelig på at vi absolutt skal følge opp Riksrevisjonens rapport. Jeg mener at den i stort er nok et argument for hvorfor vi trenger en helsereform. Det er altfor mange av våre pasienter som blir kasteballer mellom kommunehelsetjenesten og spesialisthelsetjenesten, for mange som faller mellom stoler. De som har mye ressurser og vet hvordan de skal finne fram, klarer som regel å finne fram, men det går ut over dem som ikke har de ressursene, rett og slett fordi de ikke vet hvordan de skal finne fram. Jeg synes det er bekymringsfullt når jeg møter barn og unge som blir henvist fra kommunen sin til spesialisthelsetjenesten, for så å få beskjed om at de ikke er syke nok til å få behandling i spesialisthelsetjenesten, at de må komme tilbake når de blir dårligere. Vi skal ikke ha det sånn, så vi må gjøre en lang rekke tiltak for å forbedre dette. Det er stort potensial for endring. Noe av det vi nå tester ut, bl.a. i Vestfold, er «Én vei inn» til psykisk helsevern. Det er et veldig bra, lokalt initiert tiltak, det er ikke regjeringens forslag. Det er kommunene og sykehuset i Vestfold som har funnet på dette, med god velsignelse fra oss, for det er et godt forslag. Der sitter nå kommune- og spesialisthelsetjeneste sammen og vurderer pasientene og hvilket behandlingsnivå de skal ha. Målet er at alle skal komme i gang med behandling og oppfølging innen 14 dager. Ingen avvises, simpelthen fordi man automatisk sendes til riktig sted. Det er framtidens helsetjeneste. Vi kan ikke bare ha det i piloter og forsøk, der hvor innovative kommuner og innovative sykehus vil jobbe annerledes. Dette må bli normen for hele Norge, slik at alle barn og unge får oppleve det samme. Ventetidene er nå på vei ned. De skal fortsatt videre nedover. Jeg er glad for at Riksrevisjonen peker på at 72 pst. av kommunene nå har fått på plass et lavterskeltilbud innen psykisk helse. Det er en økning fra 55 pst. siden 2024. Likevel er det fortsatt én av tre kommuner som ikke har dette tilbudet, og det må vi selvfølgelig sørge for å få på plass."
2026-05-27,refs-202526-05-27,Møte onsdag den 27. mai 2026,Kathy Lie,SV,Left,replikk,"Kathy Lie (SV) [11:14:55]: Ett av forslagene fra kommunekommisjonen som regjeringen har valgt å følge opp, er fjerning av kompetansekravet i kommunehelsetjenesteloven. Noe av begrunnelsen er rekrutteringsutfordringer, særlig i distriktene, men her er fagforeningene tydelige på at lavere krav ikke vil gjøre det lettere å rekruttere personell med riktig kompetanse. Forslaget skal riktignok på høring, og det er ikke gitt hva utfallet blir, men jeg vil gjerne høre hva helseministeren tenker om følgende: Tror han at det blir enklere å sikre likeverdige tjenester over hele landet, særlig til sårbare unge, hvis disse kravene fjernes?"
2026-05-27,refs-202526-05-27,Møte onsdag den 27. mai 2026,Statsråd Jan Christian Vestre,NA,NA,replikk,"Statsråd Jan Christian Vestre [11:18:50]: Svaret på det er ja, og jeg vil gjerne gjenta det jeg har sagt tidligere og berømme SV for dette forslaget. Jeg er veldig glad for at Stortinget vedtok flere av punktene. Jeg kan også si at vi allerede er i gang – kun få uker etter at vedtaket ble fattet – med å følge opp, så det vil komme en oppdatert opptrappingsplan. Vi skal også gjøre en evaluering av den opptrappingsplanen som vi nå så langt er kommet halvveis gjennom. Det er mange tiltak som nå ligger på bordet, men det jeg mener vi som et minimum må sikte etter, er: Vi må ha lavterskeltilbud som er enkle å oppsøke i alle landets kommuner. Det kan ikke være postnummeret som avgjør om barn og unge kan oppsøke et tilbud om noen å snakke med. Ventetidene som vi nå har fått ned på et historisk lavt nivå, må videre nedover. Vi må ha felles henvisning og felles vurdering av alle pasientene, slik at ingen blir kasteball mellom kommunehelsetjeneste og spesialisthelsetjeneste. Vi kan også se på hvordan det er mulig å styrke de tilbudene som en del bruker, bl.a. innenfor skolehelsetjenesten, for det vil være en del av et godt utbygget lavterskeltilbud i kommunene."
2026-05-27,refs-202526-05-27,Møte onsdag den 27. mai 2026,Statsråd Jan Christian Vestre,NA,NA,hovedinnlegg,"Statsråd Jan Christian Vestre [11:22:11]: Det går helt fint, president. Det er arbeids- og inkluderingsministeren som har hatt dette forslaget på høring, men det er et godt spørsmål, så la meg få svare på det. For det første er jeg veldig glad for at også partiet Rødt er opptatt av å få ned sykefraværet, for det er for høyt. Det er ingens skyld, men vi har et felles ansvar for å gjøre noe med det. Da mener jeg alle bør stille seg spørsmålet: Hva kan vi som samfunnsaktører bidra med for å få sykefraværet ned? Arbeidsgiverne har selvfølgelig et viktig ansvar. Jeg mener at fastlegene kan bidra til å få til dette. De gjør en kjempejobb i dag. De er på ingen måte syndebukker i dette arbeidet, men også de kan få tid, mulighet og rom til å følge opp pasientene sine enda bedre, slik at vi unngår sykmeldinger og kan få flere graderte sykmeldinger. Jeg mener også at vi arbeidstakere kan bidra til å få dette til. La meg være krystallklar: Arbeiderparti-regjeringen garanterer for sykelønnen. Vi kommer ikke til å gjøre noe som rokker ved sykelønnen. Likevel: Skal vi opprettholde en god sykelønnsordning i framtiden, må vi få sykefraværet ned. Det er for høyt. Det går utover den enkelte, som ikke får være i arbeid og aktivitet og delta i samfunnet. Det vet vi har negative konsekvenser for mange. Det er også viktig for samfunnet. Får vi ned sykefraværet med ett prosentpoeng, til det nivået vi hadde før pandemien, er det 15 mrd. kr i gevinst for samfunnet. Det er ikke 15 mrd. kr som bare er 15 mrd. kr, det er 15 mrd. kr vi kan investere i bedre velferd. Jeg vet f.eks. at partiet Rødt og representanten har et sterkt, lidenskapelig engasjement for en tannhelsereform. La oss prøve å få til den tannhelsereformen, men den tannhelsereformen skal finansieres. Bare for å sammenligne tallstørrelsene: Hadde vi fått ned sykefraværet med ett prosentpoeng, har Rødt finansiert tannhelsereformen sin. Så store tall snakker vi her om. Arbeids- og inkluderingsministeren har hatt på høring forslag som ikke bare innebærer at vi som er i jobb, kanskje må være litt mer fleksible og kunne gjøre litt andre oppgaver for å komme tilbake på arbeid enn de vi hadde da vi ble sykmeldt, men det ligger også der nye forpliktelser for arbeidsgiverne, i at de i større grad må tilrettelegge og være sitt ansvar bevisst, og så følger jeg opp med fastlegene. Her er ingen syndebukker, men alle må bidra."
2026-05-27,refs-202526-05-27,Møte onsdag den 27. mai 2026,Statsråd Jan Christian Vestre,NA,NA,replikk,"Statsråd Jan Christian Vestre [11:25:16]: Premisset for spørsmålet bærer litt preg av at dette bare skyldes arbeidsgiverne, at vi ikke kan gjøre noen ting i fastlegeordningen, og at vi ikke kan gjøre noen ting i arbeidslivet ellers – eller at vi arbeidstakere ikke også kan være lite grann mer fleksible. La oss f.eks. si at man jobber i kommunen og gjør tungt fysisk arbeid i uteseksjonen eller parkseksjonen, og så blir sykmeldt på grunn av muskel- og skjelettplager eller ryggplager og dermed ikke kan gjøre tungt arbeid. Det kan jo tenkes at det i en kortere periode er noen andre oppgaver i kommunen som en kan gjøre og er kvalifisert for, som gjør at man kommer seg raskere tilbake i arbeid. Det vil være bra for den enkelte som kommer inn i arbeid igjen, det vil være bra for fellesskapet, og det vil være veldig bra for kommunen også, fordi det er mangel på arbeidskraft. Jeg mener vi ikke må kortslutte den debatten før vi har startet den ved å si at vi utelukker å se på det. Det Arbeiderparti-regjeringen utelukker å se på, er sykelønnsordningen. Den ligger fast. Blir du syk, skal du ha grunnleggende inntektssikring. Det er helt uaktuelt for oss å rokke ved det, men vi må være villig til å vurdere andre tiltak for å få sykefraværet ned, og det er det vi nå gjør."
2026-05-27,refs-202526-05-27,Møte onsdag den 27. mai 2026,Statsråd Jan Christian Vestre,NA,NA,replikk,"Statsråd Jan Christian Vestre [11:27:21]: Jeg mener vi kan ha flere tanker i hodet samtidig. Som jeg også har sagt: I denne sykefraværspakken mener jeg at vi absolutt bør betale fastlegene for å ha mer tid med pasientene sine. Det mange fastleger forteller oss, er at de trenger bedre beslutningsstøtte, men de sier også at på en 20 minutters konsultasjon, som er det de får takste i dag, er det ikke tid til å ta opp alt det representanten – veldig prisverdig – nevner her. Dette er jo supersentrale spørsmål som må svares ut, men det er ikke mulig å gjøre det på 20 minutter. Jeg mener at vi ikke må straffe fastlegen og si at de ikke får betalt, og at de skal jobbe gratis, når en unngår en sykmelding fordi den graderes eller en får dette inn på et mer konstruktivt spor. Her er det først og fremst rett og slett bare å ta på alvor det fastlegene har sagt. Det har over tid vært slik at vi skal ha graderte sykmeldinger som hovedregel, men det er bare 39 pst. av dem som graderes. Da vil jeg at fastlegene veldig kort skriver i journalen hvorfor de ikke graderer – så har de tatt den runden, og da stoler jeg på at den vurderingen er riktig."
2026-05-27,refs-202526-05-27,Møte onsdag den 27. mai 2026,Seher Aydar,R,Left,hovedinnlegg,"Seher Aydar (R) [11:38:29]: «Den krevende situasjonen på fødeavdelingene blir ekstra tydelig om sommeren. Selv om flest barn blir født i sommermånedene, stenger sykehus hvert år ned fødetilbudet i ferien. Det gir lengre reisevei, mer usikkerhet og mindre forutsigbarhet for gravide. Dette er en kjent utfordring hvert eneste år, men likevel mangler det et skikkelig krafttak for å være bedre forberedt til neste sommer. Skal regjeringa slå seg til ro med at føde- og barselavdelingene er så tynt bemannet at de ikke er i stand til å drifte ved ferie?»"
2026-05-27,refs-202526-05-27,Møte onsdag den 27. mai 2026,Statsråd Jan Christian Vestre,NA,NA,hovedinnlegg,"Statsråd Jan Christian Vestre [11:39:05]: Norge er et av verdens tryggeste land å føde i. Det skulle også bare mangle. Men det at det er trygt, er ikke godt nok for meg, det skal også være god tilrettelegging og god omsorg, og den fødende kvinnen skal oppleve å bli sett og at helsepersonellet har tid til henne. Det er veldig viktig. Så mye er bra, men vi har også her store utfordringer foran oss. Dem jobber vi med å løse, blant annet gjennom tipunktsplanen for bedre svangerskap, føde og barsel, som vi er i full gang med å gjennomføre. Så vet vi at det er stor aktivitet ved mange fødeinstitusjonene samtidig som det skal avvikles sommerferie. Det stiller selvfølgelig krav til bemanningsplanlegging og prioritering. Det viktigste er at vi har et forsvarlig tilbud, og at det er en forsvarlig ferieavvikling. For å få dette til å gå opp samtidig, for helsepersonellet vårt fortjener jo også ferie, har det vært vanlig å stenge noen fødeavdelinger slik at det er tilfredsstillende bemanning på de avdelingene som holdes åpne. Det er to fødeavdelinger ved UNN, Narvik og Harstad, og to fødeavdelinger ved Helgelandssykehuset, Mo i Rana og Sandnessjøen, som har alternerende stenging i sommer. I tillegg vet vi at fødestuen i Brønnøysund er midlertidig stengt for fødsler, og det er begrunnet i en kritisk bemanningssituasjon og krav til forsvarlighet. UNN opplyser at de vekselsvis har stengt fødeavdelingene i Narvik og Harstad de siste elleve årene for å kunne gjennomføre ferieavvikling for de ansatte. Ordningen er evaluert flere ganger. Praksisen har ikke medført alvorlige hendelser, men det er helt riktig, som representanten påpeker i innlegget sitt, at det innebærer noe lengre transport for enkelte av de fødende. Transportavstanden mellom de to byene har heldigvis blitt kortere som følge av endret infrastruktur i ofotenområdet, men en forskjell er det jo. Helgelandssykehuset har praktisert alternerende sommerstenging av fødeavdelingene i Helgelandssykehuset Mo i Rana og Sandnessjøen fra helt tilbake til 2013. Denne ordningen ble etablert fordi sykehuset hadde utfordringer med å få tak i tilstrekkelig kjent personell for å drifte begge avdelingene gjennom sommeren. Denne utfordringen er fortsatt gjeldende. Det er jordmor i beredskapstjeneste til stede når fødeavdelingen er stengt. Sykehuset gjør dette for å sikre befolkningen et godt tilbud ved at det er fast, kjent personell til stede i begge fødeavdelingene. Det har ikke vært flere uheldige hendelser i periodene med alternerende stenging. Det er helseforetakene som har ansvaret for å sørge for forsvarlig bemanning. De har lang erfaring med å planlegge fødetilbudet om sommeren, og det viktigste tiltaket er å lage gode bemanningsplaner. Enkelte steder er det nødvendig å stenge en fødeinstitusjon i kortere perioder om sommeren for at lovpålagt ferie kan avvikles forsvarlig. I de tilfellene skal det selvfølgelig være et like godt fødetilbud et annet sted, og en vil da alltid tilstrebe å holde reiseavstandene så korte som overhodet mulig."
2026-05-27,refs-202526-05-27,Møte onsdag den 27. mai 2026,Seher Aydar,R,Left,replikk,"Seher Aydar (R) [11:44:11]: Jeg må være enig i at helseministeren ikke kan hjelpe med selve fødselen, men å sørge for at rammene for at jordmødrene kan gjøre jobben sin, blir bedre, det kan helseministeren faktisk gjøre noe med. Den krisen vi ser i fødselsomsorgen, har ikke oppstått i et vakuum. Den er jo et resultat av man leker butikk i sykehusene. Det er det de fødende og jordmødrene som betaler prisen for. Dyktige fagfolk sørger for at mange har en god og trygg opplevelse når de føder. De er noen helter, og det er ikke noen tvil om det. Men mange jordmødre vurderer eller har vurdert å slutte på grunn av høyt arbeidspress og dårlig samvittighet. Det er stort press på fødeavdelinger i sommer. Det er paradoksalt at de svekkes samtidig som det er stort press. Er helseministeren enig i at fødselsomsorg faktisk er akuttmedisin, ikke et tilbud vi kan velge bort, selv om det ikke lønner seg økonomisk på kort sikt? Og er det ikke sånn at når vi vet at det er utfordringer med bemanningen, og at det betyr dårligere tilbud hver eneste sommer, at man da må gjøre noe før neste sommer?"
2026-05-27,refs-202526-05-27,Møte onsdag den 27. mai 2026,Statsråd Jan Christian Vestre,NA,NA,replikk,"Statsråd Jan Christian Vestre [11:51:08]: Absolutt, det er et helt betimelig spørsmål. Vi har om lag 10 000 somatiske sengeplasser tilgjengelig i dag. Vi bruker mer penger på helse enn stort sett alle andre land rundt oss. Heldigvis, vil jeg si, har vi et desentralisert helsetjenestetilbud. Jeg mener det også er viktig ut fra beredskapshensyn, ikke bare at det skal være trygt og godt og attraktivt å bosette seg og leve livene sine i hele Norge, det er også et viktig mål som jeg vet vi deler. Vi har mer helsepersonell enn veldig mange andre land. Vi har høyere legedekning og sykepleierdekning, og det er veldig bra. Det er villet politikk, for kvalitet og beredskap koster penger. Jeg vil si at vi stiller veldig sterkt fra starten, og jeg tror denne debatten hadde sett veldig annerledes ut i mange andre europeiske land som har vesentlig færre ressurser i helsetjenesten sin enn vi har. Hvis det kommer helt nye oppdrag som går utover det beredskapsansvaret sykehusene allerede har, f.eks. at vi må bygge ut vesentlig flere dekningsrom, mener jeg vi må diskutere om det er tiltak som vil kreve ekstrabevilgninger fra Stortinget."
2026-05-27,refs-202526-05-27,Møte onsdag den 27. mai 2026,Statsråd Jan Christian Vestre,NA,NA,replikk,"Statsråd Jan Christian Vestre [11:53:16]: Svaret på det er ja. Jeg er veldig glad for at representanten presiserte, for det er altså ikke noe akuttilbud som er flyttet fra Lærdal til Førde, det er helt riktig, som representanten sa. Jeg har full respekt for at vi har ulikt syn på den saken. Det gjelder altså elektiv ortopedisk behandling, pasienter som er planlagt uker og måneder i forveien. Mange av dem vil nå få behandlingen på sentralsykehuset i Førde, også i Sogn og Fjordane. Til gjengjeld har vi flyttet noen andre oppgaver til lokalsykehuset i Lærdal. Vi har, så vidt jeg vet, ikke lagt ned et eneste lokalsykehus. Jeg er opptatt av at vi skal opprettholde gode lokalsykehus i framtiden, men da må det også være bærekraftig tilbud der, og vi må tilpasse oss de behovene som er i befolkningen. Jeg mener at flere av de tjenestene befolkningen bruker ofte og mye, spesielt den aldrende befolkningen, med fordel kunne flyttet fra store universitetssykehus ut i distriktene, til lokalsykehusene. Jeg mener det hadde gitt bedre og mer effektiv ressursutnyttelse. Det håper jeg vi kan samarbeide om i arbeidet med den kommende helsereformen og skape noen ordentlig bra resultater sammen."
2026-05-27,refs-202526-05-27,Møte onsdag den 27. mai 2026,Statsråd Jan Christian Vestre,NA,NA,hovedinnlegg,"Statsråd Jan Christian Vestre [11:54:57]: Takk for spørsmålet. La meg først si at befolkningen over hele landet skal ha tilgang til god og lindrende behandling og omsorg når livet går mot slutten. Det skulle bare mangle. For regjeringen er det derfor viktig å sikre at vi har et likeverdig tilbud med god kvalitet som er tilpasset behovene i hele landet. Helse vest har gitt meg tilbakemelding om at Helse Bergen vil jobbe videre med tiltak for å sikre tilstrekkelig areal, god kvalitet og pasientsikkerhet for pasienter og ansatte ved kreftklinikken og palliativt senter. Målet er en ferdig utredet arealløsning innen 1. desember i år og realisering fra høsten 2027. Palliativt senter og kompetansesenter i lindrende behandling vil organiseres som egne seksjoner i kreftklinikken. Helse Bergen skal videre foreta en evaluering av flytting og organisering i løpet av 2027. Ifølge Nasjonalt handlingsprogram med retningslinjer for palliasjon i kreftomsorgen utøves palliasjon innenfor de fleste fagområder og på alle nivåer i helsetjenesten, og i stor grad utenfor de spesialiserte palliative enhetene. Retningslinjen anbefaler at palliasjon bør integreres med onkologi og andre medisinske spesialiteter tidlig i sykdomsforløpet, også der målet er helbredelse eller stabilisering av sykdommen og livsforlengelse. Det gis lindrende behandling i dag ikke bare i egne lindrende enheter, men også i ulike avdelinger der pasienten allerede er innlagt, og hjemme med støtte fra spesialisert kompetanse i lindrende team, gjerne i samarbeid med kommunale helse- og omsorgstjenester der det er aktuelt og ønskelig for pasienten. Ifølge Helse vest vil kreftklinikkens pasienter og medarbeidere ha nytte av at palliativt senter med palliativ sengepost integreres i klinikken. La meg understreke at alle som har behov for det, skal få tilbud om palliativ behandling og omsorg. Det er en veldig viktig del av helsetilbudet vårt. Et slikt tilbud er avhengig av at vi påser at tilgjengelige ressurser brukes på en bærekraftig, rettferdig og likeverdig måte. Jeg forutsetter derfor at det palliative tilbudet i Helse Bergen organiseres i tråd med faglige råd og på en bærekraftig måte for å sikre at befolkningen vår får et likeverdig tilbud om palliativ omsorg."
2026-05-27,refs-202526-05-27,Møte onsdag den 27. mai 2026,Statsråd Jan Christian Vestre,NA,NA,replikk,"Statsråd Jan Christian Vestre [11:58:36]: Som jeg sa, har Helse Bergen kommunisert at de skal gjennomføre konkrete tiltak for å sikre at det er tilstrekkelig areal, altså rett og slett nok plass til det antallet pasienter som trenger tilbudet. De skal sikre at det er god kvalitet i tilbudet, og de skal sikre pasientsikkerheten. Jeg har stor forståelse for at det er ulike meninger om dette, og jeg har ingen grunn til å tvile på at de delene av fagmiljøene som ikke er enig i denne endringen, tar feil. Jeg skjønner deres argumentasjon godt. Så er det nå engang slik at helseforetaket må gjøre en helhetlig vurdering, og de har altså kommet til at å gjøre det på denne måten vil gi et best mulig tilbud og et likeverdig tilbud til pasientene. Da er det vanskelig for meg som helse- og omsorgsminister å si at den vurderingen er feil, men vi skal selvfølgelig følge med på og sikre at kvaliteten er god, at det er tilstrekkelig kapasitet, og at pasientsikkerheten ivaretas."
2026-06-09,refs-202526-06-09,Møte tirsdag den 9. juni 2026,Margret Hagerup,H,Right,hovedinnlegg,"Margret Hagerup (H) [15:57:41] (ordfører for saken): Jeg vil takke både forslagsstillere og komité for godt samarbeid om en viktig sak. En fødsel er vel noe av det fineste en kan oppleve, men kanskje også noe av det mest skremmende. En er prisgitt den hjelpen en får av jordmødre og helsepersonell som er trent opp til å gi den enkelte kvinne og mann den beste opplevelsen. De gjør hver dag sitt ytterste for at alle skal få nettopp det. La meg først være tydelig på at det er trygt å føde i Norge, og det skal det fortsatt være. Komiteen er samstemt om at en trygg og god barselomsorg er helt avgjørende for både mor, barn og familie. Komiteen merker seg også at selv om de fleste kvinner er fornøyd med svangerskaps- og fødselsomsorgen, er det samtidig tydelige forbedringsområder, særlig i barselomsorgen og i overgangen mellom sykehus og kommunehelsetjeneste. Bemanning og tilgjengelig kompetanse er flere steder en utfordring, og behovet for bedre sammenheng i tjenestene er tydelig. Komiteen understreker derfor at utviklingen av barselomsorgen må skje kunnskapsbasert og innenfor helhetlige rammer, og med vekt på pasientsikkerhet, ressursbruk og faglig forsvarlighet. Komiteen er samlet om at kvinner skal ha et helhetlig og sammenhengende tilbud gjennom svangerskap, fødsel og barseltid, og at bedre oppfølging og styrket kvinnehelse er viktige mål. Komiteen står også samlet om at regjeringen må styrke forebyggingen og oppfølgingen av fødselsdepresjon, og ber videre regjeringen sikre at alle kvinner som har født, mottar en påminnelse via helsenorge.no om bestilling av konsultasjonstime hos fysioterapeut. Det er bra for framtidens barselomsorg at komiteen også er samstemt om at regjeringen må sørge for at kompetansen innen fødsels- og barselomsorgen utvikles, særlig med vekt på forebygging av fødselsskader, styrking av kunnskap om kvinnehelse og utvikling av beste praksis. Det er videre viktig å bygge på og forsterke eksisterende fagmiljøer og tjenester, for til tross for at tjenestene i hovedsak holder høy kvalitet, er det nødvendig å jobbe videre for å forbedre barselomsorgen i hele landet. Jeg er glad for at komiteen gir et tydelig signal om det i dag."
2026-06-09,refs-202526-06-09,Møte tirsdag den 9. juni 2026,Kai Steffen Østensen,A,Left,hovedinnlegg,"Kai Steffen Østensen (A) [16:00:02]: Barselomsorgen er svært viktig og treffer mor, barn og familie på et tidspunkt hvor de er sårbare, hvor de trenger trygge tjenester rundt seg med riktig fagkompetanse og dyktige fagfolk, og hvor den første forebyggingen i det fødte liv skjer. På kort tid kan barselomsorgen skape magi og viktig relasjonsbygging for foreldre og barn, og på kort tid kan den skape trøbbel, hvis foreldrestøtten ikke er god nok, eller tiden i tjenesten ikke strekker til. I løpet av de første 1001 dagene til et barn skjer det en ekstrem utvikling. Derfor er det viktig at politikkens rammer nettopp sørger for en helhetlig svangerskaps-, fødsels- og barselomsorg – et grunnlag som er lagt i Nasjonal helse- og samhandlingsplan, og som forsterkes med flere forslag komiteen er samstemt om i dag. Først en stemmeforklaring: Arbeiderpartiet kommer ikke til å støtte alle forslagene i denne saken – ikke fordi de ikke inneholder gode intensjoner, men fordi vi mener deler av forslagene må ses i sammenheng med både ny helsepersonellplan og arbeidet med en ny helsereform, som skal bygge ned barrierer og sikre enda bedre samhandling for dem som får helsetjenester, også i barselomsorgen. Videre støtter Arbeiderpartiet at vi intensiverer arbeidet med forebygging av fødselsdepresjon – en livskrise i en allerede sårbar situasjon. Forebygging og oppfølging av fødselsdepresjon må skje med tidlig innsats, tilgjengelig lavterskeltilbud, foreldrestøtte og bedre samhandling i tjenesten, mellom sykehus og tilbudet hjemme i kommunen. Det foregår heldigvis mye viktig fagutvikling i tjenesten i dag for å tette dette gapet – et arbeid vi må legge til grunn når vi skal tegne opp helsetjenestekartet på nytt. For kanskje kan vi knytte finansiering og organisering til et tydeligere forebyggingsløft, og kanskje kan vi klare å skape én reell dør inn, der psykisk helse og somatikk i fellesskap deltar i første vurdering for raskere å avklare videre forløp. Forslaget om å utvikle digital varsling om konsultasjonstimer hos fysioterapeut er et eksempel på utvikling vi trenger, og som bygger på nybrottsarbeidet med å pushe seksukerskontroll på familier med nyfødte barn. Et annet eksempel handler om enda bedre oppgavedeling. Vi støtter derfor at vi nå vurderer om jordmødre kan få utvidet rett til å henvise til spesialisthelsetjenesten og samtidig forskrive medikamenter som er svangerskapsrelaterte. Med faglig forsvarlighet som bunnlinje kan det bidra til at vi bruker våre menneskelige ressurser og fagkompetansen de har, enda bedre. Jeg vil takke komiteen og saksordføreren samt fagforeninger og fagmiljø som har gitt oss innspill i denne saken. Det har bidratt til at vi nå forsterker innsatsen for en tryggere barselomsorg og fortsetter å tette gapet i tjenesten. Nybakte foreldre skal oppleve at fellesskapet stiller opp for dem. Det trenger små liv, som fortjener den beste starten vi kan gi – en start som varer livet ut."
2026-06-09,refs-202526-06-09,Møte tirsdag den 9. juni 2026,Julia Brännström Nordtug,FrP,Right,hovedinnlegg,"Julia Brännström Nordtug (FrP) [16:03:18]: Norge er, og skal fortsatt være, et trygt land å føde i. De fleste er i dag godt fornøyd med fødselsomsorgen, og det er bra, men det er også tydelige forbedringsområder, og aller sterkest kommer det til uttrykk i barselomsorgen. Fremskrittspartiet vil sikre at familier opplever gode fødetilbud og barseltilbud, uansett hvor de bor i landet. For å få til det mener Fremskrittspartiet at det ikke er behov for flere handlingsplaner, det er behov for handling. Vi trenger flere jordmødre, vi trenger flere barnepleiere, vi trenger flere barselsykepleiere. Vi trenger å styrke laget både på sykehuset og i kommunehelsetjenesten. Det kan løses med flere studieplasser, det kan løses med å styrke kompetansen om barsel og fødsel, og det kan løses med penger til bemanning. Jordmødre og andre yrkesgrupper trenger flere kollegaer, og det koster penger. I dag havner mange av de ansatte på fødeavdelingene og i barselomsorgen i et krysspress som er vanskelig å stå i over tid, som gjør at enkelte slutter. Da er det et klokt hode og et sett kompetente hender som forsvinner, og en kollega som savnes. Når det skjer mange nok ganger, gjør det bemanningssituasjonen svært krevende. Da kan ikke fødeavdelingene fortsette å være underfinansiert, og det er på tide å endre hvordan fødeavdelingene i dag finansieres. Jeg er glad for at Stortinget i dag uttrykker et ønske om bedre oppfølging av fødselsdepresjon, en påminnelse om seksukerskontrollen og hvor viktig den er, og et tilbud om fysioterapi. Kroppen er ulik, men for mange er kroppen et før og etter fødsel. Vi trenger flere barselsykepleiere. Det er startet en utdanning for det, og det er bra, for det tror vi det trengs flere av. Færre og færre kvinner møter jordmor på barsel. Det er ansatt mange sykepleiere på barsel, og mange av dem har et stort engasjement for faget. Mange søker seg også videre til å bli jordmødre. Det mener Fremskrittspartiet er bra, men det fører også til turnover, og vi tror at det trengs flere barselsykepleiere. Fremskrittspartiet støtter forslagsstillerne i at det er en viktig målsetting at alle kvinner opplever én-til-én-oppfølging under aktiv fase av fødselen. De som har født selv, kan nok fortelle om hvor viktig det er, både for den enkelte og for tryggheten til mor, barn og far, og at forløpet under fødsel er mer kontrollert da, og opplevelsen etterpå bedre. Men å gjøre det til en rettighet er ikke å anerkjenne virkeligheten slik den er. Vi er enige om at det mangler jordmødre, og det vil Fremskrittspartiet gjøre noe med, men nærmest uavhengig av hvor mange jordmødre vi ansetter på føden, vil det kunne oppstå samtidskonflikter. En stille vakt kan brått bli veldig travel. Vi klarer ikke å kontrollere når alle fødsler skjer."
2026-06-09,refs-202526-06-09,Møte tirsdag den 9. juni 2026,Seher Aydar,R,Left,hovedinnlegg,"Seher Aydar (R) [16:13:09]: Problemene i føde- og barselomsorgen er ikke noe nytt. Vi har sett den negative utviklingen over flere år og fra regjering til regjering. Det er et resultat av at vi driver sykehus som butikk. Konsekvensene av dette er det de fødende og jordmødrene som må betale prisen for. Markedstenkningen i sykehusene har bidratt til kortere liggetid og nedprioritering av tid og omsorgskrevende oppgaver. Dette systemet taper bl.a. føde- og barselomsorgen på. I sykehusutvalgets rapport ble det løftet fram hvordan innsatsstyrt finansiering har bidratt til redusert liggetid for noen pasientgrupper, og for fødende kvinner har liggetiden gått jevnt nedover. Det på høy tid at vi begynner å drive sykehus som de er ment, nemlig til velferd, ikke til inntjeningskrav og kunstige økonomiske insentiver. Nedgangen i liggetid etter fødsel fører til at mange kvinner reiser fra fødeavdelingen før amming er etablert. For dem som kan amme, men ikke får den hjelpen de trenger, skaper det en tøff start, særlig for de førstegangsfødende. Det må være nok bemanning til å følge barselkvinnene i barselavdelingene. Ammehjelpen gjør en utrolig viktig jobb som veldig mange er evig takknemlige for i dag. Samtidig må vi huske at det er en frivillig organisasjon som har begrensede ressurser. Barselavdelinger og helsestasjoner må fortsatt ta sin del av ansvaret. Jordmødrene er tydelige: De opplever et altfor høyt arbeidspress og har ansvar for flere kvinner samtidig, også når de er i aktiv fødsel. Halvparten melder om samvittighetsstress knyttet til at de ikke klarer å gi én-til-én-omsorg. Da må bemanningen legge til rette for at det er mulig. Fødsels- og barselomsorgen i Norge er på mange områder fortsatt på verdenstoppen, og det skal vi være stolte av. Men varsellampene blinker, og de har egentlig blinket ganske lenge. Sommeren er her, og det er en periode vi vet det er særlig krevende på fødeavdelingene. Vi vet også at de som føder om sommeren, opplever at informasjon om egen helse og barnet i barseltiden er dårligere enn ellers i året. Jeg håper denne sommeren kan være annerledes når vi ser tilbake på den. Jeg er bekymret for stengte eller ubemannede fødetilbud rundt i landet, for det vitner egentlig om et større problem når vi ikke er i stand til å drifte vanlig ved ferie. Dyktige fagfolk sørger for at veldig mange har gode og trygge opplevelser. Det må vi ikke glemme. De er noen utrolig gode helter, men mange jordmødre og andre yrkesgrupper som jobber i føde- og barselavdelingene, vurderer å slutte på grunn av høyt arbeidspress og dårlig samvittighet. Det er en trend vi er nødt til å snu – til det beste for arbeidsfolk og for fødende."
2026-06-09,refs-202526-06-09,Møte tirsdag den 9. juni 2026,Julia Brännström Nordtug,FrP,Right,replikk,"Julia Brännström Nordtug (FrP) [16:25:58]: Nok folk på jobb er helt avgjørende for å utvikle og bevare kvaliteten i helsetjenesten, slik at kvinner får en god oppfølging både før, under og etter fødsel. Det meldes om rekordmange fødsler på Kalnes sykehus i fjor, og det ligger ikke an å bli noen færre i år, heller tvert imot. Det er egentlig veldig gode nyheter. Det meldes samtidig om flere fødsler med komplikasjoner. Flere fødende blir nå lagt på dobbeltrom, og det er ikke en god løsning på et sykehus som er bygd for enerom, for å si det forsiktig. Likevel forteller de ansatte om at de har færre folk på jobb. Kalnes sykehus er ikke alene om dette. Hva tenker statsråden om situasjonen sykehuset nå står i, og har statsråden gjort nok for å sikre at vi har nok personell og nok penger til å løse oppgavene som fødeavdelingene står overfor?"
2026-06-09,refs-202526-06-09,Møte tirsdag den 9. juni 2026,Statsråd Jan Christian Vestre,NA,NA,replikk,"Statsråd Jan Christian Vestre [16:35:28]: Jeg tror ikke vi trenger en revolusjon innenfor svangerskaps-, fødsels- og barselomsorgen, og jeg vet heller ikke hvilke organisasjoner, brukere eller fagfolk som har bedt om det. Jeg har ikke tenkt å gjennomføre noen revolusjon. Jeg har tenkt å ta vare på det som virker bra, og så har jeg tenkt å gjøre noe med det som ikke virker bra. Som jeg sa i stad, kan jeg gjerne informere mer i detalj om status og framdrift i den tipunktsplanen, men jeg mener helt klart at om får vi gjennomført den, vil det være en betydelig forsterkning av vår felles, svangerskaps- fødsels- og barselomsorg. Det er en lang rekke av de tiltakene, ikke bare det som ble sagt om ammehjelp, der vi har fulgt opp med retningslinjer, vi har økt bevilgningene til Ammehjelpen, vi har gjort det vi sa vi skulle gjøre. Ikke minst har vi tiltak som handler om arbeidssituasjonen for jordmødrene, bedre ansvars- og oppgavedeling, mer bruk av riktig kompetanse på riktig sted til riktig tid, nye arbeidstidsordninger, helhetlige forløp der kommunehelsetjenesten og spesialisthelsetjenesten jobber sammen. Dette ruller vi nå ut, og det har effekt. Kvinnene og jordmødrene er fornøyd, og sykefraværet går ned. Alle ønsker mer av det samme, og da mener jeg vi skal gjøre mer av det samme."
2026-06-09,refs-202526-06-09,Møte tirsdag den 9. juni 2026,Statsråd Jan Christian Vestre,NA,NA,replikk,"Statsråd Jan Christian Vestre [16:41:28]: Jeg tenkte jeg skulle begynne med å takke representanten for å løfte et viktig tema, og for å fremme disse forslagene. Jeg er også veldig glad for at en samlet komité står bak flere av forslagene. Det mener jeg fortsatt, til tross for det noe kritiske spørsmålet. Vi kan gjerne vedta nye rettigheter, ambisjoner og løfter, men hvis det ikke er nok fagfolk i tjenestene til å levere dette, blir det på mange måter et tomt løfte. Jeg er for at alle skal få hjemmebesøk. Hvis jeg ikke husker feil, får vel ni av ti kvinner som har født, besøk hjemme – noen av jordmor og noen av helsesykepleier. I praksis får nesten alle besøk. Sykehusene prøver også, så langt det lar seg gjøre, å legge til rette for at en skal ha god oppfølging, og at det skal være nok folk til stede under aktiv fødsel. Så kan det skje ting på en fødeavdeling når det er mange som skal føde samtidig. Det kan oppstå komplikasjoner. Noen kan ha sykefravær. Det kan være ting en ikke har tatt høyde for eller klart å planlegge godt nok for. Da må sykehusene kunne gjøre de prioriteringene som er medisinsk riktige."
2026-06-09,refs-202526-06-09,Møte tirsdag den 9. juni 2026,Statsråd Jan Christian Vestre,NA,NA,replikk,"Statsråd Jan Christian Vestre [16:45:41]: Takk for spørsmålet. Heldigvis holder de aller fleste fødeavdelingene åpent gjennom sommeren, men det har over mange år – til alle tider, tror jeg – vært sånn at noen må feriestenge. Det skyldes rett og slett at også jordmødre og alle dem som jobber på fødeavdelingen og barneavdelingene, også har krav på ferie. De bør også ha ferie, for sitt eget ve og vel, for arbeidsmiljøet og for helse, miljø og sikkerhet. Da er det ikke alltid at en klarer å få inn vikarer eller på annen måte å organisere dette tilbudet på en sånn måte at tilbudet kan opprettholdes uendret gjennom ferien. Vi har noen sykehus noen steder i landet som har lang erfaring med dette. I en ideell verden hadde det vært veldig positivt hvis en kunne ha ordinære åpningstider, men på grunn av ferieavviklingen må en ta disse grepene. Det er veldig viktig å understreke at det er like trygt å føde, og vi har gode erfaringer med dette. Det er god beredskapsplanlegging på dette, og det er ikke noe nytt fenomen. Det har vært sånn veldig lenge, og det går bra."
2026-06-09,refs-202526-06-09,Møte tirsdag den 9. juni 2026,Tom Staahle,FrP,Right,hovedinnlegg,"Tom Staahle (FrP) [16:50:10]: Norge skal være verdens tryggeste land å føde i. Likevel møter mange kvinner en barselomsorg som varierer betydelig, avhengig av hvor de bor. Det er et tankekors, og det er et ansvar for helseministeren å rydde opp i. Når mange kvinner opplever oppfølgingen etter fødsel som tilfeldig, og for mange kvinner går med plager som ikke ble fanget opp eller behandlet i tide, er det noe både helseministeren og helseforetakene må ta på alvor. Vi trenger en sterkere barselomsorg. Det vi ikke trenger, er flere handlingsplaner, strategier og utredninger. Det vi trenger, er konkrete tiltak som vil gi bedre tjenester til mødre og familier. Jeg har selv hatt gleden av å gi barselomsorg, selv om det er noen år siden. Jeg erfarte at kvinner har ulike ønsker, ulike behov og ulike erfaringer, men alle er opptatt av å kjenne trygghet, både i svangerskapet og under og etter fødsel. Fremskrittspartiet er opptatt av at kvinner skal få raskere hjelp, bedre oppfølging og større valgfrihet. Vi ønsker flere jordmødre, bedre bemanning og en god og trygg barselomsorg som er tilgjengelig når behovet oppstår, uavhengig av hvor man bor. Mange kvinner opplever plager etter svangerskap og fødsel som påvirker hverdagen i lang tid. Derfor har FrP støttet tiltak som skal sikre bedre informasjon og oppfølging etter fødsel, bl.a. digitale påminnelser om fysioterapi og seksukerskontroll. Dette er enkle, men effektive grep som kan bidra til at flere får den hjelpen de trenger. Vi ønsker også å styrke jordmødrenes rolle. Jordmødre besitter høy kompetanse, og det mest naturlige er at de da sikres større mulighet til faktisk å bruke den. Derfor har FrP tatt til orde for å vurdere sykmeldingsrett ved svangerskapsrelaterte plager og støtter utvidede fullmakter til henvisning og forskrivning av relevante medisiner. Det vil gi raskere hjelp til gravide, og det vil bidra til å avlaste fastlegene. Det er mange utfordringer innen helsesektoren, og ikke alle utfordringer løses ved å vedta nye rettigheter eller å pålegge nye nasjonale ordninger. For Fremskrittspartiet handler god barselomsorg om resultater. Løsningen er flere jordmødre – eller jordfedre – og barselsykepleiere. Til det trenger vi flere studieplasser, ikke bare gode intensjoner."
2026-06-09,refs-202526-06-09,Møte tirsdag den 9. juni 2026,Margret Hagerup,H,Right,hovedinnlegg,"Margret Hagerup (H) [16:55:49]: Det er ingen tvil om at fødsler engasjerer, og det kan bli en lang fødsel hvis vi skal definere resten av kveldens debatter ut fra dette engasjementet. La meg understreke at Norge har en god fødsels- og barselomsorg. Men det betyr ikke at alle de historiene som har blitt fremmet fra talerstolen i dag, ikke er sanne. Høyre mener at hovedutfordringen i dag er mangel på sammenheng, kapasitet og tempo i forbedringsarbeidet, men også differensiering. Når vi snakker om fødsler, er det viktig å erkjenne at det er stor forskjell på en førstegangsfødende og en person som er inne for andre eller tredje gang. Og det er dessverre ikke så lett å styre om en skal føde i juli eller ikke, men det er nå engang sånn at juli er den travleste tiden å få barn på, det har jeg erfart flere ganger. Men uavhengig av antall barn kan en ha større behov i forbindelse med barn nummer to, tre eller fire fordi det er ting en trenger oppfølging av. Det er ingen tvil om at barseltiden er en særlig sårbar fase, der en må sørge for at en også kan få oppfølging etter at en har reist hjem fra sykehuset, hvis en trenger det. Jordmødre står i et ganske stort arbeidspress mange steder. Høyre mener derfor at rammene for fødselsomsorgen må endres, og at en må se på hvordan en finansierer dette. Når finansieringen i stor grad er knyttet til aktivitet, tar en ikke innover seg at fødselsomsorgen er en beredskapstjeneste. Det bør i større grad lønne seg å legge til rette for gode fødselsforløp med minst mulig behov for unødvendige inngrep. Derfor mener vi at regjeringen må utrede innføring av forløpsfinansiering, for å sikre bedre kontinuitet og mer helhetlige tjenester. Vi må også bruke kompetansen i helsetjenesten bedre. Vi må gi jordmødrene større handlingsrom og mer tillit, og vi må se på oppgavedelingen. Vi forventer derfor at regjeringen følger opp Helsepersonellplan 2040 med konkrete tiltak som styrker jordmortjenesten og bidrar til en mer helhetlig svangerskaps-, fødsels- og barselomsorg. Det er også behov for bedre systemer etter fødsel. For mange kvinner i dag har fødselsskader som avdekkes for sent, eller får ikke nødvendig oppfølging etter fødsel. Dette må bli bedre. Målet må være enkelt: En trygg barseltid skal ikke være avhengig av hvor en bor. Det skal være trygt å føde i hele landet. Men jeg tror at uavhengig av hvor godt barseltilbud en klarer å få til, må vi også erkjenne at det er store forskjeller med tanke på når på året folk velger å få barn, og at det er et ekstra press i juli. Vi må sørge for at jordmor- og fødselstilbudet kan være den beredskapstjenesten det skal være, og at en klarer å håndtere ulikheter i inntak av fødende kvinner og fedre som venter i spenning. Høyre er glad for at komiteen er ganske samstemt. Nå har vi hatt forslag både fra Senterpartiet og fra KrF som har skapt stort engasjement, og jeg vil si at vi flytter oss litt nærmere en bedre barselomsorg for hver sak. Jeg er glad for at vi har en del enighet i komiteen om mange av disse forslagene."
2026-06-09,refs-202526-06-09,Møte tirsdag den 9. juni 2026,Kathy Lie,SV,Left,hovedinnlegg,"Kathy Lie (SV) [16:59:03]: Tiden går fort når man har det gøy, og det har vi når vi diskuterer dette, for det er helt klart at svangerskaps-, føde- og barseltilbudet er noe som engasjerer oss alle sterkt. Det jeg tenkte å si noe om, er presset som er på føde og barsel, og liggetiden på sykehus, som er presset ned til et absolutt minimum. For noen fungerer det helt fint, men mange, særlig førstegangsfødende, kjenner på en stor usikkerhet, og altfor mange sendes hjem før de har fått i gang ammingen. Derfor mener SV at det bør være mulig for fødende å bli på sykehuset til ammingen er etablert, i tillegg til at alle helsestasjoner bør bli klassifisert som ammekyndige. Så vet vi at der det finnes, er det gode erfaringer med mor-barn-vennlige sykehus. Vi mener dette bør bli et tilbud på alle fødeenheter. Det har vært mye snakk om samarbeid mellom fastleger og jordmødre og hvor tungvint det er at barselkvinner i dag får én oppfølging av jordmor, mens de må til fastlegen for å få henvisninger til spesialisthelsetjenesten eller få resept på svangerskapsrelaterte medisiner. Det er også vurderinger og diskusjoner rundt om jordmødre bør få rett til å sykmelde. I det forslaget vi har her i dag, er vi enige om at henvisningsrett og foreskrivningsrett skal vurderes. Så er det noe mer motstand når det gjelder rett til å sykmelde. Det er kanskje noe vi bør diskutere når vi skal behandle den kommende helsepersonellplanen. I likhet med flere talere her i dag er vi i SV glad for de forslagene som blir vedtatt i denne saken, sammen med gjennomslagene i saken vi nylig behandlet om jordmødre. Vi har tro på at vi kan få en bedre svangerskaps-, føde- og barselomsorg i Norge. Det avhenger av at vedtakene følges godt opp. Det avhenger av at det utdannes flere jordmødre. Det avhenger av at grunnbemanningen på føde- og barselavdelingene økes, slik at det er flere folk på jobb. Og det avhenger av at flere jordmødre ansettes i hele, faste stillinger. Ikke minst avhenger det av en styrking av både helsesykepleier- og jordmortjenesten i kommunene. Det er tross alt hjemme i kommunen de fleste nybakte foreldre plutselig står alene med ansvaret og hele verden dreier seg om det nyfødte barnet. Da er det viktig at vi sørger for at mor blir ivaretatt. Mor trenger den støtte og hjelp hun kan få, når det gjelder både de fysiske og de psykiske utfordringene etter en fødsel. Det er jo sånn at hele familien samler seg om den store gleden ved det nye barnet, og det skal man jo, og så sitter kanskje ofte en nybakt mor igjen med plager som hun ikke får hjelp med. Det håper jeg vi kan ta litt mer tak i, for det er det mange som har erfaring med og har slitt med i mange år etter fødsel."
2026-06-09,refs-202526-06-09,Møte tirsdag den 9. juni 2026,Ida Lindtveit Røse,KrF,Center,hovedinnlegg,"Ida Lindtveit Røse (KrF) [17:08:38]: Statsråden sa i replikkutvekslingen at ni av ti får hjemmebesøk, men det er å sminke på tallene. En tredjedel får altså ikke hjemmebesøk av jordmor. På sommeren får halvparten ikke besøk, og jeg reagerer veldig på at statsråden faktisk ikke tar dette på alvor og ikke ser forskjellen på å få besøk av en helsesykepleier og en jordmor og ikke ser forskjell på de ulike oppdragene som en helsesykepleier har på hjemmebesøk, og en jordmor har på hjemmebesøk. Og så skulle man tro, ut fra statsrådens argumentasjon, at det var i distriktskommuner dette var en stor utfordring, men det er ikke det heller. I sentrale strøk har man utfordringer med å sikre hjemmebesøk, og da handler det ikke kun om rekruttering. Det handler om at sykehusene kutter, og derfor blir det lavere liggetid i sykehusene på grunn av økonomi, og det kuttes i kommunene. Derfor får man heller ikke hjemmebesøk. Jeg vil også understreke viktigheten av å endre finansieringsmodell. Nå er det altså sånn at det lønner seg i sykehusene at fødslene går raskt, og at det er mer medisinske inngrep. Når det er dårlig bemannet, og når det er stress på avdelingen, endrer dette faktisk hele fødselsomsorgen, uten at det egentlig er villet, men fordi vi har den finansieringsmodellen vi har. Jordmorstyrte avdelinger legges ned, og terskelen for medisinske inngrep reduseres. Derfor er dette forslaget om forløpsfinansiering viktig. Det er sånn at hvis vi mener det ikke er greit at en jordmor har ansvaret for to kvinner i aktiv fødsel samtidig, må vi faktisk gjøre noe med det og ikke bortforklare det, og det er nettopp dét våre forslag tar til orde for. Til slutt vil jeg bare løfte fram forslag nummer fem om keisersnitt og å likestille det med andre helt like operasjoner. Nok gang ser vi hvordan det kvinner må igjennom, får en annen stilling i helsevesenet enn andre typer operasjoner. Det undrer meg at oppfølgingen og rettighetene tilknyttet keisersnitt altså er dårligere enn tilsvarende operasjoner. Det er helt uforståelig og viser en veldig tydelig forskjellsbehandling at inngrepet og konsekvensene av keisersnitt egentlig ikke tas på alvor. Jeg vil også benytte anledningen til å nevne forslag 6 og 7 fra SV, Senterpartiet og Rødt, og forslag 8 fra Senterpartiet. Der ligger vi ikke inne i innstillingen, men vi vil støtte de tre forslagene."
2026-06-09,refs-202526-06-09,Møte tirsdag den 9. juni 2026,Kjersti Toppe,Sp,Center,hovedinnlegg,"Kjersti Toppe (Sp) [17:13:02]: Til representanten Dalin: Mi klare erfaring er at det er på dei store kvinneklinikkane ein har problem med å gi éin-til-éin-omsorg, det er ikkje på dei små fødeavdelingane. Når det gjeld å greia ut dette, er det allereie ei sterk fagleg anbefaling. Det står òg at ein skal dimensjonera bemanninga etter det for å oppnå det, så vi treng ikkje å greia det ut. Når vi føreslår ei rettsfesting, er det fordi vi har stått på denne talarstolen i så mange år og spurt og sagt at dette må ein faktisk no få til. Det er veldig mange andre ting ein gir som ein rett i norsk helsevesen, men altså ikkje dette. Vi vil gi kvinner tryggleik. Utan samanlikning elles: Vi har rettsfesta at ein skal kunne ha med seg ein støtteperson, men det er altså veldig gale å rettsfesta at ein skal ha jordmor hos seg når ein føder."
2026-06-09,refs-202526-06-09,Møte tirsdag den 9. juni 2026,Ragnhild Bergheim,A,Left,hovedinnlegg,"Ragnhild Bergheim (A) [17:16:31] (ordfører for saken): Først vil jeg takke helse- og omsorgskomiteen for godt samarbeid i saken, og så alle som har bidratt med høringsinnspill. Komiteen er samlet om at vaksinasjon er et av de mest effektive og best dokumenterte tiltakene vi har i folkehelsearbeidet. Over tid har vaksiner bidratt til mindre sykdom, økt levealder og lavere helseutgifter. Samtidig peker komiteen på at hvordan vaksiner vurderes, finansieres og tas i bruk, er annerledes enn for legemidler for øvrig. Vaksiner i vaksinasjonsprogrammet finansieres direkte over statsbudsjettet, og beslutninger om nye vaksiner er derfor politiske og en del av budsjettprioriteringen. Komiteen mener videre det er behov for forbedringer. Det handler både om mer effektive og forutsigbare beslutningsprosesser og om å sikre høy vaksinasjonsdekning i befolkningen. Et flertall bestående av Arbeiderpartiet, SV, Senterpartiet, Rødt og MDG fremmer derfor forslag om å legge til rette for raskere og mer forutsigbare prosesser og styrke ordninger som kan øke vaksinasjonsdekningen og videreutvikle den automatiske påminnelsesordningen. Vi ønsker også en vurdering av om flere vaksiner kan settes f.eks. på apotek og på legekontor. Arbeiderpartiet vil særlig understreke betydningen av et helhetlig og ansvarlig system for innføring av vaksiner. Vi deler målet om rask tilgang på effektive vaksiner. Samtidig er det avgjørende å bevare demokratisk kontroll over prioriteringene i helsetjenesten. I dag er det Stortinget som gjennom statsbudsjettet avgjør hvilke vaksiner som inngår i de nasjonale programmene. Forslag om automatisk innlemmelse vil flytte viktige prioriteringsbeslutninger bort fra denne demokratiske behandlingen, og Arbeiderpartiet mener det ikke er riktig, særlig fordi beslutningen ofte innebære betydelige og varige budsjettkonsekvenser. Samtidig er vi opptatt av at systemet må bli bedre. Derfor støtter vi arbeidet med å forenkle og forbedre prosessen, slik at vaksiner som oppfyller tydelige kriterier, kan behandles raskere uten at det går på bekostning av forsvarlige prioriteringer. Vi er også opptatt av bedre tilgjengelighet. Økt bruk av fastleger, apotek og andre aktører kan bidra til høyere vaksinasjonsdekning innen trygge rammer. Videre bør en vurdere om finansierings- og refusjonsordninger kan utvikles slik at særlig risikogrupper får raskere og mer likeverdig tilgang. Arbeiderpartiet står altså bak komiteens tilråding. Vi ønsker et bedre, mer effektivt, men samtidig demokratisk forankret system for innføring av vaksine."
2026-06-09,refs-202526-06-09,Møte tirsdag den 9. juni 2026,Kathy Lie,SV,Left,hovedinnlegg,"Kathy Lie (SV) [17:25:48]: Vaksiner har i mange år vært et viktig folkehelsetiltak og har ført til at befolkningen har kunnet beskytte seg mot alvorlige sykdommer. Flere sykdommer som mange døde av tidligere, ser vi omtrent ikke lenger i Norge på grunn av iherdig arbeid med vaksinasjonsprogrammer og massevaksinering av særlig barna våre. Utvikling og innføring av nye vaksiner har ført til mindre sykdom og lavere helseutgifter, noe som er bra både for samfunnet og for den enkelte. Det er likevel en utfordring at ikke alle vaksiner er gratis. Noen er faktisk så dyre for folk at en del ikke har råd til dem. Et aktuelt eksempel er RS-vaksinen til gravide, som koster rundt 2 500 kr. Det skaper et klasseskille i helse som går ut over dem som har dårlig råd. I en tid med økende forskjeller i samfunnet ser vi at dette også i høy grad gjelder helsa til folk. Vi vet allerede at folk som lever i fattigdom, med dårlige levekår, har dårligere helse, noe som forsterkes av manglende mulighet til å forebygge visse sykdommer. Derfor mener vi at alle vaksiner som er anbefalt av Direktoratet for medisinske produkter og Folkehelseinstituttet, bør være gratis og tilgjengelig for alle og bør innfases i nasjonale vaksineprogrammer. Hvilke vaksiner som skal være gratis for alle, er også et budsjettspørsmål. Derfor må det prioriteres. Sammen med Rødt fremmer vi derfor forslag om at regjeringen må gå gjennom hvilke vaksiner som er anbefalt, og starte med en innfasing av disse i vaksinasjonsprogrammet. Det rød-grønne flertallet i denne sal står sammen om at det må gjøres en gjennomgang for å forbedre systemet for vurderinger og beslutninger om finansiering av vaksinetilbud. Vi er også enige om behovet for å styrke ordninger som kan øke vaksinasjonsdekningen i befolkningen, sørge for, så langt det er mulig, at folk får en automatisk påminnelse om når de bør vaksinere seg, og å se på hvordan ulike helsepersonell kan bidra til at flere blir vaksinert. Vi vet jo f.eks. at apotekene sier de kan utføre langt flere vaksinasjoner. Apotek finnes på de fleste tettsteder, nær der folk til vanlig handler og får utført ulike tjenester, og mange har utvidede åpningstider. Et stort utvalg av høringsinnspillene til denne saken handler nettopp om å sørge for lik tilgjengelighet av anbefalte vaksiner til hele befolkningen. Helsesykepleierne, Norsk Sykepleierforbund, Landsforeningen for hjerte, lunge og hjerneslag og Forum for forebyggende infeksjonsmedisin, FIRM Norge, understreker i sine høringsinnspill at bred og likeverdig tilgang til vaksiner for hele befolkningen vil bidra til å redusere sosiale og geografiske helseforskjeller og avlaste pressede helsetjenester. I en tid da nettopp helsetjenestene våre skriker etter mer penger og mer folk for å klare å levere på sitt oppdrag, behandle alle syke, redusere ventetider og holde den kvaliteten som er nødvendig for å levere de beste helsetjenestene til innbyggerne våre, mener vi det er på tide å gjøre en større innsats for å forebygge sykdom og utjevne helseforskjellene i landet vårt. Jeg tar opp forslaget fra SV og Rødt."
2026-06-09,refs-202526-06-09,Møte tirsdag den 9. juni 2026,Statsråd Jan Christian Vestre,NA,NA,hovedinnlegg,"Statsråd Jan Christian Vestre [17:39:53]: Regjeringen deler langt på vei problembeskrivelsen i representantforslaget. Jeg synes også det er positivt at forslagsstillerne løfter et viktig tema. Vi mener at vaksiner som er anbefalt av Direktoratet for medisinske produkter, DMP, og Folkehelseinstituttet, FHI, bør vurderes raskt, og jeg er helt enig i at det er gode grunner til å vurdere om dagens system for beslutning om offentlig finansiering av vaksiner kan innrettes mer hensiktsmessig og mer effektivt enn i dag. Derfor har vi allerede igangsatt flere prosesser for å forbedre systemet for vurdering, finansiering og gjennomføring av vaksinasjonstilbud. Målet er at dette skal legge til rette for at vi får nettopp raskere og mer forutsigbare beslutningsprosesser, slik også forslagsstillerne ønsker seg. Vi har bl.a. fått på plass en påminnelsesordning for vaksiner i voksenvaksinasjonsprogrammet. Den har vært en stor suksess, og jeg ønsker å videreutvikle denne påminnelsesordningen. En utvidelse av påminnelsesordningen kan være med andre vaksiner, f.eks. oppfriskningsvaksinasjon hos voksne av vaksiner man har fått i barnevaksinasjonsprogrammet, der det er teknisk mulig, men det forutsetter selvfølgelig tilstrekkelig vaksinetilgang, og at det er kapasitet hos dem som tilbyr vaksinene. Regjeringen vil derfor også jobbe videre med å se på hvordan fastlegene kan benyttes bedre i vaksinasjonsarbeidet. Det varslet vi i stortingsmeldingen om framtidens allmennlegetjenester. Vi vil også se på hvordan andre aktører, herunder f.eks. apotekene, kan benyttes mer i vaksinasjonsarbeidet framover. Jeg støtter komiteens tilråding og vil på vanlig måte sørge for at departementet følger opp dette i sitt videre arbeid."
2026-06-09,refs-202526-06-09,Møte tirsdag den 9. juni 2026,Julia Brännström Nordtug,FrP,Right,replikk,"Julia Brännström Nordtug (FrP) [17:41:53]: Statsråden har satt ned helsereformutvalget, og mye av den jobben som skal gjøres der, er å se på hvordan vi skal innrette helsetjenestene framover og møte en aldrende befolkning, også med den helsepersonellmangelen vi står overfor. Samtidig sier statsråden ofte at hvis vi bruker mer penger på vaksiner, har vi mindre penger til noe annet, men er det sant? Mange av disse vaksinene vil jo spare oss for ressursbruk i andre enden – også i helsepersonell og i rene kroner og øre. Hva tenker statsråden om ressursene som brukes i helsevesenet som kunne vært unngått ved bedre vaksinasjonsprogrammer?"
2026-06-09,refs-202526-06-09,Møte tirsdag den 9. juni 2026,Marius Langballe Dalin,MDG,Center,hovedinnlegg,"Marius Langballe Dalin (MDG) [18:38:35]: Eg har sjølv tallause gonger behandla alvorleg sjuke barn og skadde og opplevd kva det gjer både med foreldre og oss som helsearbeidarar. Å måtte sjå eit barn døy som vi har jobba for å redde, og sjå kor fortvila foreldra blir, er det tøffaste eg opplever som lege. Å sjå eit hjelpelaust barn på intensivavdelinga med all verdas slangar og respirator er heilt grufullt for nybakte foreldre. RS-infeksjon er ein sjukdom som gjer at 1000–2000 barn leggjast inn årleg, og mange treng også respirator for å overleve. Når vi veit at det finst gode alternativ, er det fortvilande at vi ikkje har fått dette på plass før. At foreldre skal måtte oppleve å sjå det alvorleg sjuke barnet sitt på respirator i dagevis, at barneavdelingane blir overbelasta og helsepersonell fortvilar over å ikkje få gjeve barna så god behandling og pleie som dei kunne ha fått, er heilt unaudsynt. Her har regjeringa ikkje hatt den framdrifta dei burde hatt. Det er trist for alle dei spedbarna og komande foreldra som går ein usikker virussesong i møte. Heldigvis er vi alle einige om at vi treng RS-vern så raskt som råd. Difor er det nesten flaut å late som ørsmå skilnader i dei to forslaga er det det handlar om. Vi er jo eigentleg heilt einige om kva vi skal, og eg synest representanten frå Raudt la dette fram på ein fin måte nettopp. Det er likevel skuffande at Senterpartiet skryter av eit eige vedtaksforslag som kjem heilt utan pengar og inndekking. Det blir ikkje meir virusvern om vi ikkje kan betale for det. Når det kjem utan pengar, betyr det lengre ventetid før vi har det på plass. MDG løfta RS-virusvern i budsjettforhandlingane no fordi vi meinte det var den gode måten å gjere det på. Då kunne vi fått RS-vern allereie i november i år. Diverre nådde ikkje kravet vårt opp i forhandlingane. Det er trist for dei det gjeld, spedbarn og nybakte foreldre, at vi ikkje fekk meir støtte for kravet vårt i forhandlingane – difor står vi her no. Vi vil sjølvsagt ikkje gløyme saka, men tvert imot ta det med oss så vi får det på plass så raskt som råd. No er det på overtid å finne pengane, så vi kan kome i gang med å redde dei som er mest sårbare, frå livstruande RS-virusinfeksjonar. Vi har ikkje råd til å la vere."
2026-06-09,refs-202526-06-09,Møte tirsdag den 9. juni 2026,Anne Grethe Hauan,FrP,Right,hovedinnlegg,"Anne Grethe Hauan (FrP) [20:15:49]: 524 dagar er den gjennomsnittlege ventetida norske pasientar må igjennom før nye legemiddel blir tilgjengelege gjennom det offentlege helsevesenet. 524 dagar er ikkje berre eit tal. Det er 524 dagar med venting, 524 dagar med smerte, 524 dagar der sjukdom kan utvikla seg mens systemet vurderer, reknar og greier ut. Dette handlar om den såkalla terskelverdien – eit teknisk omgrep som dei aller fleste ikkje har høyrt om. Men konsekvensane er svært konkrete. Terskelverdien seier noko om kva samfunnet er villig til å betala for nye behandlingar og legemiddel. Problemet er at denne verdien har stått stille sidan 2015, som det er blitt sagt veldig mange gonger her. På elleve år har prisane stige, kostnadene har stige, budsjetta har stige, men terskelverdien står framleis fast. Det betyr i praksis at betalingsviljen blir mindre år for år. Behandlingar som kunne blitt godkjende tidlegare, risikerer no å falla utanfor. Det er ikkje fordi legemidla nødvendigvis er blitt dårlegare, det er fordi systemet ikkje har halde tritt med røynda. Framstegspartiet meiner ikkje at me skal kasta pengar ut vindauget, me skal framleis stilla krav. Me skal framleis forhandla hardt, og me skal framleis ha respekt for skattebetalaranes pengar. Men me må òg ha respekt for pasientanes tid. For kva hjelper det at saksbehandlinga går raskare dersom pasientane framleis ikkje får tilgang til behandlingar? Kva hjelper det med nye utgreiingar dersom resultatet er at folk må venta endå lenger? I denne saka får me høyra at me må venta på meir kunnskap, at me må venta på nye utgreiingar, at me må venta på nye utrekningar. Pasientane har allereie venta nok. Når Kreftforeininga, Legeforeininga og pasientorganisasjonar og ei rekkje fagmiljø ropar varsku, bør me lytta. Det handlar om menneske som ventar på behandling, som kan gje betre helse, betre livskvalitet og i enkelte tilfelle fleire leveår. Regjeringa seier dei treng meir tid. Problemet i denne saka er ikkje at regjeringa manglar tal, problemet er at pasientane går tomme for tid."
2026-06-09,refs-202526-06-09,Møte tirsdag den 9. juni 2026,Seher Aydar,R,Left,hovedinnlegg,"Seher Aydar (R) [20:44:18] (ordfører for saken): Denne saken handler om lokalsykehus og ulike tilbud som skaper mye engasjement, og jeg regner med at de ulike partiene redegjør for sitt syn, men jeg vil først takke forslagsstillerne for forslaget og komiteen for samarbeid. Lokalsykehusene er det nærmeste sykehustilbudet for befolkningen. Det er en av grunnmurene for helsetjenesten å sikre både beredskap og behandling av vanlige sykdommer som folk trenger behandling for. Det har vært mange sykehuskamper der lokalbefolkningen og ansatte ofte har stått sammen for helsetilbudet sitt og lokalsykehuset sitt, og det har skapt frustrasjon at styreledere og direktører langt unna virkeligheten lokalt eller på sykehuset har tatt avgjørelser over hodene på folk, og at viktige avgjørelser om helsetilbud tas i styrerom av noen som aldri har vært på valg. Lokalsykehusstrukturen er et politisk ansvar. Det trengs mer demokrati og mindre sentralisering. De ulike forslagene i saken gir egentlig uttrykk for situasjonen i Sykehus-Norge på ulike steder i landet. Det gjelder blant annet Ringerike sykehus og den foreslåtte flyttingen av all urologisk virksomhet, og å stoppe prosessen med fag- og funksjonsfordeling i Vestre Viken og sikre at en eventuell ny prosess ikke fører til sentralisering. På Stord har helseforetaksledelsen besluttet å fjerne døgnvakt for radiologer uten styrebehandling. Det bør være et minimum at eventuelle endringer skjer i samarbeid med ansatte etter grundige risikoanalyser. Det er også uro i Møre og Romsdal, som er bekymret for helsetilbudene på grunn av kravene til kutt, og flere steder i landet skjer det en nedbygging av distriktspsykiatriske sentre, særlig ved at døgntilbud sentraliseres, for eksempel i Tynset og Troms. Alle runder med sykehuskamper bidrar også til å skape usikkerhet, både for lokalbefolkningen og for ansatte som skal bosette seg i distriktene. Vi må tenke på samfunnsmessige konsekvenser, og vi må ta et helhetlig ansvar. Dagens organisering og finansieringsmodell må endres. Helt til slutt vil jeg også nevne at i revidertforliket går Arbeiderpartiet, Senterpartiet, Rødt, SV og MDG inn for at lokalsykehus skal brukes aktivt i ventetidsprosjektet for å utnytte kapasiteten i sykehusene bedre, og at det er et mål å utvikle og styrke det desentraliserte sykehustilbudet i Norge, flytte mer av den elektive virksomheten ut til lokalsykehus og styrke den lokale akuttberedskapen. Det er også en viktig del av helseberedskapen siden lokalsykehus kan ha både bemanning, kapasitet og utstyr til å utføre planlagte behandlinger på dagtid. Jeg håper at dette flertallet vil bety en styrking av lokalsykehusene også i framtiden, og at vi kan redde så mye som reddes kan. Jeg vil ta opp de forslagene Rødt er en del av."
2026-06-09,refs-202526-06-09,Møte tirsdag den 9. juni 2026,Truls Vasvik,A,Left,hovedinnlegg,"Truls Vasvik (A) [20:47:36]: Arbeiderpartiet deler engasjementet for sterke lokalsykehus og gode helsetjenester nær folk. Det har vi alltid stått for. For innbyggerne handler dette om å vite at hjelpen finnes når du trenger den, og at helsetjenesten er til stede uansett hvor i landet man bor. Lokalsykehusene har en sentral rolle i vår felles helsetjeneste. De er viktige for beredskap, for nærhet til tjenester og for samspillet mellom sykehusene og den kommunale helse- og omsorgstjenesten. I en tid med flere eldre, knapphet på helsepersonell og økte beredskapsbehov blir denne rollen enda viktigere. Samtidig mener Arbeiderpartiet at helsetjenesten må utvikles helhetlig. Vi kan ikke planlegge sykehusene våre stykkevis og delt. Lokalsykehus, større sykehus, ambulansetjeneste, fastleger, kommunale tjenester og psykisk helsevern må ses i sammenheng. Målet må være trygge, tilgjengelige og faglig gode tjenester i hele landet. Derfor mener vi at arbeidet med helsereformen må brukes til å tydeliggjøre hvilken rolle mindre sykehus skal ha framover. Det gjelder oppgavefordeling mellom sykehus, samspill med kommunene og ambulansetjenesten og hvordan ressursene fordeles. Arbeiderpartiet er opptatt av sterke lokalsykehus, men vi mener ikke at én modell nødvendigvis passer overalt. Norge har store forskjeller i geografi, reiseavstander, pasientgrunnlag og tilgang på personell. Derfor må vi ha rom for gode lokale løsninger, der pasientsikkerhet, kvalitet og beredskap ligger fast. Når det gjelder Ringerike sykehus, mener Arbeiderpartiet at endringer i funksjonsfordelingen ikke samlet sett må svekke tilbudet til befolkningen. Ringerike er et viktig lokalsykehus for et stort omland. Derfor mener vi at det må vurderes om deler av urologitilbudet kan opprettholdes der, og om flere planlagte pasienttilbud kan desentraliseres til lokalsykehuset. Også i Vestre Viken må fag- og funksjonsfordelingen vurderes bredt. Det handler ikke bare om sterke fagmiljøer, men også om pasientenes reisevei, lokalsykehusenes rolle og behov for å redusere ventetider. Innen psykisk helse er vi opptatt av at det fortsatt skal være døgnkapasitet på Tynset i samarbeid med kommunen. Det tror vi er en løsning flere steder med fordel kan benytte seg av, med bedre samhandling mellom spesialisthelsetjenesten og kommunene. Vi forstår Tynset-samfunnets ønske om at hvis vi først skal gjøre dette, må vi sikre et visst omfang. Så vidt jeg vet, er det framskrevne behovet satt til omtrent to plasser. Arbeiderpartiets linje er klar. Vil vi ha sterke lokalsykehus, tjenester nær folk og trygghet i hele landet. Men vi må bygge helsetjenesten på faglighet, pasientsikkerhet og realistiske løsninger for framtiden. Lokalsykehusene skal ikke svekkes. De skal videreutvikles som en viktig del av vår felles offentlige helsetjeneste. Jeg tar opp de forslagene som Arbeiderpartiet er en del av."
2026-06-09,refs-202526-06-09,Møte tirsdag den 9. juni 2026,Stig Atle Abrahamsen,FrP,Right,hovedinnlegg,"Stig Atle Abrahamsen (FrP) [20:50:20]: Dette er en viktig sak. Det handler litt om hvordan sykehusene våre egentlig skal være organisert – de sykehusene som er de lokale, nære sykehusene. Den intensjonen deler Fremskrittspartiet med forslagsstilleren. Dette er ikke den første saken som har kommet opp i Stortinget om at vi ser at lokale tilbud blir redusert eller lagt ned, og at det spesielt rammer lokalsykehusene i distriktene. Det handler om at vi i dag ikke har et system som finansierer sykehusene tilstrekkelig. Dette bunner i den gjeldskrisen som regjeringen har satt norske sykehus i. Det at man ikke fra Stortingets side betaler for utbygging eller helt nødvendige investeringer, har ført til at helseforetakene går med kraftige underskudd. Da kommer disse forslagene opp på bordet om å legge ned, kutte ned på bemanning og ta vekk ting som man trenger for å ha gode, robuste fagmiljøer, fordi man skal spare penger for å betale renter og avdrag inn til staten. Det er i og for seg også der løsningen ligger. Det handler om å rydde opp i sykehusøkonomien framfor å lage flere nye planer, definere nye kategorier eller framheve lokalsykehusene som sådan. Men det som også alltid er spennende i disse sakene, er at det alltid kommer fram noen gode forslag nede i helseforetakene. Det er nok flere fra Fremskrittspartiet som kommer til å peke på noen av dem. Jeg vil peke på det forslaget som handler om Stord sykehus. På dette sykehuset er det nå snakk om at radiolog kun skal være til stede to dager i uken. Hvordan skal man kunne bygge et fagmiljø hvor man jobber sammen og finner løsningene for pasientene når store deler av fagmiljøet ikke er tilgjengelige? Der må vi faktisk bare sette ned foten. Det er ikke greit, og uttalelsene som kommer fra leger på Stord sykehus, er: Hvordan skal vi kunne jobbe her hvis vi ser at myndighetene ikke prioriterer det å ha gode fagmiljøer, sånn at man kan jobbe godt på tvers for å gi pasientene den best mulige behandlingen? Vi kommer til å støtte de konkrete forslagene som vil utgjøre en forskjell, men vi går ikke inn for noen nye utredninger eller nye modeller. Her kreves det handling. Jeg tar opp forslaget fra Fremskrittspartiet."
2026-06-09,refs-202526-06-09,Møte tirsdag den 9. juni 2026,Margret Hagerup,H,Right,hovedinnlegg,"Margret Hagerup (H) [20:53:44]: Målet for Høyres helsepolitikk er å skape pasientens helsetjeneste, der systemet bygges rundt pasientens behov. Det handler om en helsetjeneste med forutsigbare rammevilkår, hvor det er fag som leder retning. Sterke lokalsykehus, gode helsetjenester nær folk og en helsetjeneste som er rustet for framtiden, er avgjørende for å lykkes med en bærekraftig helsetjeneste. Uenigheten handler vel ofte om hvordan vi kommer dit. For Høyre er det avgjørende at utviklingen av sykehusene bygger på faglige vurderinger, pasientsikkerhet og kvalitet. Derfor mener vi det er klokt å avvente arbeidet til helsereformutvalget. Fordi utfordringene i helsevesenet henger sammen, trenger vi helhetlige vurderinger av organisering og oppgavedeling, personell og ressursbruk før vi trekker de store konklusjonene. Derfor er denne innstillingen ganske interessant, for på tvers av flere partier blir det argumentert for at Stortinget ikke bør foregripe helsereformutvalgets arbeid. Arbeiderpartiet viser til utvalget, Miljøpartiet De Grønne viser til utvalget, og LOs høringsinnspill trekker fram som begrunnelse at vi må avvente helhetlige vurderinger før vi fatter nye vedtak. Det er i utgangspunktet et syn som Høyre deler, men så skjer det noe merkelig. Samtidig som disse partiene argumenterer for at vi må vente på utvalgets konklusjoner, fremmer de egne forslag om hva konklusjonene bør være. Arbeiderpartiet og Miljøpartiet De Grønne ber regjeringen utrede en ny kategori sykehus. Arbeiderpartiet fremmer forslag om å tydeliggjøre hvilken rolle og funksjoner mindre sykehus skal ha i framtiden. Det fremmes forslag om konkrete føringer for funksjonsfordeling, organisering og utvikling av sykehustilbudet, og flere forslag griper langt inn i helseforetakenes styringsmandat. Da blir spørsmålet naturlig: Har regjeringen gitt opp helsereformutvalget før det har levert? Eller er helsereformutvalg i ferd med å bli et vandrende seminar, som alle viser til, samtidig som de politiske konklusjonene trekkes underveis? Hvis vi virkelig mener alvor med at utvalget skal gi et helhetlig kunnskapsgrunnlag, må vi også være villige til å lytte til det før vi begynner å definere svarene. For Høyre er dette et prinsipielt spørsmål. Vi mener ikke at Stortinget skal detaljstyre hvilket miljø som skal ligge hvor, hvilke funksjonen hvert enkelt sykehus skal ha, eller hvordan den medisinske oppgavedelingen skal organiseres. Slike beslutninger må bygge på faglige vurderinger og ses i sammenheng med kvalitet, rekruttering, beredskap og pasientsikkerhet. Det betyr ikke at lokalsykehusenes rolle er uviktig. Tvert imot: De er avgjørende både for beredskap, nærhet til tjenester og tilliten til helsetjenesten i landet. Men nettopp derfor fortjener de jo mer enn symbolpolitikk og enkeltstående politiske markeringer i alle retninger. De fortjener beslutninger som bygger på kunnskap, helhetlige vurderinger og et langsiktig perspektiv. Det ryktes at helsereformutvalget er like om hjørnet. Enten mener vi at de skal få gjøre jobben sin, eller så mener vi det ikke. Høyre mener det. Med det tar jeg opp Høyres forslag."
2026-06-09,refs-202526-06-09,Møte tirsdag den 9. juni 2026,Kathy Lie,SV,Left,hovedinnlegg,"Kathy Lie (SV) [20:57:06]: Hvem vil ikke ha det helsetilbudet de trenger, nær der de bor? Hvem vil ikke slippe å reise langt når de trenger helsehjelp? Og hvem har ikke et ønske om at akkurat det tilbudet har den beste kompetansen? Lokalsykehus er en vesentlig og svært viktig del av den norske helsetjenesten. I mange tilfeller er det avgjørende for hvor folk vil – og kan – bo. Lokalsykehusene er også en viktig del av helseberedskapen vår, både i krig og fred. Nå står helsetjenesten i et stadig press på økonomi og bemanning. Helseforetakene snur hver stein for å spare penger, og mange opplever at deres helsetilbud blir truet av flytting eller nedleggelse. Sånn skaper usikkerhet for om man får den hjelpen man trenger, når man trenger den. Samtidig som flere store arbeider er i gang for å se på hvordan helsetjenesten vår best skal organiseres, vedtar styrene i helseforetakene å legge ned tilbud innen psykiatrien, flytte poliklinikker og andre behandlingstilbud fra ett sykehus til et annet – uten noen politisk forankring og uten tanke på hva som kommer. Til høsten skal helsereformutvalget levere en helhetlig utredning med anbefalinger. Derfor reagerer vi når vi i mellomtiden ser en bit for bit-nedlegging av viktige lokale tilbud. Her på Stortinget blir vi fortvilet. Det arrangeres folkemøter, og vi ser at lokale folkevalgte kjemper med nebb og klør for sitt sykehus og sine helsetilbud. Det kan sies at vi er uansvarlige og populistiske når vi fremmer og støtter ulike forslag om å opprettholde enkelttilbud lokalt. Det er klart vi står i et alvorlig dilemma. Mye av dette handler om helseforetaksmodellen, hvor vi organiserer sykehusene våre som en bedrift som helst skal tjene penger – og i hvert fall ikke gå med underskudd. Det handler om finansieringsmodellen, som kobler investering og drift, og det handler om mangel på demokratisk styring og kontroll. En av de nærmeste dagene får vi overlevert til Stortinget regjeringens Helsepersonellplan 2040. Her inviteres vi til å være med og vedta hvordan vi best mulig kan sikre at vi har nok og riktig helsepersonell i årene framover. Midt oppe i dette står vi i en spagat mellom stykkevis og delt eller helhetlig tilnærming. Vi er påvirkelige og lar oss bevege. Derfor støtter vi flere av forslagene om å bevare helsetilbud som trues av nedleggelse, i håp om å redde helsetjenestene nær folk og arbeidsplasser lokalt og hindre kompetanseflukt i distriktene. SV støtter opprettholdelsen av DPS på Tynset, Storslett og Storsteinnes, og at det skal være radiologer på døgnvakt på Stord. Vi støtter at Ringerike sykehus fortsatt skal beholde deler av urologitilbudet sitt, og at Vestre Viken skal vurdere nærhet til tjenestene, opprettholdelse av gode fagmiljøer og tiltak som reduserer ventetidene i prosessen med fag- og funksjonsfordeling. Vi varsler også nå at vi vil stemme for forslag nr. 7, fra Arbeiderpartiet og MDG, og det løse forslaget, nr. 16, fra Høyre."
2026-06-09,refs-202526-06-09,Møte tirsdag den 9. juni 2026,Kjersti Toppe,Sp,Center,hovedinnlegg,"Kjersti Toppe (Sp) [21:00:14] (leiar i komiteen): Mens vi ventar på helsereformutvalet, risikerer vi at norske sjukehus vert sentraliserte i sund, og at vi får ei bit-for-bit-nedlegging av viktige lokalsjukehusfunksjonar. Det kan vi ikkje sitja og sjå på. Lokalsjukehusa er ein grunnmur i helsetenesta vår og kan behandla om lag 70 pst. av pasientane som treng sjukehusbehandling, og like mange kan verta ferdigbehandla på lokalsjukehusnivå. I ei tid der helse- og omsorgsministeren har bedt norske sjukehus om å førebu seg på krise og krig, er det viktig at vi får fleire og ikkje færre fullverdige lokalsjukehus. Vi meiner at lokalsjukehus som eit minimum må sikrast døgnberedskap og breiddekompetanse innan medisin, kirurgi, anestesi, røntgen og laboratorietenester, i tillegg til ei fødeavdeling der det er slikt i dag, og at ein må ha eit breitt tilbod av planlagde dagtenester, men no opplever vi at mange føretak planlegg eller gjennomfører sentraliseringar av slike tenester. På Ringerike sykehus i Vestre Viken har ein allereie flytta all urologisk aktivitet til Bærum. Det betyr ein reduksjon i kirurgisk aktivitet på om lag 40 pst. på Ringerike sykehus, og ei dramatisk svekking av heile lokalsjukehuset. Helseføretaket har òg sett i gang ein prosess med såkalla fag- og funksjonsfordeling, der verken akutt- eller fødefunksjonar er skjerma, noko som vil kunna gå ut over lokalsjukehusa, særleg på Ringerike og Kongsberg. På Stord sjukehus har dei nyleg fått svekt tilbodet ved at radiologar ikkje lenger skal gå i vakt. Det er gjort utan at dei tilsette har vorte involverte, og utan at ein har sett på konsekvensane av eit sånt vedtak for resten av sjukehusdrifta. På Tynset vart DPS-en lagd ned 6. mars, og vi ser at nedbygginga av DPS-døgnplassar skjer over heile landet. I Møre og Romsdal varslar føretaket at ein må sjå på strukturendringar. Volda sjukehus vert sett i spel, og det er forslag om nedlegging av døgnplassar ved dei distriktspsykiatriske sentera i Kristiansund og Molde. I Senterpartiet er vi tydelege på at vi ikkje kan godta ei slik bit-for-bit-nedbygging av lokalsjukehusfunksjonar og viktige helsetilbod i distrikta, og tap av breiddekompetanse og beredskap må vi no stoppa. Med bakgrunn i forslaget vil eg ta opp dei forslaga som Senterpartiet har åleine. Utanom det vi har signalisert at vi vil støtta av lause forslag, vil eg varsla at vi subsidiært stemmer for forslag nr. 4, 5 og 9 i innstillinga."
2026-06-09,refs-202526-06-09,Møte tirsdag den 9. juni 2026,Marius Langballe Dalin,MDG,Center,hovedinnlegg,"Marius Langballe Dalin (MDG) [21:03:33]: Eg har som generellkirurg og mangeårig medlem i spesialitetskomiteen vore brennande oppteken av breiddekompetanse og eit godt akuttkirurgisk tilbod ved alle akuttsjukehusa våre, store som små, og eg har besøkt godt over halvparten av dei med spesialitetskomiteen. Breiddekompetanse er noko av det aller mest krevjande ein kan tileigne seg. Det krev betydeleg erfaring. Å bli kjempegod på noko som er veldig lite, er mykje enklare og dessverre det som indirekte blir mest påskjønt. Det er synd, så sånn sett støttar eg varmt overskrifta i dette forslaget. Men så er det ein gong sånn at faglegheit, pasientsikkerheit og kvalitet bør liggje til grunn for dei avgjerdene vi tek, og der begynner det straks å sprikje litt, for det å lure folk i distrikta med eit dårleg tilbod er det siste eg ønskjer – heller ikkje i sentrale strøk, sjølvsagt. Når det gjeld detaljane i forslaget, meiner eg vi heller bør ha eit overordna blikk på helsetenesta, der vi lager tydelege rammer, men overlèt til fagfolk å organisere. Vi er einig i at dagens føretaksmodell må forkastast og erstattast av noko betre, men i påvente av dette kan vi ikkje helle barnet ut med badevatnet. Då blir det detaljstyring med potensielt alvorlege konsekvensar for pasientane. Erfaringa mi, som lege, med detaljstyring frå Stortinget er ikkje god. Det gjev ofte uheldige prioriteringar som rammar pasientane. DPS i Troms har Stortinget teke stilling til før. Det er eit stort behov for å styrkje psykiatrien i Troms, men då er det faktisk døgnplassar ein bør leggje størst vekt på. Her har fagmiljøet sjølv lagt ein plan for dette, og skal denne kunne gjennomførast, er vi avhengige av å samle faglege ressursar. Vi har fått sterke åtvaringar frå fagmiljøet mot å rokke ved den planen som er lagd. Akuttsjukehus treng radiologisk kompetanse i vakt. Dette kan løysast på veldig mange måtar. Vi klinikarar er i dag vande med å gjere ultralyd sjølve, og digitale moglegheiter gjer det lett å få hjelp i sanntid med CT og røntgen sjølv om radiologen er mange mil unna. På Stord har ein til no hatt ein «vikarstafett», som no har sagt opp, og dei har ingen radiologar som kunne ha gått i denne vakta. Eg har fått tydelege åtvaringar mot å gripe inn i ein kompleks lokal prosess. Det kan gjere vondt verre for Stord sjukehus. Når det gjeld Ringerike og urologi, så er urologi faget mitt, og vi meiner vi bør strekkje oss langt for å få urologiske tenester på Ringerike, med poliklinikk og gjerne dagkirurgi og nyresteinskirurgi. Eg har ikkje fått ei einaste tilbakemelding frå urologar om dette, men vi trur ikkje at vi på Stortinget er dei rette til å detaljregulere urologien i Buskerud ved å insistere på status quo, det kan gjere vondt verre. Resten får eg kome tilbake til i neste innlegg."
2026-06-09,refs-202526-06-09,Møte tirsdag den 9. juni 2026,Ida Lindtveit Røse,KrF,Center,hovedinnlegg,"Ida Lindtveit Røse (KrF) [21:06:49]: Det er helt grunnleggende for folks trygghet og for beredskapen vår at vi har gode og tilgjengelige lokalsykehus. Det bekymrer meg veldig at en presset økonomi bidrar til at tilbud legges ned, uten at det er noe faglig grunnlag for det. Hele omstruktureringen og hvordan helsetjenestene våre skal se ut framover, vil være en viktig del av helsereformutvalget og arbeidet med oppfølgingen av det, og det er nettopp der disse problemstillingene hører hjemme. Det er veldig kritisk hvordan de store investeringskostnadene og rentene legger press på og nå tvinger fram kutt i driften. KrF er mot den finansieringsmodellen. Vi mener at investeringer og drift må skilles, sånn at ikke slike investeringskostnader gjør at driften blir skadelidende. Penger trylles ikke fram med vedtak i Stortinget. Forslagene til kutt ulike steder kommer på bakgrunn av behovet for å kutte for å få budsjettene i balanse. Om Stortinget vedtar at enkeltkutt ikke skal vedtas, er det andre kutt som tvinges fram, og konsekvensen av disse har ikke blitt lagt på bordet. KrF har i vårt alternative budsjett lagt inn langt mer penger. Jeg er mot alle de kuttene som kommer basert på finansieringsmodellen vår. Det er mer penger enn det regjeringen har lagt fram, og det som ligger i budsjettforliket. Heller ikke nå, i revidert budsjett, kommer det mer penger, og det er kritikkverdig i den situasjonen sykehusene våre står i. Med det utgangspunktet gjør det det veldig vanskelig å støtte forslagene som gjelder helt spesifikke tilbud, for man ser ikke hva slags alternative kutt som kommer, og som egentlig er vurdert å gjøre enda mer skade. Vi støtter forslag nr. 16, fra Høyre, som er en del av det løse forslaget vi tidligere har vedtatt. Kutt får konsekvenser. Det vil være å føre folk bak lyset om man sier at kutt ikke skal gjennomføres, men heller ikke legger penger på bordet. Når det gjelder situasjonen i Møre og Romsdal, men også andre steder, er den kritisk. Det som kan løse situasjonen, er mer penger på bordet, en ny finansieringsmodell og en styrking av sykehusene – ikke disse forslagene, som bare vil være noe på papiret, og som ikke vil kunne gjennomføres i praksis."
2026-06-09,refs-202526-06-09,Møte tirsdag den 9. juni 2026,Statsråd Jan Christian Vestre,NA,NA,hovedinnlegg,"Statsråd Jan Christian Vestre [21:10:03]: La meg først få takke representanten Toppe for å reise en viktig debatt. Lokalsykehusene engasjerer – og det med rette. De betyr mye for trygghet, beredskap, nærhet og tilgjengelighet i hele vårt langstrakte land. Lokalsykehusene har også en sentral rolle i samspillet mellom spesialisthelsetjenesten og kommunene. Regjeringen deler absolutt ønsket om å videreutvikle spesialisthelsetjenestetilbudet i hele landet. Målet vårt er at pasientene skal møte en mer tilgjengelig, mer sammenhengende og mer desentralisert helsetjeneste. Vi ser at det kan være gode grunner for å flytte mer av tjenestene folk bruker ofte, nærmere der de bor – når det er faglig riktig. Samtidig må vi være tydelige på at dette sannsynligvis ikke løses med én modell eller ett minstekrav for alle sykehus. Nærhet er viktig, men det er også kvalitet, pasientsikkerhet, tilgang på personell og det at vi har bærekraftige, kompetente fagmiljøer. Derfor må løsningene tilpasses lokale og regionale forhold. Regjeringen har sammen med Senterpartiet pekt ut en tydelig retning gjennom Nasjonal helse- og samhandlingsplan, og vi arbeider nå med en ny helsereform. Helseforetakene både regionalt og lokalt arbeider med nye og oppdaterte utviklingsplaner for neste fireårsperiode. Helsereformutvalget som regjeringen har nedsatt, vil i sitt arbeid også berøre lokalsykehusenes rolle og oppgavefordeling. Jeg mener det er riktig å la dette arbeidet få danne grunnlaget, framfor å binde det opp i en egen lokalsykehusplan nå. Når det gjelder Ringerike sykehus og prosessen i Vestre Viken, må vurderingene også her ivareta både robuste fagmiljøer, nærhet til tjenestene og behovet for å redusere ventetider. Samtidig ligger det fast at dagens fødetilbud skal opprettholdes i planperioden, gitt forsvarlig drift. Regjeringen følger opp Stortingets vedtak om en plan for videre utvikling av distriktspsykiatriske sentre i hele landet. Sykehuset Innlandet og Tynset kommune samarbeider nå om nye løsninger med samlokaliserte døgnplasser. Dette er nettopp den typen samhandling vi ønsker mer av i årene framover. Regjeringens retning er klar: Vi satser på spesialiserte tjenester i kombinasjon med å utvikle desentraliserte tilbud, vi vil styrke samhandlingen på tvers av alle nivåer, og vi skal sammen bidra til at folk i hele landet møter en helsetjeneste som er trygg, som er nær, og som er faglig sterk."
2026-06-09,refs-202526-06-09,Møte tirsdag den 9. juni 2026,Statsråd Jan Christian Vestre,NA,NA,replikk,"Statsråd Jan Christian Vestre [21:14:17]: Jeg skulle gjerne likt å høre ved hvilke lokalsykehus det har vært foretatt betydelige kutt i tjenestetilbudet. Det gjøres alltid tilpasninger i tilbudet, og noen oppgaver flyttes rundt. Et kjent eksempel er det ortopediske tilbudet i Lærdal, som har blitt nedskalert. Flere av operasjonene er flyttet til Sentralsykehuset i Førde, men til gjengjeld har lokalsykehuset i Lærdal fått, og får, poliklinikk innenfor hjerte og poliklinikk innenfor lunge. Det er mange tusen konsultasjoner som skal gjennomføres av avtalespesialister, og det jobbes også med ytterligere planer for å styrke det desentraliserte helsetjenestetilbudet. Tjenestene våre står i kontinuerlig omstilling. men jeg har ikke sett eksempler på at det er gjort drastiske eller store kutt i lokalsykehusene våre, for det er et mål for oss at vi skal ha gode lokalsykehus."
2026-06-09,refs-202526-06-09,Møte tirsdag den 9. juni 2026,Stig Atle Abrahamsen,FrP,Right,replikk,"Stig Atle Abrahamsen (FrP) [21:15:21]: Nedskaleringen av Lærdal sykehus er jo ett av de mange eksemplene. Når man ser at så mange av dem som jobber på sykehuset, ikke lenger skal ha en jobb der, har det noe å si for hvordan sykehustilbudet er i Lærdal. Samtidig klarer flere og flere ikke å rekruttere nok kompetanse inn, fordi det også er små stillinger, det er utfordringer med å faktisk kunne ha budsjettmidler til å dekke det det er behov for. Det har vi sett på Stord, det har vi sett i den psykiske helsetjenesten vår – ute i DPS-ene våre ser vi at det er reduksjoner. Jeg må ærlig innrømme at jeg lurer på om statsråden virkelig er av den oppfatningen at lokalsykehusene våre ikke har måttet gjennomføre noen vesentlige kutt de siste årene?"
2026-06-09,refs-202526-06-09,Møte tirsdag den 9. juni 2026,Statsråd Jan Christian Vestre,NA,NA,replikk,"Statsråd Jan Christian Vestre [21:16:25]: Som jeg sa, gjøres det omstillinger, og noen tjenester flytter rundt – jeg tok bare på alvor det representanten sa i det første spørsmålet, og det var noe slikt som at når en reiser rundt, er det kutt stort sett på lokalsykehus. Det hadde vært nyttig å høre hvilke lokalsykehus representanten henviser til, der det er store kutt. Når det gjelder radiologi på Stord sykehus – det er for øvrig et meget godt og veldrevet sykehus som vi skal utvikle for framtiden – er det, som vi har hørt tidligere i debatten, rekrutteringsutfordringer og utfordringer om å få vaktplanene til å gå opp, det er reelle utfordringer. Hadde DPS-en på Tynset vært belagt med nok pasienter, hadde den selvfølgelig blitt opprettholdt. Der er utfordringen at vi hadde en beleggsgrad på om lag 20 pst., hvis ikke jeg husker feil. Enkelte dager var det ingen pasienter der, og da må en tilpasse tilbudet, slik at flest mulig får hjelp der de faktisk bor. Det er ikke nødvendigvis negativt."
2026-06-09,refs-202526-06-09,Møte tirsdag den 9. juni 2026,Kathy Lie,SV,Left,replikk,"Kathy Lie (SV) [21:19:52]: Den 1. november kommer helsereformutvalgets utredning med forslag til organisering av hele helsetjenesten. Vi skal jobbe med helsepersonellplanen, og parallelt jobbes det med kommunekommisjonens rapport, som også griper inn i helsetjenestene i kommunene og samhandling mellom kommunene og spesialisthelsetjenesten. Nylig fikk vi en NOU, Den nye velferdskommunen, som også handler om helsetjenester bl.a. Det er saker som går i ulike komiteer og ser saker fra ulike vinkler. Jeg er litt bekymret. Det jeg lurer på er hvordan helseministeren vil sørge for at arbeidet som gjøres med alle disse planene blir helhetlig, at man unngår parallelt dobbeltarbeid, og at vi faktisk klarer å skape en god sammenheng i helsetjenesten når vi har så mange ulike planer som går parallelt."
2026-06-09,refs-202526-06-09,Møte tirsdag den 9. juni 2026,Kathy Lie,SV,Left,replikk,"Kathy Lie (SV) [21:21:45]: Takk for svaret. Apropos Prosjekt X. Det kan jo hende vi lander på at en måte å sikre helsetilbudet i distriktene på, er at flere av tilbudene gis i kommunene. I forslaget fra kommunekommisjonen foreslår man bl.a. å fjerne kompetansekravene i kommunehelsetjenesten. Det har skapt mye debatt, og det er ikke noen hemmelighet at SV synes det er en skikkelig dårlig idé. Særlig dårlig blir ideen hvis den gjennomføres før man har blitt enig om hvilke tjenester kommunene skal ha ansvar for etter helsereformen. Nå har vi ikke sett innholdet i helsepersonellplanen ennå, men jeg antar at den også inneholder grep for å rekruttere og beholde både hoder og kompetanse. Hvordan mener helseministeren at vi skal sikre kompetent helsepersonell i kommunene våre hvis det ikke finnes krav til hvilken helsekompetanse en kommune må ha når vi ikke vet hvilke oppgaver de faktisk skal løse?"
2026-06-09,refs-202526-06-09,Møte tirsdag den 9. juni 2026,Statsråd Jan Christian Vestre,NA,NA,replikk,"Statsråd Jan Christian Vestre [21:27:02]: Jeg har stor respekt for at representanten Toppe har et annet syn på dette. Jeg har stor respekt for det, men det jobber 150 000 årsverk i spesialisthelsetjenesten. Hvis regjeringen skulle gått inn på hver klinikk, hver avdeling, hvert lokalsykehus og overprøvd lokale vurderinger om hvilken bemanning en skal ha, hvilke faggrupper en skal ha der, hvordan en skal organisere tjenestene, hadde det vært en uoverkommelig oppgave, og det hadde ikke blitt bedre helsetjenester av det. Det ville i realiteten blitt en storstilt sentralisering av beslutninger, der vi skal sitte i Oslo og si at vi vet bedre enn et lokalsykehusstyre i Helse Fonna, at vi vet bedre enn Helse Førde, eller at vi vet bedre enn Finnmarkssykehuset. Jeg har faktisk tillit til at de lokale sykehusstyrene kan gjøre gode vurderinger ut fra sine lokalmiljøer og hva de har behov for. Det er grenser for hva vi skal sentralstyre fra Oslo."
2026-06-09,refs-202526-06-09,Møte tirsdag den 9. juni 2026,Statsråd Jan Christian Vestre,NA,NA,replikk,"Statsråd Jan Christian Vestre [21:30:46]: Jeg har tillit til at Helse Fonna, som er det lokale helseforetaket, finner gode løsninger. Jeg deler teknologioptimismen, og som jeg har sagt mange ganger i Stortinget før: Noe av det som gjør meg ordentlig optimistisk med tanke på hvordan vi kan utvikle lokalsykehus og lokalmedisinske senter framover, er nettopp teknologien. Der det tidligere var begrensninger, bl.a. på medisinsk-teknisk utstyr og tilgang på akuttberedskap og høyspesialisert kompetanse 24/7, kan vi nå – på grunn av digitalisering – gjøre svært avanserte prosedyrer langt borte fra de store akuttsykehusene og universitetssykehusene. Det er fantastiske framskritt, for det gjør at vi kan ha flere helsetjenester nær der folk bor. Jeg mener fortsatt det er et viktig prinsipp at det er faglige vurderinger som må ligge til grunn, ikke politiske, og de fattes best lokalt, ikke i Oslo."
2026-06-09,refs-202526-06-09,Møte tirsdag den 9. juni 2026,Joakim Myklebost Tangen,FrP,Right,hovedinnlegg,"Joakim Myklebost Tangen (FrP) [21:35:19]: Etter Framstegspartiets syn er det ei sjølvfølge at alle skal ha tilgang på eit trygt og godt helsevesen, uavhengig av kor dei bor. Dessverre ser vi til stadigheit at det kjem forslag om kutt i helsetilbodet rundt om i landet, og dette gjer oss svært bekymra. Eit skrekkeksempel er situasjonen som er i Helse Møre og Romsdal. Leiinga varslar omfattande kutt i sjukehus, psykisk helsevern og ambulanse. Dette er ikkje små tilpassingar; dette er store strukturelle endringar, og det er forslag som bidrar til ei massiv nedbygging av helsetilbodet i fylket. For innbyggjarane handlar det først og fremst om kor langt det er til nærmaste fødeavdeling. Det handlar om kor raskt ambulansen kjem, og det handlar om tryggleiken for barn og eldre og alvorleg sjuke, når kvar time og i mange tilfelle kvart minutt kan vere avgjerande. Arbeidarpartiet har styrt landet i fem år, og dei er veldig glad i å snakke om trygg og ansvarleg styring. Altså: Å sitte stille og sjå på at helsetilbodet i Møre og Romsdal blir bygd ned bit og bit er så langt frå trygg og ansvarleg styring som du kan få det. Å styre handlar om å ta ansvar. Regjeringa kan ikkje stå på sidelinja mens innbyggjarane i Møre og Romsdal risikerer å få eit mykje dårlegare helsevesen enn i resten av landet. Når alle varsellampene blinkar, er det ikkje tidspunktet for å vente og sjå – det er tidspunktet for å handle. Ja, til og med lokale arbeidarpartipolitikarar etterlyser handling frå sin eigen statsråd. Arbeidarpartiet og deira budsjettkameratar, dei som dei har inngått budsjettsamarbeid med, har likevel ikkje prioritert ei einaste krone for å berge helsetilbodet til innbyggjarane i Møre og Romsdal. Vi i Framstegspartiet tek situasjonen alvorleg, og difor har vi sett av 200 mill. kr til ei redningspakke for Helse Møre og Romsdal i vårt alternative reviderte budsjett. Den siste veka har vi sett eit massivt opprop mot dei føreslåtte kutta – frå fagforeiningar, tilsette, innbyggjarar og offentlege aktørar. Bodskapet er så krystallklart som du kan få det: Kutta må stoppast – og det no! Framstegspartiet meiner at nok er nok. Vi kan ikkje akseptere at økonomiske utfordringar skal løysast gjennom sentralisering og svekking av akuttberedskap, ambulanse- og sjukehustilbod. Innbyggjarane i Møre og Romsdal fortener akkurat det same som alle andre i landet – tryggleik for at hjelpa er der når dei treng den. Eg tek med dette opp Framstegspartiets forslag nr. 15, og så ønskjer eg å leggje inn eit tillegg i forslaget der ordet «rehabilitering» blir lagt til."
2026-06-09,refs-202526-06-09,Møte tirsdag den 9. juni 2026,Alf Erik Andersen,FrP,Right,hovedinnlegg,"Alf Erik Andersen (FrP) [21:38:22]: For meg er det naturlig å bruke Agder som et bilde i denne saken. Sykehusstrukturen i Agder er i ferd med å endre seg på en måte som ikke bare påvirker fagmiljøene, men også tryggheten til innbyggerne. Kristiansand er hovedsykehuset, og det er i ferd med å bli stadig tydeligere at avdelingene i Arendal og Flekkefjord betaler prisen for en utvikling som styres mer av økonomiske rammer enn av pasienters behov. Dette er ikke en teknisk prosess – det er et resultat av prioriteringer. Arendal er formelt et fullverdig akuttsykehus, men i praksis står de i en skvis. Funksjoner og akuttfunksjoner flyttes tidsbegrenset, nærmest etter innfallsmetoden. Det er i hvert fall sånn innbyggerne oppfatter det. Flekkefjord er kanskje det tydeligste eksempelet på hva som skjer når en region styres etter sentraliseringslogikken: Kirurgisk aktivitet reduseres. Rekrutteringen kollapser fordi fagmiljøene ikke lenger har en framtid å tilby. Akuttberedskapen i Agder er under press. Dette er ikke tilfeldige hendelser. Det er konsekvenser av en helseforetaksmodell der funksjoner trekkes mot hovedsykehuset, mens avdelingene i Arendal og Flekkefjord gradvis mister sin rolle. Når en avdeling mister funksjoner, mister den også fagfolk, og når fagfolkene forsvinner, brukes det som et argument for ytterligere nedbygging. Det blir altså en selvforsterkende spiral. Det er fullt mulig å drive en robust sykehusstruktur i Agder med tre sterke lokasjoner, men det krever politiske valg som går lenger enn å «følge faglige anbefalinger» fra et helseforetak som selv er bundet av økonomiske styringsmål. Politikere må ta stilling – og jeg spør statsråden: Skal Arendal være et reelt akuttsykehus, eller bare en avlastningsstasjon for Kristiansand? Skal Flekkefjord ha akuttkirurgi og fødetilbud, eller skal regionen akseptere at alt samles i Kristiansand? Skal avdelingene utenfor hovedsykehuset styrkes, eller skal de gradvis fases ut? Dette er valg som må tas åpent, ikke gjennom stille interne prosesser i et sykehusstyre. Derfor er Fremskrittspartiet kritisk til foretaksmodellen. Når avdelingene i Arendal og Flekkefjord svekkes, skjer det ikke i et vakuum: Det påvirker responstid ved akutte hendelser. Det påvirker tryggheten for gravide. Det påvirker kapasiteten i Kristiansand. Det påvirker rekrutteringen i hele regionen. Det påvirker muligheten til å få behandling nær hjemmet. Dette er ikke bare strukturdiskusjoner. Det er hverdagsliv. Sykehusene i Arendal og Flekkefjord står i en utvikling som ikke kan bortforklares som driftsmessige tilpasninger. Det er en styrt sentralisering som gjør hovedsykehuset i Kristiansand sterkere, men som samtidig gjør Agder som helhet svakere."
2026-06-09,refs-202526-06-09,Møte tirsdag den 9. juni 2026,Yngve Sætre,H,Right,hovedinnlegg,"Yngve Sætre (H) [21:43:47]: En god helsetjeneste er avgjørende for folks trygghet og livskvalitet. Lokalsykehusene er ryggraden i helsetjenesten i hele landet. Når helsetjenester i distriktene blir svekket og ikke erstattet, gir det direkte negative konsekvenser. Dette er tilfellet med distriktspsykiatrisk senter, DPS, på Tynset, som ble opprettet i 2001. I 2017 ble tilbudet redusert fra ti til fem plasser. I 2025 ble det redusert til to plasser. Den 1. april i år ble enheten lagt ned. Resultatet blir at mennesker i krevende livssituasjoner får betydelig lengre vei til hjelp. Nærmeste DPS blir nå rundt 20 mil unna. Åtte kommuner mister døgntilbudet sitt. I mars gikk 2 000 personer i fakkeltog i protest mot nedleggelsen. Bekymringen og engasjementet rundt DPS på Tynset er svært forståelig. Det er også meget spesielt – og etter min mening kritikkverdig – at nedleggelsen på Tynset skjer kort tid etter at et enstemmig storting 6. januar i år ba regjeringen lage en plan om å utvikle DPS-sentrene i hele Norge og hindre nedbygging av slike tilbud. Stortinget har altså bedt om at tilbudene styrkes, og så skjer i praksis det motsatte. Samtidig er ikke dette en enkel sak. Det blir fort problematisk hvis Stortinget skal gripe inn og detaljstyre tilbudene ved hvert enkelt sykehus. Det er ikke vår oppgave, og vi kan fort møte oss selv i døren. Stortingets oppgave er å gi stabile og gode rammevilkår og styre på overordnet nivå, slik vi gjorde i vedtaket 6. januar. Når det er sagt, ønsker Høyre en gjennomgang av hele DPS-ordningen, og vi etterlyser regjeringens plan for å utvikle DPS-sentrene. Det psykiske helsetilbudet må styrkes i hele landet, og en slik plan må komme raskt, av hensyn til pasienter, pårørende og samfunnet rundt."
2026-06-09,refs-202526-06-09,Møte tirsdag den 9. juni 2026,Kathy Lie,SV,Left,hovedinnlegg,"Kathy Lie (SV) [21:46:38]: Jeg tar i grunnen ordet for å si litt om hva vi støtter, hva vi ikke støtter, og hvorfor. Jeg vil først si at jeg er enig med siste taler i at vi er nødt til å få en helhetlig gjennomgang av tilbudet innen psykisk helsevern, og at det er bra at vi skal ha en tidsfrist for det. Dette er allerede vedtatt politikk i SVs forslag om å styrke det psykiske helsetilbudet. Vi støtter forslaget fordi det er lagt inn en tidsfrist, noe vi mener er fint. Vi støtter forslag nr. 13, fra Senterpartiet, om å opprettholde og styrke distriktspsykiatrisk senter i Kristiansund og Molde. Det handler også om vedtaket om å styrke og utvikle DPS-ene. Vi kan ikke akseptere at nettopp dette står i fare for kutt og nedleggelse, før regjeringen har levert den helhetlige gjennomgangen og planen for utvikling av distriktspsykiatriske senter. Vi støtter forslag nr. 14, fra Fremskrittspartiet. Det handler om at man ikke skal kunne ha dobbeltroller og være f.eks. administrerende direktør, medlem av toppledelsen eller styremedlem i et regionalt helseforetak og samtidig sitte i styret i en annen region. Vi mener dette ikke løser alle problemer, men at det også må gjelde mellom det offentlige og det private, f.eks. at man ikke kan lede et offentlig helseforetak og samtidig sitte i styret i et kommersielt helseforetak. Vi støtter ikke forslag nr. 15, som vi mener går altfor langt i å sementere dagens tilstand i helseforetaket Møre og Romsdal. Det er ikke bevilget mer penger i revidert budsjett. En slik sementering vil derfor sannsynligvis føre til at hele helsetilbudet blir svekket. Jeg er ikke så bekymret for flyttingen av urologitilbudet på Ringerike sykehus. I vårt langstrakte land, med store avstander, er det verdt å merke seg at Bærum sykehus, som det er foreslått flyttet til, bare er en drøy halvtime unna, og at forslaget om flytting er begrunnet med kvalitet i tilbudet."
2026-06-09,refs-202526-06-09,Møte tirsdag den 9. juni 2026,Margret Hagerup,H,Right,hovedinnlegg,"Margret Hagerup (H) [21:48:55]: Lokalsykehusene har en viktig rolle i organiseringen av framtidens spesialisthelsetjenester, og en desentralisert sykehusstruktur skal sikre beredskap, øyeblikkelig hjelp og nærhet til sykehustjenester. De store sykehusene skal være spesialisert og støtte opp under de mindre sykehusenes aktivitet. Stortinget har et ansvar for å sette rammene og styre i stort. Da regjeringen Solberg la fram den første nasjonale helse- og sykehusplanen i 2015, var det første gang siden staten tok over sykehusene i 2002, at en regjering la fram for Stortinget en helhetlig og konkret plan for utvikling av spesialisthelsetjenesten. Det la til rette for en demokratisk forankret nasjonal politikk for framtidens sykehus i Norge, hvor Stortinget satte de overordnede politiske rammene for utviklingen av framtidens spesialisthelsetjeneste. Vi mener jo at det var feil at en gikk vekk ifra denne planen, og foreslo i 2024 at vi skulle gjeninnføre den. Det siste halve året har det gått inflasjon i å fremme forslag som griper langt inn i helseforetakenes ansvarsområde. Alle disse tingene skal løses innenfor de samme rammene som er satt, og flertallet i Stortinget setter flere og flere ganger helseforetakene i en umulig spagat. Det er ingen tvil om at Høyre mener at sykehusøkonomien må styrkes, og vi har satt av 1,2 milliarder mer enn det regjeringen har gjort. Høyre helt tydelige på at vi må se på endringer av finansieringen av sykehusene, og vi mener at de kan styres bedre. Høyre er bekymret over at pasienter rammes av at økonomiske vurderinger går på bekostning av de faglige vurderingene. Men vi er også bekymret over at Stortinget i større og større grad nå behandler enkeltelementer stykkevis og delt. For hvem er det som ivaretar et helhetlig tilbud og sørger for at helseforetakene skal klare å gi dette tilbudet? Det er også grunnen til at vi har fremmet et løst forslag. Som flere talere allerede har sagt, sa Stortinget allerede i desember 2023 at en skal stanse nedbyggingen av døgnplasser i psykisk helsevern. Stortinget har sagt at en skal øke antallet døgnplasser minimum i tråd med helseforetakenes framskrivninger. Derfor fremmer vi et lignende forslag som det Stortinget vedtok i januar, der vi ber regjeringen foreta en helhetlig gjennomgang av tilbudet innen psykisk helsevern og fremme en konkret og tidfestet plan for utvikling av distriktspsykiatriske sentre i hele Norge, hindre nedbygging av slike tilbud og komme tilbake til Stortinget med dette innen våren 2027. Stortinget har et ansvar for å sikre at personer over hele landet får tilbud innenfor DPS. Da er det noen som må ivareta helheten, og det skulle jeg ønske at Stortinget i større grad gjorde i ganske mange saker når helsereformutvalget er rett rundt hjørnet og vi får mye vi skal diskutere da."
2026-06-09,refs-202526-06-09,Møte tirsdag den 9. juni 2026,Marius Langballe Dalin,MDG,Center,hovedinnlegg,"Marius Langballe Dalin (MDG) [21:51:59]: Eg legg til grunn at når vi kjem til å stemme for å vurdere å oppretthalde delar av urologitilbodet ved Ringerike sjukehus og vurdere å desentralisere fleire pasienttilbod til lokalsjukehuset, så tek statsråden dette på største alvor. Ein skal sikre både nærleik til tenester og gode fagmiljø. Det er dei som har skoa på, som er best til å vurdere. Vi meiner det er for stor grad av gjenbruk av helseleiarar med altfor mange som har stor avstand frå og lite forståing for den jobben helsearbeidarane gjer kvar dag. Difor treng vi fleire helseleiarar med fersk erfaring frå å jobbe med pasientar og større mangfald. Likevel kan vi ikkje støtte forslaget frå FrP, for kva med å ha styreverv i Aleris? Kva med å ha andre forskjellige bakgrunnar? Forslaget er for dårleg gjennomarbeidd og manglar nødvendig utgreiing. I siste sving kjem det også fleire forslag frå Senterpartiet og FrP om å fryse situasjonen som han er i Møre og Romsdal. Dette er forslag som det er vanskeleg å ta stilling til på kort varsel blant mange andre saker. Eg legg til grunn at regjeringa kjem tilbake til Stortinget på eigna måte dersom det blir planlagt større strukturelle endringar i Møre og Romsdal, og at regjeringa vil følgje opp forslaget frå Høgre, som truleg får fleirtal, om å setje fart på utgreiinga og styrking av DPS nasjonalt. No må Møre og Romsdal få ro til å vurdere kva for nokre tiltak som totalt sett vil gje det beste tilbodet til pasientane i fylket. Eg kan berre seie det med ein gong: Vi vil vere imot fleire av forslaga eg registrerer er til vurdering, men la dei no få lov til å sjå på dette i ro og ikkje forskotere vurderinga av tiltaka før dei er greidde ut. Detaljstyring av helseføretaka frå Stortinget er ikkje ein eigna måte å sørgje for best mogleg tilbod til pasientane på. Ein skulle tru ein har gløymt kva hensikta med å greie ut endringar er: nettopp å gje det gode tilbodet. I staden risikerer vi at Stortingets uforstand gjer at pasientbehandlinga blir svekt. Det som ikkje trengst, er jo nettopp ostehøvelkutt som følgje av denne typen forslag. Det er dårleg bruk av helsekronene. Eg nemner at vi står inne i fleire forslag, sju og åtte, blant anna, med innspel til helsereformutvalet, blant anna for å sikre finansiering og kvalitet ved lokalsjukehusa."
2026-06-09,refs-202526-06-09,Møte tirsdag den 9. juni 2026,Truls Vasvik,A,Left,hovedinnlegg,"Truls Vasvik (A) [22:05:42]: Jeg vil bare kort kommentere de løse forslagene som er fremmet. Jeg kan begynne med å si at Arbeiderpartiet stemmer mot forslag nr. 13, 14 og 15, og så stemmer vi for forslag nr. 16 fra Høyre. Til det første forslaget, fra Senterpartiet, om DPS i Kristiansund og Molde: Alle er enige om at det er viktige tilbud, og derfor må det også behandles skikkelig. Stortinget har allerede bedt regjeringen om å legge fram en plan for utvikling av distriktspsykiatriske sentre i hele landet og hindre nedbygging av slike tilbud, og det følges også opp i Høyres forslag nr. 16. Jeg vil bare si med en gang, før noen sier at vi kjører doble standarder her: Når vi nevner Tynset spesifikt, er det fordi samarbeidsprosjektet med kommunen som statsråden nevnte, allerede er i gang, og det er et spennende prosjekt. Så til Fremskrittspartiets forslag om styreverv og lederroller i de offentlige helseforetakene. Arbeiderpartiet er opptatt av ryddighet, habilitet og tillit i styring av helseforetakene, men dette forslaget er bredt, generelt, og ikke bare dårlig utredet, det er faktisk ikke utredet i det hele tatt. Attpåtil gjelder det bare styreverv i det offentlige helsevesenet. Bindinger til private helseaktører synes derimot å være helt uproblematisk – forstå det den som kan. All den tid det ikke er utredet på noe som helst vis, vil jeg hevde at det kan få konsekvenser for rekruttering og for kompetanse og styring i helseforetakene. Norge er ikke et veldig stort land. Det er ikke uendelig mange erfarne helseledere å ta av. Hvis dette skal vurderes, må det utredes ordentlig. Det bør ikke vedtas på sparket som et løst forslag en sen nattetime i en sak om lokalsykehus. Jeg forutsetter også at dette er ting som må på bordet i Helsereformutvalget. Det andre forslaget, fra Fremskrittspartiet, går enda lenger. Der bes regjeringen sikre at ingen kutt og nedleggelser, reduksjoner og sentralisering, eller flytting av funksjoner, gjennomføres i spesialisthelsetjenesten i Møre og Romsdal på en lang rekke områder – faktisk en så lang rekke områder at det ble lagt ned et ekstra område her i kveld. I tillegg skal utredningen om akutt- og fødetilbudet ved Volda sykehus ikke gjennomføres. Det betyr i praksis at Stortinget skal fryse prosesser før det er faglig vurdert. Man skal ikke bare si nei til endringer, men til og med si nei til utredninger og kunnskap. Det er en dårlig måte å styre helsetjenesten på. Vi kan ikke vedta at kunnskapsgrunnlag ikke skal innhentes, vi kan ikke late som at personellutfordringer, faglig bærekraft og pasientsikkerhet forsvinner fordi Stortinget vedtar at alt skal stå stille. Trygghet skapes ikke ved å låse fast alle strukturer på papiret. Trygghet skapes av faglig gode tjenester, nok personell, forsvarlig drift og politisk ansvar for helheten. Til slutt: Når det gjelder forslaget fra Høyre om DPS, stiller saken seg som nevnt annerledes. Det er nærmest identisk med det Stortinget allerede har bedt regjeringen om, men viser en utålmodighet vi også har, og derfor støtter vi Høyres forslag."
2026-06-09,refs-202526-06-09,Møte tirsdag den 9. juni 2026,Statsråd Jan Christian Vestre,NA,NA,hovedinnlegg,"Statsråd Jan Christian Vestre [22:13:39]: Det gjør jeg selvfølgelig gjerne. Vi har diskutert dette utallige ganger før, og vi kan gjerne holde det gående utover kvelden også. Det vi har sagt fra regjeringens side, er at antall døgnplasser i psykisk helsevern skal opp. Jeg er veldig glad for at vi nå ser at det er i ferd med å skje. Vi har stoppet nedbyggingen av kapasiteten innen psykisk helsevern. De offisielle tallene har ikke kommet ennå, men alt tyder på at det har vært en liten økning – for første gang på lenge – i 2025. Alt tyder på at vi også kommer til å ha en økning i 2026, og den økningen skal jeg sørge for at fortsetter de neste årene. Vi har også sagt at det er behov for om lag 430 flere døgnplasser over en del år framover, og det er basert på faglige framskrivninger. Representanten Eilertsen vet veldig godt at innenfor målet og kravet om å øke antall døgnplasser, må de regionale helseforetakene og helseforetakene få gjøre vurderinger av hvor dette tilbudet skal være. Da minner jeg igjen om at vi står overfor en ganske stor mangel på helsepersonell i Norge. Når vi da har enkelte tilbud i Norge der det enkelte dager og i enkelte perioder ikke finnes en eneste pasient, mener jeg det er riktig at de lokale sykehusstyrene kan få gjøre vurderinger av om deler av dette tilbudet skal flyttes dit hvor det er et faktisk pasientgrunnlag. Sykehusstyrene må også få gjøre vurderinger av hvordan de skal opprettholde et forsvarlig fagmiljø. Det å ha spesialiserte tjenester innenfor psykisk helsevern når det er svært få pasienter, svært få ansatte, mange ubesatte stillinger, vikarer og fagfolk som kommer og går, gir heller ikke gode helsetjenester. Jeg registrerer – og jeg har respekt for det – at det er partier på Stortinget som mener det er Stortingets oppgave da å gå inn og overprøve disse vurderingene og si at man mener og vet bedre enn det kompetente fagfolk, helsepersonell og ledere i helsetjenesten gjør. Jeg mener fremdeles at helsetjenesten vår bør styres nedenifra og opp, og at de lokale sykehusstyrene – uansett om det er Sykehuset Innlandet, UNN, Helse Fonna, Helse Førde eller Vestre Viken – må få gjøre vurderinger av hvordan de sikrer et best mulig kvalitativt tjenestetilbud til sine innbyggere og for sine ansatte."
2026-06-09,refs-202526-06-09,Møte tirsdag den 9. juni 2026,Kai Steffen Østensen,A,Left,hovedinnlegg,"Kai Steffen Østensen (A) [22:17:27] (ordfører for saken): Jeg vil begynne med å takke komiteen for samarbeidet i denne saken. Det er en sak som engasjerer mange, til tross for at komiteen ikke fikk høringsinnspill i vår skriftlige høringsrunde. Jeg legger til grunn at de ulike partiene gjør rede for sine standpunkter, og vil i det videre fortelle hva Arbeiderpartiet vil gjøre for å styrke norsk hørselsomsorg. Arbeiderparti-regjeringens eldreløft har satt en helhetlig eldrepolitikk på agendaen, hvor høreapparatgarantien er en viktig del av dette. I den prioriterer vi både utdanningskapasitet og penger til personell og kompetanseheving, vi foreslår forskriftsendringer for å bruke riktig kompetanse til riktige oppgaver, som skal gi bedre helsetjeneste, og vi sikrer bedre oppgavedelingen mellom profesjoner – alt med mål om å styrke hørselsomsorgen i Norge. For to uker siden demonstrerte Hørselsforbundet utenfor Stortinget. Det var en demonstrasjon av en litt annen karakter enn det vi vanligvis hører på Eidsvolls plass. De takket nemlig politikerne og særlig regjeringen for å sette hørselsomsorgen på agendaen. De støtter vårt mål om å kutte ventetidene fra man starter med utredning til man har fått høreapparat til fire måneder. Høreapparat er nøkkelen for fortsatt livskvalitet for mange. Det forebygger ensomhet og gir selvtillit. For noen kan det forebygge kognitiv svikt og utsette demenssykdom. Samtidig vil jeg understreke at likepersonarbeidet også er en viktig del av dette, for det er en terskel for folk å begynne å bruke høreapparat. Hørselsforbundets viktige likepersonarbeid bryter ned stigma, samtidig som det bygger bro mellom erfarne og nye høreapparatbrukere. Et sånt arbeid vil vi trenge mye av framover. Representantforslaget peker på allerede igangsatt arbeid. Det kunne vært fristende å si velkommen etter til Fremskrittspartiet. Likevel tror jeg vi heller skal markere at et samlet storting nå prioriterer hørselsomsorg. Når forslagene i denne saken ikke får flertall, handler det om at nesten alle partier mener at arbeidet som er satt i gang, er på riktig vei. Vi må gjøre det enklere for audiografer å gjøre jobben de er utdannet til. Vi må utdanne flere og gjøre hørselstjenesten enda mer desentralisert. Vi må kutte de lange ventetidene, som for noen kan være på opp mot halvannet år. Det er konkrete grep som vil gjøre hørselsomsorgen mer tilgjengelig for flere, raskere."
2026-06-09,refs-202526-06-09,Møte tirsdag den 9. juni 2026,Anne Grethe Hauan,FrP,Right,hovedinnlegg,"Anne Grethe Hauan (FrP) [22:20:22]: Det er vanskeleg å delta i eit fellesskap når ein ikkje høyrer kva som blir sagt. Det handlar om besteforeldre som ikkje får med seg kva barnebarna fortel. Det handlar om vaksne som slit med å følgja samtalar på jobb. Det handlar om barn og unge som skal læra, delta og vera ein del av fellesskapen. Målet er ikkje at alle skal høyra, men målet må vera at dei som kan få hjelp, får hjelpa dei treng no. Difor er det alvorleg når folk i Noreg må venta opptil to år på utgreiing, tilpassing og oppfølging av høyreapparat. To år er ikkje berre ei ventetid. Det er to år med færre samtalar og meir isolasjon der mange gradvis fell utanfor. Dette gjeld ikkje berre eldre, sjølv om veldig mange eldre blir hardt råka. Me veit at ubehandla høyrselstap kan vera knytt til både depresjon, sosial isolasjon og auka risiko for kognitiv svikt og demens. Difor handlar dette om langt meir enn høyreapparat, det handlar om å kunna vera med. Å høyra er ikkje ein luksus, men ein føresetnad for å delta. Regjeringa har lansert ein høyreapparatgaranti, og det er bra. Problemet er at garantiar ikkje fjernar ventelister. Regjeringa sitt mål er at folk skal få hjelp innan fire månader i 2029. Det er veldig bra ambisjonar, men folk som står i kø i dag, får ikkje hjelp av at målstreken blir flytta til 2029. Det som gjer denne saka ekstra frustrerande, er at mykje av løysinga allereie finst. Det finst om lag 800 utdanna audiografar i Noreg. Likevel arbeider berre rundt halvparten klinisk med utgreiing og tilpassing av høyreapparat. Audiografforbundet peikar på høgt arbeidspress, få stillingar, mangel på kommunale arbeidsplassar, låg lønn og manglande refusjonsrett som viktige årsaker. I dag blir mange pasientar sendt gjennom spesialisthelsetenesta sjølv om dei allereie er medisinsk avklarte og berre treng tilpassing eller justering av høyreapparat. Det binder opp spesialistar som burde bruka tida si på dei som faktisk treng spesialistbehandling. Fremskrittspartiet vil gje audiografar refusjonsrett, få fleire audiografar ut i kommunane og sørgja for at pasientar kjem raskare fram til den hjelpa dei treng. Folk treng ikkje fleire lovnader om kva som skal skje i 2029. Dei treng hjelp før det. Difor føreslår Fremskrittspartiet å bruka kompetansen som allereie finst, kutta unødvendige omvegar i systemet og få pasientane raskare fram til hjelpa dei treng. Eg tek opp forslaga til FrP."
2026-06-09,refs-202526-06-09,Møte tirsdag den 9. juni 2026,Nina Dons-Hansen,H,Right,hovedinnlegg,"Nina Dons-Hansen (H) [22:23:26]: Nedsatt hørsel representerer en betydelig barriere for deltakelse i arbeidsliv og samfunnsliv, og kan for mange medføre ufrivillig sosial isolasjon. Det er derfor uakseptabelt at ventetidene for utredning og tilpasning av høreapparat i dag er så lange i store deler av landet. For Høyre er det overordnede målet å realisere pasientens helsetjeneste. Dette forutsetter at vi tar i bruk all tilgjengelig fagkompetanse og kapasitet for å sikre at pasientene får rett hjelp til rett tid. Høyre støtter derfor intensjonen i representantforslaget. Audiografer er autorisert helsepersonell med verdifull spesialistkompetanse. For pasienter som allerede er medisinsk avklart, er det uakseptabelt at de må gjennomgå unødvendig lange ventetider hos en øre-nese-hals-spesialist utelukkende for teknisk og praktisk oppfølging. Ved å gi disse pasientene mulighet til å henvises direkte til audiograf vil vi kunne oppnå en vesentlig systemforbedring: Pasientforløpet forenkles, og spesialistene frigjør verdifull tid til medisinske utredninger og mer komplekse inngrep. Dette er god og rasjonell bruk av personellressurser. Vi må i større grad legge til rette for at audiografer kan etablere seg i privat praksis. I dag utgjør mangelen på refusjonsordninger et strukturelt hinder for å bygge opp et bredere tilbud. Høyre vil advare mot å pålegg kommunene nye oppgaver, som ansettelse av audiografer som er et av forslagene, uten at det følger med tilstrekkelig finansiering, og uten at dette er forankret i kommunenes egne prioriteringer. Når Høyre velger å ikke støtte forslagene som enkeltvedtak i dag, er det ut fra et behov for en helhetlig tilnærming til helsetjenesten. Vi forventer at tiltak for bedre utnyttelse av audiografenes kompetanse inkluderes i den varslede helsepersonellplanen. For å sikre en bærekraftig helsetjeneste i årene som kommer, kreves det strukturelle grep for riktig oppgavedeling framfor stykkevise vedtak. Høyre deler forslagsstillernes ambisjoner, og vi forventer at regjeringen leverer konkrete løsninger for denne oppgavedelingen når helsepersonellplanen legges fram ganske så snart. Tiden for handling er moden, jeg vil si overmoden."
2026-06-09,refs-202526-06-09,Møte tirsdag den 9. juni 2026,Kathy Lie,SV,Left,hovedinnlegg,"Kathy Lie (SV) [22:26:17]: Det er viktig med forbedringer av norsk hørselsomsorg, og det er viktig å holde trykket oppe på å redusere ventetidene for utredning, tilpasning og oppfølging av høreapparat. Derfor applauderer vi det arbeidet som er igangsatt av regjeringen, med mål om at ingen skal vente mer enn fire måneder på hørselsutredning, utprøving og tildeling av høreapparat. Stadig flere vil trenge høreapparat. Vi blir eldre, og stadig flere får dårligere hørsel, bl.a. på grunn av støyforurensning og at mange går med mye lyd rett på øret. Dårlig hørsel fører til isolasjon og økt ensomhet og disponerer for tidlig utvikling av demens og andre kognitive sykdommer. Vi støtter intensjonen i forslaget, men når vi ikke støtter forslagene i denne saken, er det bl.a. fordi Hørselsforbundet har gitt tydelig uttrykk for at de er fornøyd med det arbeidet regjeringen nå er i gang med. Faktisk er de så fornøyd at de for litt siden inviterte oss alle ut for å spise kake på Eidsvolls plass. Da fikk jeg også gjennomført en hørselstest, og den viste at jeg faktisk hører helt utmerket."
2026-06-09,refs-202526-06-09,Møte tirsdag den 9. juni 2026,Marius Langballe Dalin,MDG,Center,hovedinnlegg,"Marius Langballe Dalin (MDG) [22:30:49]: Det er seint, og eg skal berre kort gjere greie for stemmegjevinga. Høyrselstap kan utvilsamt vere eit stort handikapp. Mange med sterkt nedsett høyrsel kan bli sosialt isolerte. Dette kjenner eg godt frå eigen nær familie. Det er nok litt arveleg, så eg må nok rekne med å hamne i same kategori sjølv om ikkje så mange år. Høyrselshjelpemidlar er utvilsamt noko som kan få menneske ut av isolasjon og inn igjen i samfunnet. Vi er sjølvsagt for å kutte ventelister og gjere dette lettare tilgjengeleg. Når vi stemmer ned FrP sine forslag i denne saka, handlar det om at vi meiner vi bør behandle denne saka heilskapleg i samband med helsepersonellplanen."
2026-06-09,refs-202526-06-09,Møte tirsdag den 9. juni 2026,Statsråd Jan Christian Vestre,NA,NA,hovedinnlegg,"Statsråd Jan Christian Vestre [22:31:51]: Det er for mange i dag som må vente for lenge på høreapparat, og det går ut over livskvalitet, kommunikasjon og muligheten til å delta fullt ut i arbeid og samfunnsliv. Høreapparat vet vi kan forebygge både isolasjon, kognitiv svikt og psykiske plager, og kanskje aller viktigst, det kan også bidra til å forebygge utvikling av demens. Derfor har regjeringen satt et veldig tydelig mål: Ingen i Norge som trenger det, skal måtte vente mer enn fire måneder på hørselsutredning, utprøving og tildeling av høreapparat. Høreapparatgarantien skal innfris senest innen 2029, men vi jobber på og forventer å se resultater fortløpende framover. Skal vi lykkes, nytter det ikke bare å sette et mål. Vi må gjøre akkurat som vi gjorde med Ventetidsløftet, gjennomføre konkrete handlekraftige tiltak som utgjør en forskjell. I dette tilfellet må vi øke kapasiteten og bruke kompetansen smartere. Derfor har regjeringen gitt de regionale helseforetakene i oppdrag å sette i verk kompetansehevende tiltak og legge bedre til rette for oppgavedeling i hørselsomsorgen. Vi har bevilget egne penger til dette formålet. Vi må også styrke utdanningskapasiteten. Det har vi også gjort i inneværende år, der NTNU er tildelt 10 mill. kr for å øke kapasiteten i audiografutdanningen etter en desentralisert modell – for vi er for desentraliserte løsninger –, og slik kan vi rekruttere flere audiografer i hele landet. Vi regner med at det tas opp studenter til et slikt tilbud senest høsten 2027. Vi må også fjerne unødvendige flaskehalser i pasientforløpet. Også der er regjeringen allerede godt i gang. Vi har allerede sendt forslag til regelverksendringer på offentlig høring. Der foreslår vi blant annet at det kan gis stønad for konsultasjoner delegert fra avtalespesialist til audiografer ansatt i legens praksis. Det vil gjøre at pasienter ikke trenger å undersøkes av øre-nese-hals-lege ved hver konsultasjon. Regjeringen foreslår også å gi audiografer som er ansatt hos avtalespesialist, og private aktører med avtale med regionale helseforetak mulighet til å begrunne søknader om høreapparat og tinnitusmaskerere. Regjeringen er også positiv til bedre bruk av audiografers kompetanse, også i kommunene, og vi mener det er viktig at kommunene har mulighet til å organisere tjenestene ut fra lokale behov. I Helsepersonellplan 2040 som snart legges fram, vil det også inngå vurderinger og tiltak for oppgavedeling og hensiktsmessig bruk av kompetanse. Dette handler om tryggere, raskere og mer sammenhengende tjenester for pasientene. Regjeringen har allerede tatt en lang rekke konkrete grep slik at høreapparatgarantien innfris, og slik at flere får den hjelpen de trenger, når de trenger den. Og hvis det skulle bli aktuelt med ytterligere tiltak for å realisere dette målet innen fristen, kommer vi selvfølgelig til å innføre det."
2026-06-09,refs-202526-06-09,Møte tirsdag den 9. juni 2026,Statsråd Jan Christian Vestre,NA,NA,replikk,"Statsråd Jan Christian Vestre [22:39:14]: Regjeringen har jo tatt tak i svært mange helsepolitiske utfordringer på vår vakt. Vi klarer ikke å løse alle utfordringer på et år. Noe av det første min forgjenger tok tak i, var en alarmerende og varslet krise i fastlegeordningen. Den var i full ferd med å kollapse. Den snuoperasjonen som ble gjennomført, var helt nødvendig, men den krevde vesentlige ressurser, bl.a. investeringer, 1 mrd. kr, og betydelig tid og energi, for å få den ordningen på fote. Det fikk vi til. Det første jeg tok tak i som helseminister, første dag på jobb, var å få ned ventetiden i spesialisthelsetjenesten. Det har vi klart. Det er 58 000 færre som nå venter på helsehjelp, og ifølge Folkehelseinstituttet har vi ikke hatt kortere ventetider for oppstart av helsehjelp på fem år. Nå jobber vi videre med full kraft for at ventetidene skal gå ytterligere ned. Vi løser utfordringer en etter en, men vi får ikke gjort alt på en gang."
2026-06-09,refs-202526-06-09,Møte tirsdag den 9. juni 2026,Nina Dons-Hansen,H,Right,hovedinnlegg,"Nina Dons-Hansen (H) [22:47:49]: Når foreldre i lykkelige omstendigheter får beskjed om at barnet de venter, har en funksjonsvariasjon, havner de i en svært sårbar situasjon. Det er et øyeblikk preget av usikkerhet, bekymring og mange spørsmål om framtiden. I denne fasen er møtet med helsevesenet helt avgjørende. Dessverre forteller mange foreldre at informasjonen de får, ikke oppleves som helhetlig eller balansert. Fokuset kan fort bli ensidig rettet mot medisinske diagnoser, risikoer og begrensninger. Enda mer alvorlig er det at en del foreldre opplyser at de nærmest opplever forventninger om svangerskapsavbrudd, eller at de nærmest må forsvare ønsket sitt om å bære fram barnet. Slik kan vi ikke ha det. For oss i Høyre er det et grunnleggende prinsipp at foreldre skal kunne ta reelle, informerte valg uten å oppleve press. Da trenger de et balansert bilde av hva det vil si å få et barn med en funksjonsvariasjon. Helsepersonell gjør en uvurderlig jobb, men medisinsk ekspertise kan ikke alene gi svar på hvordan hverdagen faktisk blir. Den innsikten er det bare de som har gått veien før, som sitter på. Erfaringskunnskap er et helt nødvendig supplement til den medisinske informasjonen. Derfor er Høyre glad for å stå sammen med et flertall i komiteen om å be regjeringen sikre en offentlig finansiert ordning for frivillig likepersonstøtte. For Høyre er det et viktig poeng at dette ikke skal løses ved å bygge opp et nytt, tungt statlig byråkrati. Vi vil spille på lag med frivilligheten. Organisasjoner som Downs Syndrom Norge og Norges Handikapforbund gjør allerede en formidabel jobb. Ved å la frivillige organisasjoner drive ordningen, sikrer vi at foreldre får snakke med andre foreldre som har stått i nøyaktig samme situasjon. Det gir trygghet, det gir svar på praktiske spørsmål, og forhåpentligvis kan det bidra til at skuldrene senkes litt. Dette handler til syvende og sist om menneskeverd, valgfrihet og respekt – respekt for enkeltmennesket og ikke minst tro på at sivilsamfunnet og frivilligheten ofte løser oppgaver like godt og kanskje bedre enn et nytt statlig byråkrati. Gjennom dette vedtaket sikrer vi bedre støtte til familiene, og vi viser i praksis at vi bygger et samfunn med plass til alle. Det er en glede at innstillingen Høyre er en del av, får flertall når det skal voteres – forhåpentligvis."
2026-06-17,refs-202526-06-17,Møte onsdag den 17. juni 2026,Aina Stenersen,FrP,Right,hovedinnlegg,"Aina Stenersen (FrP) [13:07:50] (ordfører for saken): Komiteen viser til Riksrevisjonens undersøkelse av tjenester til barn og unge med psykiske plager og lidelser, jf. Dokument 3:8 for 2025–2026. Den har kommet på bakgrunn av at Stortinget i 2022 ba Riksrevisjonen om å prioritere å følge utviklingen for et bedre psykisk helsetilbud, særlig for barn og unge. Komiteen vil understreke viktigheten av at barn og unge skal ha likeverdig tilgang på helsetjenester av god kvalitet, uavhengig av hvor i landet de bor. Svakheter i de psykiske helsetjenestene kan ha store konsekvenser for barn og unge, familie, andre pårørende og samfunnet som helhet. Komiteen viser til at rapporten har hentet tall fra FHI som viser at antall henvisninger til psykisk helsevern for barn og unge har økt med 30 pst. fra 2019 til 2024, og vi noterer oss at hver femte henvisning blir avslått. Avvisningsandelen på om lag 20 pst. har ligget fast siden 2018. Komiteen merker seg også at det er store variasjoner når det gjelder gjennomsnittlig ventetid. Ved Nordlandssykehuset HF var ventetiden i 2025 på hele 66 dager. Ved hele 19 av 22 helseforetak og private ideelle sykehus ligger gjennomsnittlige ventetider over målet på 35 dager som ble satt i opptrappingsplanen for psykisk helse. Komiteen merker seg også at dette er ventetiden fra henvisningen er mottatt til helsehjelpen er påbegynt, ikke selve behandlingen. Det er naturlig å anta at ventetiden fram til behandlingen er enda lenger. Komiteen viser til Riksrevisjonens konklusjoner: Det er for store forskjeller i tilbudet til barn og unge med psykiske plager og lidelser i kommunene. Kommunene legger et stort ansvar på helsesykepleierne, selv om disse verken har mandat eller kapasitet til å behandle barn og unge med psykiske plager og lidelser. Flere barn og unge får behandling i spesialisthelsetjenesten, men det er store forskjeller i ventetider, i hvor mange henvisninger som blir avslått, i antall kontakter og i det ambulante tilbudet. Det har vært en økning i antall årsverk i helseforetakene, men antall innvilgede henvisninger har økt mer. Tilbudet til mange barn og unge er ikke tilstrekkelig koordinert og helhetlig. Bosted avgjør hvilket tilbud barn og unge med psykiske plager og lidelser får. Til tross for flere styringsgrep, er sentrale mål ikke oppnådd, og det mangler informasjon for å følge med på området. Svakhetene i de psykiske helsetjenestene kan ha store konsekvenser. Komiteen slutter seg til Riksrevisjonens konklusjoner. Komiteen slutter seg også til Riksrevisjonens overordnede vurdering, som er «kritikkverdig». Komiteen viser videre til Riksrevisjonens anbefalinger. De anbefaler blant annet at Helse- og omsorgsdepartementet følger opp at barn og unge med behov for psykiske helsetjenester får et tilstrekkelig behandlingstilbud uavhengig av hvor de bor i landet departementet tydeliggjør hvilken rolle helsesykepleierne skal ha i arbeidet med barn og unge med psykiske plager og lidelser departementet ber de regionale helseforetakene om å sørge for at regionen har tilstrekkelig kapasitet til å gi god behandling til barn og unge som har behov for spesialiserte psykiske helsetjenester, og undersøke de store forskjellene mellom helseforetakene i ventetider, i hvor mange henvisninger som blir avslått, i antall kontakter og i det ambulante tilbudet, og iverksette tiltak der det er uønsket variasjon Komiteen slutter seg til Riksrevisjonens anbefalinger. Komiteen vil også vise til statsrådens svar til undersøkelsen av psykiske helsetjenester til barn og unge. Statsråden trekker fram at denne regjeringen har psykisk helse som et høyt prioritert område. Statsråden viser til den tiårige opptrappingsplanen som regjeringen la fram i 2023, Meld. St. 23 for 2022–2023. Opptrappingsplanen er ifølge statsråden en dynamisk plan med rom for justeringer underveis. Komiteen ber regjeringen bruke Riksrevisjonens undersøkelse om tjenester til barn og unge med psykiske plager og lidelser i arbeidet med midtveisevalueringen. Komiteen vil også understreke at det er et veldig behov for endring og forbedring i det psykiske helsetilbudet for barn og unge i hele landet."
2026-06-17,refs-202526-06-17,Møte onsdag den 17. juni 2026,Kari Baadstrand Sandnes,A,Left,hovedinnlegg,"Kari Baadstrand Sandnes (A) [13:13:02]: Jeg vil først takke Riksrevisjonen for en grundig og lærerik rapport. Riksrevisjonens undersøkelse av tjenester til barn og unge med psykiske plager og lidelser er tydelig: Barn og unge får ikke alltid den hjelpen de trenger – og forskjellene i tilbudet er for store. Det mest alvorlige er at hvilket tilbud du får, i stor grad avhenger av hvor du bor. Det er ikke forenlig med målet om en likeverdig helsetjeneste. Riksrevisjonen peker videre på at flere får behandling, men at kapasiteten ikke har holdt tritt med behovet. Det er store variasjoner i ventetider og i tilgangen til tjenester. Dette handler også om hvordan vi jobber forebyggende. Gjennom det kommunale forebyggingsprogrammet for barn og unge ser vi tydelig betydningen av tverrfaglig samarbeid – og dette er også i tråd med oppfølgingen av Riksrevisjonens funn. Når barnehage, skole, helse, barnevern og andre tjenester jobber sammen, får vi et bedre grunnlag for å fange opp utfordringer tidlig. Helsesykepleiere er en nøkkelressurs i det forebyggende arbeidet, og det må være tydelige rammer for både oppgaver og forventninger. Det er derfor positivt at Helsedirektoratet legger til rette for en nasjonal prøveordning med henvisningsrett for helsesykepleiere. Riksrevisjonen peker også på at tilbudet ikke er godt nok samordnet og helhetlig. For mange barn og unge betyr det at de må vente for lenge, og at de risikerer å falle mellom ulike tjenester. Statsråden peker i sitt svar på at det er satt i gang viktige tiltak, bl.a. gjennom opptrappingsplanen og ventetidsløftet, og at målet er bedre kapasitet, kortere ventetider og sterkere samhandling mellom tjenestene. Det er en riktig retning. For Arbeiderpartiet er dette en klar prioritering og er godt beskrevet i Plan for Norge. Vi skal styrke fellesskapets tjenester og sikre at barn og unge får hjelp tidligere, der de bor. Det betyr å bygge et sterkere lag rundt barnet og redusere forskjellene i tilbudet. Derfor må vi både styrke kapasiteten og sikre bedre samhandling i hele tjenesteløpet. For Arbeiderpartiet handler dette om noe grunnleggende: Fellesskapet skal stille opp – tydelig og tidlig – når barn og unge trenger det. Vi skal sørge for at forskjellene ikke får utvikle seg, og at hjelpen er der før problemene vokser seg store. Barn og unge skal ikke møte et system – de skal møte et fellesskap som stiller opp for dem."
2026-06-17,refs-202526-06-17,Møte onsdag den 17. juni 2026,Kjersti Toppe,Sp,Center,hovedinnlegg,"Kjersti Toppe (Sp) [13:19:12]: Riksrevisjonen kjem med nok ein alvorleg rapport om manglande helsehjelp til barn med psykiske plagar og lidingar. Rapporten viser at vi trass i ei rekkje tiltak på området, bl.a. opptrappingsplanen for den psykiske helsa til barn og unge frå 2019 til 2024, og opptrappingsplanen for psykisk helse frå 2023 til 2033, ikkje har klart å få til den opptrappinga som er nødvendig for at barn og unge får den psykiske helsehjelpa dei har behov for. Senterpartiet er einig med Riksrevisjonen i at dette er kritikkverdig. Svakheiter i dei psykiske helsetenestene kan ha store konsekvensar, og difor er dette ein dyster rapport. Talet på unge med psykiske plagar og lidingar har auka dei siste åra. Mange kommunar har framleis ikkje eit utbygt hjelpeapparat for desse barna. Spesialisthelsetenester tar imot fleire, men avviser ein av fem tilvisingar. Manglande støtte, oppfølging og behandling kan få store konsekvensar for barna og livet deira. Eg vil særleg ta opp to av tilrådingane frå Riksrevisjonen. Det eine er å be dei regionale helseføretaka sørgja for at regionane har tilstrekkeleg kapasitet til å gi god behandling til barn og unge som har behov for spesialiserte psykiske helsetenester, og det andre er å tydeleggjera kva rolle helsesjukepleiarane skal ha i arbeidet med psykiske plagar og lidingar hos barn og unge. Til det første må sjukehusa ha nok kapasitet for barn og unge med behov for psykisk helsehjelp. Det er dessverre framleis eit aktuelt tema. Det er slik at nokre barn og unge er så sjuke at dei treng døgnbehandling på sjukehus, og trass i at Stortinget har vedtatt at døgnkapasiteten skal aukast, står det i rapporten her at talet på døgnplassar for barn og unge blei redusert frå 316 til 311 frå 2019 til 2025. Eg er òg bekymra for realismen i å be helseføretaka om å sikra nok kapasitet i den situasjonen som mange helseføretak no står i. Da er vi òg inne på den finansieringsmodellen vi har for norske sjukehus og for å byggja nye sjukehus, der helseføretaka må låna pengar til å byggja nytt og spara i drift for å få nok eigenkapital, og at dei betaler lån og avdrag tilbake til staten. Difor ser vi òg at helseføretak legg ned distriktspsykiatriske senter, og dei må kutta i bemanning. Her ved Oslo universitetssykehus må dei kutta opp mot 20 mill. kr i den regionale eininga for eteforstyrringar for barn og unge, for at dei skal ha råd til å byggja nytt Oslo universitetssykehus. Denne finansieringsmodellen går ut over dei svakaste pasientgruppene, òg innan psykisk helse. Eg meiner òg det er urovekkjande at trass i at Stortinget har vedtatt at det skal fremjast ein plan for utvikling av distriktspsykiatriske senter i heile Noreg og hindra nedbygging av sånne tilbod, er det akkurat det vi no ser skje fleire plassar, f.eks. i Helse Midt-Noreg, som no vurderer å leggja ned døgnplassar ved dei distriktspsykiatriske sentera i Kristiansund og Molde. Helsesjukepleiarane sit med eit altfor stort ansvar for barn og unge med psykiske plagar og lidingar. Det viser denne rapporten. Dette er ein systemfeil, og det er etter mi vurdering gale når òg statsråden i sitt svar til Riksrevisjonen opnar for at helsesjukepleiarar skal få behandling som oppgåve. Helsesjukepleiarane skal arbeida førebyggjande og helsefremjande. Det har vore tydeleg i mandatet deira, og eg trudde vi var einige om det òg frå Stortingets side. Eg forventar at statsråden i sitt innlegg oppklarer dei motstridande signala frå departementet i denne saka, og om det verkeleg er slik at dei meiner at helsesjukepleiarar no skal få behandlingsansvar for barn med psykiske plagar og lidingar. Stortinget vedtok i vår å be regjeringa leggja fram ein oppdatert og forsterka opptrappingsplan for psykisk helse, og det er heilt nødvendig. Eg merkar meg òg at SINTEFs evaluering av opptrappingsplanen for psykisk helse, som kom i juni i år, seier at risikoen i opptrappingsplanen ligg i manglande klarleik og manglande kapasitet og finansiering. Eg forventar òg at regjeringa tar med seg dette i oppfølginga av denne riksrevisjonsrapporten, og at psykiske helsetilbod for barn og unge no blir prioriterte, slik at det faktisk òg blir opplevd som ei styrking ute i tenestene."
2026-06-17,refs-202526-06-17,Møte onsdag den 17. juni 2026,Hege Bae Nyholt,R,Left,hovedinnlegg,"Hege Bae Nyholt (R) [13:24:20]: Det er ikke bare rikdom som går i arv i Norge, psykiske helseproblemer og fattigdom går også i arv. Denne arvelinjen må brytes om vi skal sikre likeverdige muligheter og livsbetingelser for alle. Det er beviselig en sterk kobling mellom økonomiske utfordringer og psykisk uhelse. I dag er det over 100 000 barn som vokser opp i fattige familier. Disse barna har økt risiko for å oppleve mobbing, utfordringer på skolen, trangere boforhold og hyppigere flytting, og de har mindre kontakt med venner. De har også dårligere fysisk og psykisk helse. Når vi snakker om psykisk helse, handler det om helsehjelp og folks muligheter til å leve et godt liv. Her er det store mangler, og det trengs et krafttak. Riksrevisjonens rapport viser oss at det er store forskjeller i hvilken hjelp man får, avhengig av hvor man får den. Det er store forskjeller mellom kommuner, mellom poliklinikker og i spesialisthelsetjenesten. I 68 kommuner er det bl.a. en forhøyet risiko for at barn og unge ikke får hjelp av verken kommunale tjenester eller spesialisthelsetjenesten. Sånn kan vi ikke ha det. Regjeringen må ta inn over seg ungenes utfordringer og sørge for at alle barn og unge får et likeverdig tilbud, uansett hvor i landet de vokser opp. Opptrappingsplanen for psykisk helse har store ambisjoner, som at psykisk helse skal være høyt prioritert av regjeringen. Likevel ser vi gjennom denne rapporten at regjeringen er milevis fra egen målsetting. Barn og unge lever i et samfunn med store forskjeller seg imellom og enorme utfordringer. Da kan ikke forskjellene også finnes innad i våre psykiske helsetjenester. Barn og unge trenger et bedre og mer likeverdig system som ser dem, og som kommer med tidlig innsats. Konsekvensene av svake psykiske helsetjenester er alvorlige. Uten god hjelp risikerer vi en utvikling der ungene våre blir sykere, får det vanskeligere på skolen og sliter med ensomhet, rus, destruktiv atferd og fattigdom. Dette påvirker både deres liv, familier og pårørende og framtidige barn, og det bidrar til å øke forskjellene i landet vårt. Vi må legge til rette for at barna og ungdommene våre kan leve i et samfunn der de sikres hjelp når de sliter psykisk, uansett hvem man er eller hvor man bor."
2026-06-17,refs-202526-06-17,Møte onsdag den 17. juni 2026,Statsråd Jan Christian Vestre,NA,NA,hovedinnlegg,"Statsråd Jan Christian Vestre [13:26:55]: Riksrevisjonens undersøkelse viser flere utfordringer i tjenestene til barn og unge med psykiske plager og lidelser, som ulikt tilbud i kommuner, variasjon i spesialisthelsetjenesten, utilstrekkelig koordinering og mangelfull styringsinformasjon. Dette er funn regjeringen tar på stort alvor. La meg understreke at psykisk helse er høyt prioritert. Regjeringen la i 2023 fram Opptrappingsplan for psykisk helse. Planen skal styrke feltet med 3 mrd. kr fram til 2033. Så langt er feltet styrket med om lag 1,2 mrd. kr, og en rekke tiltak er igangsatt. Vi ser f.eks. en økning i lavterskeltilbud for barn og unge, der vi har gått fra 55 pst. i 2024 til 72 pst. nå. Vi ser at ventetidene har gått ned. Så vidt jeg vet, har Folkehelseinstituttet aldri registrert kortere ventetid for å starte helsehjelpen innen psykisk helsevern for barn og unge enn det de registrerte i mai 2026. Det er også gledelig at flere barn og unge får behandling i BUP. Samtidig vil jeg understreke at det gjenstår mye arbeid. Vi må fortsette innsatsen for å sikre at det er lavterskeltilbud i alle landets kommuner. Vi må fortsette å bygge ut ambulante tjenester, som FACT Ung, og vi må ha tydeligere oppfølging av både ventetider, forløp og kapasitet i psykisk helsevern for barn og unge. Opptrappingsplanen skal justeres underveis. Helsedirektoratet rapporterer årlig på tiltak og resultatmål, og SINTEF gjennomfører følgeevaluering. Sammen med et bredt flertall her i Stortinget har vi vedtatt å legge fram en midtveisevaluering av denne planen innen utgangen av 2027. Det kommer regjeringen selvfølgelig til å gjøre. Vi vil også bruke Riksrevisjonens rapport i arbeidet med å følge opp midtveisevalueringen. Sammen vil dette legge et godt grunnlag for en oppdatert og forsterket opptrappingsplan. Jeg vil også legge til at vi tar en rekke grep for å bidra til bedre samhandling. Vi har nedsatt et helsereformutvalg, som skal se på nye modeller for samhandling og hvordan vi best organiserer helsetjenestene. Helsedirektoratet vurderer nå også ulike samarbeidsmodeller innen psykisk helse og hvordan de kan breddes ut. Et eksempel jeg har vist til i Stortinget flere ganger tidligere, er modellen «Én vei inn» i Vestfold. Der sitter kommune og spesialisthelsetjeneste sammen og vurderer henvisningene. Målet er at ingen pasienter skal avvises, og at en skal starte opp helsehjelp innen 14 dager. Hvis og når dette lykkes – for jeg har stor tro på dette prosjektet – mener jeg at modeller som dette må bli den nye nasjonale standarden. Det håper jeg at Stortinget er enig i. Rapporten viser også til at det er mangler i kunnskapsgrunnlaget. Det er jeg helt enig med Riksrevisjonen i at vi må forbedre. Vi er i gang med å bedre rapportering og datagrunnlag, bl.a. gjennom utvikling av et helt nytt kommunalt pasient- og brukerregister og et nytt kvalitetsregister innen psykisk helsevern for barn og unge. Avslutningsvis vil jeg understreke igjen at regjeringen tar Riksrevisjonens funn på alvor. Jeg mener det er en svært god rapport som jeg har lest med stor interesse. Det er flere konkrete forslag til oppfølging vi kommer til å følge opp. Vi skal jobbe for at barn og unge skal møte et mer tilgjengelig, mer likeverdig og bedre samordnet helsetilbud. I det arbeidet er Riksrevisjonens anbefalinger helt sentrale."
2026-06-17,refs-202526-06-17,Møte onsdag den 17. juni 2026,Anne Grethe Hauan,FrP,Right,hovedinnlegg,"Anne Grethe Hauan (FrP) [13:39:06]: Først av alt vil eg takka Riksrevisjonen for ein veldig tydeleg rapport. Det finst lite som er meir smertefullt enn å stå ved sida av eit menneske du er glad i, og sjå at det slit utan å få den hjelpa det treng. Slik er kvardagen for altfor mange familiar og pårørande i Noreg i dag. Foreldre fortel at dei har kjempa i månadsvis – ja, i årevis – for å få ungen sin eller ungdomen sin inn til behandling. Dei møter ventelister, avslag og eit system som ikkje heng saman. Eg får meldingar frå ungdomar og vaksne som seier at dei blir sende fram og tilbake mellom fastlege, skule og hjelpeapparat, utan at nokon tek ansvar. Dei blir svingdørspasientar i eit system som eigentleg skulle fanga dei opp. Eg høyrer om dei som får beskjed om at dei ikkje er sjuke nok, før dei til slutt blir så sjuke at dei må leggjast inn. Og så blir dei skrivne ut igjen, så fort dei viser ei lita antyding til forbetring. Riksrevisjonen slår fast det mange har kjent på lenge: Barn og unge får ikkje den hjelpa dei treng. Det kanskje mest alvorlege er at kvar ein bur, avgjer kva hjelp ein får. Slik skal det jo ikkje vera. Mange kommunar manglar heilt grunnleggjande tilbod. I staden blir ansvaret lagt på helsesjukepleiarar som ikkje har nok kapasitet og ofte ikkje rett kompetanse. Konsekvensane er alvorlege. Barn og unge tapar verdifull tid. Problema blir større mens dei ventar. Fleire fell ut av skule eller jobb og opplever utanforskap. Det er ikkje berre barn, det er faktisk òg unge vaksne og vaksne. Dette er ikkje enkeltståande tilfelle, det er ei systemsvikt. Framstegspartiet har alltid sagt: Når behovet aukar, må kapasiteten auka. Me må få ned ventetidene raskt. Ja, det er ventetid, elles er det nokon som har rekna veldig feil. Me må ta i bruk alle gode krefter, òg private og ideelle, for å få fleire til behandling. Me må sikra reell valfridom, slik at pasientar kan velja behandlingsstad der det er kapasitet. Fritt behandlingsval må tilbake. Me må òg styrkja kommunane, slik at hjelpa kjem tidleg, før problema får veksa seg store. Ein skal ikkje bli sjukare av å venta på hjelp. Foreldre bryr seg ikkje om kven som gjev hjelpa, dei bryr seg om ho finst når dei treng ho. Dette handlar ikkje om mangel på kunnskap, det handlar om mangel på handling. Arbeidarpartiet har hatt ansvaret dei siste åra, og resultatet ser me no. Barn og unge som slit psykisk, har ikkje tid til fleire planar, rapportar og bortforklaringar. Dei treng hjelp no."
2026-06-17,refs-202526-06-17,Møte onsdag den 17. juni 2026,Mona Nilsen,A,Left,hovedinnlegg,"Mona Nilsen (A) [13:43:15]: Riksrevisjonens undersøkelse peker på flere alvorlige utfordringer i tjenestene til barn og unge med psykiske plager og lidelser, og det er noe vi må ta på alvor. Samtidig er det også viktig å understreke at dette ikke er utfordringer som har oppstått raskt, og de lar seg heller ikke løse med ett enkelt grep. Det kreves et langsiktig og systematisk arbeid, og det er nettopp det regjeringen har lagt opp til. For Arbeiderpartiet er psykisk helse høyt prioritert. Opptrappingsplanen som ble lagt fram i 2023, innebærer en styrking på 3 mrd. kr fram mot 2033. Til nå er om lag 1,2 mrd. kr tilført feltet, og en rekke tiltak er satt i verk. Vi ser allerede noen resultater. Det er etablert flere lavterskeltilbud i kommunene, ventetidene er gått ned, og flere barn og unge får behandling i psykisk helsevern. Samtidig skal vi ikke legge skjul på at det fortsatt er store utfordringer. Derfor er det viktig å styrke innsatsen, særlig i førstelinjen, der behovet for tilgjengelig hjelp er størst. Et gjennomgående tema i rapporten er manglende samhandling. Tjenestene er ikke godt nok koordinert, og det får konsekvenser for dem det gjelder. Dette er et område regjeringen arbeider målrettet med. Da er det viktig å vise til det pågående helsereformutvalget, som skal vurdere hvordan tjenestene kan organiseres mer helhetlig. Som statsråd Vestre var inne på, har Helsedirektoratet i tillegg fått i oppdrag å vurdere og videreutvikle samarbeidsmodeller innen psykisk helse, bl.a. med utgangspunkt i erfaringer som «Én vei inn» i Vestfold. Dette er konkrete tiltak for å sikre bedre sammenheng i tjenestene. Det er også viktig å si at vi viderefører satsingen på ambulante tjenester som FACT ung og styrkingen av de kommunale lavterskeltilbudene. Vi følger opp ventetidene. Ventetidene går ned, og det er bra. Opposisjonen etterlyser resultater på dette området. Det er både forståelig og viktig. Samtidig er det grunn til å understreke at de tiltakene som nå gir effekt, er resultat av tydelige politiske prioriteringer og langsiktig oppbygging. Avslutningsvis vil jeg understreke at Arbeiderpartiet tar utfordringene på alvor. Derfor følges de opp med konkrete tiltak, systematisk arbeid og langsiktig prioritering. For målet må være klart: Barn og unge skal møte et mer tilgjengelig, mer likeverdig og bedre koordinert tilbud, uavhengig av hvor de bor."
2026-06-17,refs-202526-06-17,Møte onsdag den 17. juni 2026,Aina Stenersen,FrP,Right,hovedinnlegg,"Aina Stenersen (FrP) [13:46:58] (ordfører for saken): Komiteen har behandlet Dokument 3:10 for 2025–2026, Riksrevisjonens undersøkelse av helsetjenestenes samhandling om eldre. Komiteen vil trekke fram at Stortinget i mange år har understreket behovet for god samhandling mellom spesialisthelsetjenesten og de kommunale helse- og omsorgstjenestene. Dette skal bidra til at alle pasienter får et godt og likeverdig tilbud, og at ressursene blir utnyttet effektivt. Stortinget har lagt til grunn at helsehjelp skal utføres på det laveste effektive omsorgsnivået, i tråd med det såkalte LEON-prinsippet, jf. Innst. 424 L for 2010–2011. Komiteen merker seg at Riksrevisjonen viser til at samhandlingsreformen ble innført i 2012, og at Riksrevisjonen peker på at det er godt kjent og godt dokumentert at det har vært vedvarende svakheter i samhandlingen om pasienter som trenger tjenester fra både kommunen og spesialisthelsetjenesten, etter at reformen ble innført. Komiteen merker seg også at Riksrevisjonen trekker fram at for å sikre en bærekraftig helsetjeneste blir det helt avgjørende at kommunene og sykehusene samarbeider godt om pasientforløpet til disse pasientene. SSB viser til at tallet på eldre over 80 år vil doble seg fra 2024 til 2045, og at i 2033 vil tallet på eldre over 80 år ha økt med 50 pst. sammenlignet med 2024. Komiteen viser til flere av Riksrevisjonens konklusjoner: Spesialisthelsetjenesten behandler i dag i mange tilfeller pasienter som heller burde fått hjelp i helse- og omsorgstjenesten i kommunene. Sykehusene vil framover bli overbelastet dersom ikke helsetjenestene i større grad enn i dag utføres på lavest mulige omsorgsnivå. Eldre i sykehusenes vertskommuner bruker spesialisthelsetjenester mer enn eldre i andre kommuner. Svak samhandling gjør at mange pasienter ikke får sammenhengende tjenester. Det er også slik at styringen til departementet ikke sikrer god samhandling eller tilstrekkelig informasjon om virkemidlene for samhandling har fungert. Komiteen slutter seg til Riksrevisjonens konklusjoner. Komiteen viser videre til Riksrevisjonens overordnede vurdering, som er «kritikkverdig». Komiteen slutter seg til Riksrevisjonens kritikk. Komiteen vil videre vise til Riksrevisjonens anbefalinger, som bl.a. anbefaler at Helse- og omsorgsdepartementet sørger for at statlige virkemidler blir innrettet på en slik måte at de fremmer pasientforløp på laveste effektive omsorgsnivå. Dette innebærer at kommunene må ha en riktig bruk av kommunalt akutt døgntilbud og legevakt, en god oppfølging av fastlegenes tilvisingspraksis, og at samhandlingen om utskrivningsklare pasienter må bli bedre. Det innebærer også at departementet vurderer insentivene for at kommunene tar imot utskrivningsklare pasienter. De regionale helseforetakene må også ivareta sitt ansvar for å legge til rette for nødvendig samarbeid med kommunene om å tilby tjenester. Komiteen slutter seg til Riksrevisjonens anbefalinger. Komiteen vil avslutningsvis vise til at statsråden i sitt svarbrev til Riksrevisjonen tar Riksrevisjonens funn og anbefalinger på alvor. Komiteen registrerer at statsråden på egnet måte vil følge opp anbefalingene i det videre arbeidet til departementet, og at han i styringsdialogen med de regionale helseforetakene vil be om at de følger opp anbefalingene fra Riksrevisjonen. Komiteen viser også til at statsråden bemerker at undersøkelsen stadfester utfordringer som regjeringen allerede har identifisert. Avslutningsvis vil komiteen trekke fram at dette er et meget viktig arbeid, og at vi trenger å sikre en bærekraftig helsetjeneste i framtiden og nå."
2026-06-17,refs-202526-06-17,Møte onsdag den 17. juni 2026,Kari Baadstrand Sandnes,A,Left,hovedinnlegg,"Kari Baadstrand Sandnes (A) [13:51:48]: Takk til Riksrevisjonen for nok en god og lærerik rapport. Riksrevisjonens undersøkelse har vist at samhandlingen mellom kommunene og spesialisthelsetjenesten har hatt svakheter – særlig for eldre med sammensatte behov. Pasienter er helt avhengig av at tjenestene henger sammen, men mange har opplevd at de ikke gjør det. Merknadene i saken peker på behovet for bedre koordinering, tydeligere ansvar og bedre informasjonsflyt. For Arbeiderpartiet er dette helt sentralt: Eldre pasienter skal møte én helsetjeneste, ikke bli sendt fram og tilbake mellom nivåene. En utskrivningsklar pasient skal ikke ligge på sykehus, men få komme hjem til kommunen sin på riktig nivå i omsorgstrappen når pasienten er klar for det – såkalt utskrivningsklar. Det er ikke bra for pasienten – eller pårørende – å oppholde seg på feil plass i helsetjenesten. Det fører også til at helsepersonell ofte må bruke kompetansen sin på feil sted, i stedet for der den trengs mest. Dessuten viser det også hvor viktig det er med riktig oppgavedeling i tjenestene, slik at kompetansen brukes der den gir best effekt. Uten dette er det vanskeligere å få til behandling på riktig nivå, og det utfordrer utviklingen av en bærekraftig helsetjeneste. Statsråden har over tid vært tydelig på disse utfordringene og har jobbet for å få fram forbedringer, gjennom bl.a. Ventetidsløftet, arbeidet med bedre pasientforløp og oppfølging av samhandlingsreformen. Samtidig viser Riksrevisjonen at styringen og oppfølgingen ikke har vært god nok, og at det fortsatt er behov for å følge bedre opp at tiltakene faktisk virker i praksis. Vi ser spennende initiativer, f.eks. fra min egen region, som LofotENhelsetjeneste, et samarbeid mellom spesialisthelsetjenesten og kommunene der man faktisk prøver å få tjenestene til å henge bedre sammen i praksis. For Arbeiderpartiet er veien videre klar: Vi må styrke kommunehelsetjenesten slik at flere eldre kan få gode tjenester, og slik at kommunene faktisk har kapasitet til å ta det ansvaret de har. Det betyr ikke nødvendigvis mer penger, det kan være verktøy for bedre bruk av de ressursene man allerede har. I dette ligger selvfølgelig samhandling med tillitsvalgte og vernetjenesten. Vi må i større grad planlegge tjenestene sammen, mellom kommunene og sykehusene, slik at kapasiteten faktisk henger sammen. Vi står foran en kraftig vekst i antall eldre. Da har vi ikke råd til at tjenestene ikke henger sammen. Eldre mennesker skal møte én helsetjeneste med kvalitet, sammenheng og trygghet. Det er dette Arbeiderpartiet vil bygge videre på."
2026-06-17,refs-202526-06-17,Møte onsdag den 17. juni 2026,Margret Hagerup,H,Right,hovedinnlegg,"Margret Hagerup (H) [13:55:20]: Riksrevisjonens rapport er dyster lesning. Den bekrefter det Høyre har advart mot lenge: Samhandlingen mellom sykehus og kommuner svikter, og det går hardest ut over våre eldre. Riksrevisjonen slår fast at sykehusene i dag behandler mange pasienter som egentlig skulle hatt hjelp i kommunen. De advarer om at sykehusene overbelastes hvis vi ikke klarer å gi hjelp på lavest forsvarlige omsorgsnivå. Samtidig ser vi store geografiske forskjeller i bruken av spesialisthelsetjenesten. Riksrevisjonen peker også på at ledelsen er for lite oppmerksom på kjente svakheter, og at departementets styring ikke sikrer god nok samhandling. Resultatet er at eldre pasienter ikke får sammenhengende tjenester. Et av de tydeligste eksemplene er rehabilitering. For mange eldre skrives ut fra sykehus uten å få den opptreningen de trenger. Istedenfor å få hjelp til å gjenvinne funksjon og selvstendighet blir de kasteballer mellom ulike nivåer i helsetjenesten. Samtidig har regjeringen skapt stor usikkerhet rundt rehabiliteringstilbudene. Etter at anbudsprosessene ble satt på vent, er det mange private og ideelle institusjoner som fortsatt ikke vet hva framtiden bringer. Det er pasientene som taper når viktige rehabiliteringstilbud blir stående i uvisse. Vi blir flere eldre, og vi lever lenger, og det er bra. Samtidig rapporterer KS at åtte av ti kommuner har utfordringer med å rekruttere sykepleiere, og at utfordringene kommer til å bli større i årene som kommer. Det er også flere hjemmeboende som kommer til å ha mer komplekse utfordringer. Da er det oppsiktsvekkende at regjeringen svarer med å sende på høring forslag om å fjerne de lovfestede kompetansekravene i helse- og omsorgstjenestene. Regjeringen kaller det å slippe kommunene fri. Jeg vil heller kalle det å senke ambisjonene. Kompetansekravene ble i sin tid innført av en grunn. Det var for å sikre pasienter forsvarlige, trygge og likeverdige tjenester uavhengig av hvor i landet de bor. Når vi vet at mange kommuner allerede strever med å rekruttere nødvendig helsepersonell, er det vanskelig å forstå hvorfor svaret skal være å redusere kravene framfor å styrke kapasiteten og fagmiljøene. Allerede under kommunereformen advarte ekspertutvalget om at mange kommuner ville få utfordringer med å bygge robuste fagmiljø og håndtere stadig mer komplekse velferdsoppgaver. Senere har generalistkommuneutvalget pekt på de samme utfordringene knyttet til både kapasitet, kompetanse og sårbarhet i små fagmiljø. Det betyr ikke at små kommuner gjør en dårlig jobb – mange gjør en formidabel innsats hver eneste dag – men det betyr at oppgavene kommunene er satt i stand til å løse, i stadig større grad utfordrer den strukturen vi har organisert oss etter. Sannheten er at mange av de utfordringene vi nå ser i helse- og omsorgstjenestene, forsterkes av en kommunestruktur der flere kommuner har begrenset befolkningsgrunnlag til å bygge robuste fagmiljø og rekruttere nødvendig kompetanse. Når behovene øker samtidig som kampen om arbeidskraften blir hardere, blir dette stadig mer krevende. Svaret på bemanningsutfordringene kan ikke være å senke ambisjonene for kvalitet og kompetanse. Svaret må være å bygge sterkere fagmiljø, mer spesialisering og mer robuste kommuner som er i stand til å levere gode tjenester, også når den økte andelen eldre for alvor inntreffer. I fire år har Høyre tatt til orde for at vi skal få på plass trygghetsboliger. Det er et konsept som gjør at flere kan bo trygt hjemme, samtidig som helsepersonell får det lettere. Regjeringen har mange ganger i denne salen snakket fint om trygghetsboliger og hvor bra det kan være, men fremdeles er ikke den løsningen på plass. For hvert år nødvendige endringer utsettes, er det innbyggerne, pasientene og de ansatte som betaler prisen. Vi trenger en helsetjeneste som setter pasienten foran systemet, en helsetjeneste som stiller krav til kvalitet og kompetanse, og en helsetjeneste som er med og rigger kommunene våre for framtiden. Riksrevisjonen tegner et dystert bilde. Sist uke la Riksrevisjonen fram en annen rapport om eldreomsorgen, som viser at det er et fåtall av kommunene i dette landet som har forberedt seg på de demografiutfordringene vi har snakket om i mange år, både i denne sal og utenfor. Det er ingen tvil om at dette nå haster. Støre-regjeringen er god til å kaste opp prøveballonger og utrede, men nå trengs det prioriteringer. Vi har kunnskapen, og vi vet hva vi skal gjøre. Nå må vi gjøre det. Da tror jeg jammen meg vi trenger en ny regjering."
2026-06-17,refs-202526-06-17,Møte onsdag den 17. juni 2026,Hege Bae Nyholt,R,Left,hovedinnlegg,"Hege Bae Nyholt (R) [14:00:11]: Først vil jeg takke Riksrevisjonen for en viktig rapport. Jeg har vel kanskje ymtet om at Riksrevisjonen er relativt produktiv, men det er viktige rapporter som kommer, og de er viktige for det politiske ordskiftet, så det setter jeg pris på. Alderdom er noe svært mange i Norge gruer seg til. Det er slett ikke sikkert at det blir en hvile, en pause eller muligheten til å gjøre alle de tingene man har utsatt. Kanskje vil det være preget av usikkerhet, stress og angst. Dagens helsetjeneste for eldre ligger på et lavt omsorgsnivå, ofte altfor lavt. Dårlig kommuneøkonomi har presset tjenestene nedover, og vi ser at mange pleietrengende og multisyke eldre blir boende hjemme uten å få forsvarlige helse- og omsorgstjenester. Overmedisinering, underernæring, manglende oppfølging av tannhelse og ensomhet er ikke uvanlig. Det er ikke verdig. Som så mye annet, handler også tilbudet vi gir til våre eldre, om kommuneøkonomi. Dagens økonomiske situasjon for kommunene er svært krevende, og det har den vært i mange år. Mange kommuner har ikke den økonomien de trenger for å sikre de lovpålagte tjenestene til sine innbyggere. Samtidig som kommunene har en vanskelig økonomi, vet vi at eldrebefolkningen vil bli stadig større, eldre og mer mangfoldig. Mange av oss – meg inkludert – vil ønske å bo hjemme så lenge som mulig. Jeg har ville planer for pensjonisttilværelsen. Samtidig er det kanskje mange som ikke vil oppleve at det er trygt å bli boende hjemme. Hjemmetjenesten er ofte underbemannet, og terskelen for å få sykehjemsplass har blitt altfor høy. Utbygging av sykehjem og omsorgsboliger går for sakte. Kommunal akutt døgnenhet, legevakt og helsehus er dyrt å drive og ofte også underbemannet. Hvordan den geografiske og sosiale ulikheten innenfor eldreomsorgen vil utvikle seg framover, er avhengig av en rekke forhold. Det er en nøkkelfaktor å sikre tilstrekkelige personellressurser i den offentlige omsorgen. Det betyr at vi trenger flere folk på jobb. Vi trenger flere folk som kan sørge for at det er tilstrekkelig omsorg for de eldre. Uten nok offentlige ressurser vil etterspørselen i større grad dreie seg mot uformell omsorg eller kommersielle, markedsbaserte løsninger. Det betyr at det enten er familien sitt ansvar å ta vare på, eller de som har penger i lommeboka, som kan kjøpe seg den beste løsningen. Det vil åpne for større forskjeller innenfor helse. SSBs framskriving av behovet for arbeidskraft i helse- og omsorgssektoren tyder på at veksten i årsverk vil bli betydelig, og det finnes ting KI ikke kan løse. Vi trenger fortsatt helsefagarbeiderne, sykepleierne, legene, portørene og renholderne. Vi må sikre at folk vil bli det, og at de blir i yrket. Hvis vi som nasjon skal kunne sikre våre eldre en verdig og god alderdom, må vi ta innover oss alvoret i rapporten fra Riksrevisjonen. Vi må styrke kommunenes økonomi, vi må bygge ut omsorgs- og pleietilbudet, og vi må ikke minst sikre nok kvalifiserte ansatte."
2026-06-17,refs-202526-06-17,Møte onsdag den 17. juni 2026,Kjersti Toppe,Sp,Center,hovedinnlegg,"Kjersti Toppe (Sp) [14:03:50]: Riksrevisjonen konkluderer i sin rapport med at sjukehusa kan bli overbelasta om dagens bruk av sjukehustenester held fram, og at pasientar i staden kunne ha vore behandla i kommunane. Eg og Senterpartiet er sjølvsagt heilt einige i at all helsehjelp skal ytast på lågast mogleg nivå, både fordi det er best for pasientane å reisa mindre og fordi ein ikkje treng eit meir spesialisert tilbod, og det nærmaste tilbodet må givast nærmast mogleg der pasienten bur. Det er òg noko av bakgrunnen for vårt engasjement for lokalsjukehusa som behandlar veldig mange eldre pasientar, lokalsjukehus med breiddekompetanse som har eit godt samarbeid ut mot kommunane som dei høyrer til. Eg har likevel ein generell kommentar til denne riksrevisjonsrapporten, for det ligg noko i han som kan vera urovekkjande. Eg ser at Riksrevisoren i ei pressemelding frå 5. mai seier: «Kommunene bør selv kunne håndtere en større del av helsetjenestene de eldre trenger. Det kan frigjøre kapasitet i sykehusene som kan bli brukt på å gi pasienter med større behov raskere behandling.» Mi vurdering er at ein i denne rapporten kanskje ikkje ser dette heilskapleg, og eg spør: Står vi i fare for å laga ein praksis og ei forståing for at eldre pasientar ikkje skal leggjast inn på sjukehus, berre fordi dei er eldre? Det strir jo mot alle prioriteringsreglar vi har i helsevesenet om at alder ikkje er ein sjølvstendig faktor, men at ein skal få helseteneste etter behov. I ei tid da fleire blir eldre, er det mange som òg blir friske eldre. Det er mange aktive, friske 80-åringar som har eit heilt reelt behov for sjukehusbehandling, og som sjølvsagt må få det når dei har eit behov for det. Med samhandlingsreforma blei det ein endra praksis. Det blei mange fleire som blei definerte som utskrivingsklare pasientar; det blei auka frå 24 000 pasientar i 2010 til 87 000 i 2018. Sanninga er at norske kommunar i løpet av dei siste åra har tatt imot mange fleire ganske dårlege og skrøpelege eldre pasientar, fordi norske sjukehus har effektivisert. Liggetida har gått ned – ho har gått ned med eit heilt døgn frå 2018 til 2022 – og ingen må fortelja meg at dette ikkje handlar om tilbodet til dei sjukaste eldre. Eg vil òg visa til eit innlegg som leiaren i Overlegeforeningen og leiaren i Allmennlegeforeningen hadde i Dagens Medisin den 15. mai, da dei skreiv at eldre pasientar ikkje er «et problem sykehusene må skjermes mot. Mange har stor nytte av moderne behandling, og skal selvsagt ha tilgang til den». Vidare skreiv dei at vi lever lenger og friskare enn før, og at «den virkelige kapasitetsutfordringen ligger i kommunene». Eg kunne ha ønskt at ein hadde eit anna fokus i denne saka. I staden for å beskriva det som eit problem at eldre pasientar blir lagde inn på norske sjukehus, må vi sjå på korleis vi kan få til at alle pasientar, både unge og gamle, får mest mogleg behandling og gode tenester i kommunane. Vidare skal retten til ei spesialisert sjukehusbehandling vera universell, uavhengig av alder. Vi må òg sjå på den utskrivingspraksisen som norske sjukehus har. Eg trur at for ein del pasientar, kanskje òg eldre pasientar, vil eitt døgn til på sjukehus vera det som kan hindra hyppig reinnlegging, og at ein unngår at dei blir kasteballar i eit system der omsynet til økonomi og effektivitet ofte synest å trumfa det er god og forsvarleg pasientbehandling."
2026-06-17,refs-202526-06-17,Møte onsdag den 17. juni 2026,Statsråd Jan Christian Vestre,NA,NA,hovedinnlegg,"Statsråd Jan Christian Vestre [14:09:01]: Tusen takk til Riksrevisjonen, som nok en gang har skrevet en lesverdig rapport – denne gangen en undersøkelse som viser at samhandlingen mellom spesialisthelsetjenesten og de kommunale helse- og omsorgstjenestene ikke fungerer godt nok for eldre pasienter. Det er et faktum. Det er for mange eldre i dag som opplever at tjenestene våre ikke henger godt nok sammen. Det er hele bakgrunnen for regjeringens tydelige prioritering av arbeidet med en helsereform, som en del av Regjeringens plan for Norge og trygghet for helsen. Målet er en mer sammenhengende tjeneste og bedre pasientforløp. Vi har vært tydelige om målbildet. De kravene vi stiller til forløp, til kvalitet, til frister og til ventetider, skal følge pasienten hele veien gjennom, uansett om det er kommunene eller spesialisthelsetjenesten som har ansvaret. For å få til det må vi tenke helt nytt. Det gjelder ikke, nytter ikke og er ikke tilstrekkelig bare å flikke på det vi har. Vi må faktisk være villige til å gjøre ting på helt nye måter. Derfor har vi nå et utvalg og mange prosesser som jobber med å få fram alternative måter å styre, organisere og finansiere helsetjenesten på. Da må vi bl.a. diskutere hva spesialisthelsetjenesten skal ha ansvar for, hva kommunene må ha ansvar for, hvordan vi får finansieringssystemer som faktisk insentiverer, prioriterer og vektlegger at pasientene skal få behandling på lavest mulig nivå – det har vi ikke i dag – og hvordan vi får samhandlingsløsninger og også IKT-løsninger som gjør at data på trygge måter kan flyte fritt mellom kommune og spesialisthelsetjeneste, slik at vi har god innsikt om pasientene våre. Det er mye å ta tak i her. Riksrevisjonens rapport viser det samme bildet. Derfor er jeg glad for denne rapporten. Jeg anbefaler alle dem som fortsatt måtte stille spørsmål ved om vi har kasteballer i norsk helsetjeneste, om det finnes svingdørpasienter i norsk helsetjeneste, eller om det er behov for en helsereform, å lese denne rapporten. Da tror jeg en får et klart og tydelig svar på hvorfor det er behov for en ny helsereform. Jeg vil også vise til Prosjekt X, som er et samarbeid mellom regjeringen og KS, der innovative kommuner og innovative sykehus nå samhandler på helt nye måter og leverer helsetjenestene på helt nye måter. I prosjektet på Lillehammer er det sømløs integrasjon mellom kommunehelsetjenesten og spesialisthelsetjenesten, slik at langt flere får hjelp hjemme, der de bor, i kommunene sine. Det har bidratt til færre sykehusinnleggelser, færre reinnleggelser – med den risikoen det også er for eldre og skrøpelige pasienter – og bedre ressursutnyttelse. De eldre og deres pårørende er fornøyde, kommunene er fornøyde, og spesialisthelsetjenesten er fornøyd. Et annet viktig prosjekt er i Tromsø, der kommunen sammen med sykehuset nå samhandler på nye måter. Allerede få uker etter at dette prosjektet ble innført, har antall utskrivningsklare pasienter gått ned. Sykehuset skal ta ansvar for pasientene etter at de er skrevet ut, i to–tre døgn etterpå. Det er også viktig for å unngå unødvendige reinnleggelser. Jeg kan også vise til prosjektene på Ahus og i Østfold, der en nå jobber med integrerte helsetjenester som gir spesielt hjemmeboende og skrøpelige eldre felles oppfølging fra kommune, fastlege og sykehus. Ambisjonen min er at vi når vi får rapporten fra helsereformutvalget og konklusjonene fra Prosjekt X, vil gå til Stortinget med skisse til en helsereform som skal løse disse strukturelle utfordringene vi har. Der håper jeg det vil være mulig med et bredt politisk samarbeid, for jeg tror alle politiske partier deler den samme problemforståelsen, og jeg tror alle politiske partier kan ha konstruktive innspill og forslag til hvordan vi skal gjøre det bedre framover. Inntil videre er det veldig viktig at vi fortsetter arbeidet med å rekruttere og beholde helsepersonell. Derfor la regjeringen på fredag fram Helsepersonellplan 2040, som viser – tiltak for tiltak og virkemiddel for virkemiddel – hvordan vi skal sette både kommuner og sykehus i stand til å møte behovet for 42 000 helsepersonell fram mot 2040. Vi må sette kommunene i stand til å bygge flere sykehjemsplasser. Det handler om tilskuddene fra Stortinget, men også om at ordningen må avbyråkratiseres og gjøres vesentlig enklere for kommunene. Vi må fortsette å styrke allmennlegetjenesten, førstelinjen vår, for den er avgjørende også for eldre og skrøpelige pasienter."
2026-06-17,refs-202526-06-17,Møte onsdag den 17. juni 2026,Statsråd Jan Christian Vestre,NA,NA,replikk,"Statsråd Jan Christian Vestre [14:14:42]: Jeg mener at de politiske initiativene vi nå har satt i gang, er helt riktig, og de kommer til å virke. Jeg må også minne om at denne riksrevisjonsrapporten bruker registerdata helt tilbake fra 2015, så det er for så vidt et bilde og en utvikling over ti år. Det er ikke slik at skiftende regjeringer ikke har forsøkt å gjøre noe med dette. Stoltenberg-regjeringen innførte samhandlingsreformen. Høyre–FrP-regjeringen innførte helsefellesskapene. Det er gjort forsøk på forbedringer, men min klare analyse og vurdering er at hvis vi fortsetter å flikke på systemer som ikke virker godt nok, kommer vi ikke til å løse denne samhandlingsfloken, for vi har mer enn nok av erfaring nå til å si at det kommer ikke til å virke. Det er derfor jeg mener vi må gå fundamentalt til verks på finansiering, på styring, på organisering og på ansvar. Vi må rett og slett tenke helt nytt om disse pasientforløpene og hva kommunene og spesialisthelsetjenesten skal ha ansvaret for, for dagens tjenester er rett og slett ikke gode nok."
2026-06-17,refs-202526-06-17,Møte onsdag den 17. juni 2026,Statsråd Jan Christian Vestre,NA,NA,replikk,"Statsråd Jan Christian Vestre [14:20:12]: Jeg tror aldri det blir for mye kompetanse. Hvis det var sånn at dagens lovgiving, som altså ikke sier noe som helst annet enn at kommunene må tilknytte seg visse typer personellgrupper, hadde gitt så gode resultater, så er det litt merkelig at vi har denne riksrevisjonsrapporten. Denne riksrevisjonsrapporten tar også opp i seg utviklingen fra 2015 til 2024 og 2025, og i flere av de årene hadde vi disse kravene. Dette er et forsøk som skal på høring, og kommunal- og distriktsministeren har vært veldig tydelig på at det er en reell høring. Regjeringen merker seg at det er stort engasjement om dette. Det er et forslag som kom fra kommunekommisjonen fordi en mener at kommunene er nærmest til å vurdere hvordan de skal innrette tilbudet sitt. Det er faglig forsvarlighet og pasient- og brukerrettighetene som skal være styrende for alle tjenestene. Om de blir bedre, eller om de svekkes, ved at man har en sånn formulering eller ikke, mener jeg er ganske uklart."
2026-06-17,refs-202526-06-17,Møte onsdag den 17. juni 2026,Statsråd Jan Christian Vestre,NA,NA,replikk,"Statsråd Jan Christian Vestre [14:24:36]: Jeg mener vi skal se på alt, og det håper jeg representanten også er enig i. Da må vi se på både regler, finansiering, styring og organisering av spesialisthelsetjenesten. Vi må også se på kommunenes rolle. Vi har et felles ansvar på tvers av forvaltningsnivåene for å ivareta disse pasientgruppene. Jeg nevnte tidligere fra talerstolen Prosjekt X i Tromsø, som er veldig interessant. Der har universitetssykehuset og kommunen gått sammen om å løse disse problemene på en ny måte. Der har sykehuset 96 timer oppfølging av pasientene etter utskrivning. Det betyr at da har sykehuset også insentiver til å ikke skrive ut pasientene for tidlig, samtidig som de er med og har et ansvar for at pasientene får god oppfølging i kommunene. De innfører ambulerende sykepleiebil og styrking av eksisterende legevaktbil, sånn at flere får hjelp hjemme, og nye forløpsavtaler. Dette er prosjekter vi bør heie på, for det kan være oppskriften på hvordan vi bør organisere disse tjenestene framover."
2026-06-17,refs-202526-06-17,Møte onsdag den 17. juni 2026,Statsråd Jan Christian Vestre,NA,NA,replikk,"Statsråd Jan Christian Vestre [14:26:42]: Jeg får si: Hva er alternativet til å tro på det? Da må vi jo nesten slutte med politikk. Jeg mener bestemt at det er mulig å få til, og jeg mener at flere av disse prosjektene som nå testes ut, er kimen til noe som kan bli veldig bra. De viser at kommunene og spesialisthelsetjenesten tar disse utfordringene inn over seg, og så jobber de ikke ut fra teoretiske modeller, men de tester i praksis helt nye måter å levere tjenestene på. Så langt virker det veldig lovende. Skal vi få til en slik reform, vil jeg igjen bare understreke at ambisjonsnivået ikke kan være at vi skal flikke litt her og justere litt der, for det kommer ikke til å virke. Det er veldig flott å høre at representanten er så positiv til samhandlingsreformen. Vi har et felles ansvar for den fra Stoltenberg II-regjeringen. Jeg må bare si at jeg dessverre ikke deler den positive beskrivelsen. I mitt hode har det gått 15 år uten at vi egentlig har kommet så fryktelig mye lenger. Derfor mener jeg at vi nå må benytte anledningen til å røske skikkelig opp og gjøre ting annerledes, så vi slipper å få nye riksrevisjonsrapporter om akkurat det samme temaet og med akkurat samme konklusjon."
2026-06-17,refs-202526-06-17,Møte onsdag den 17. juni 2026,Kjersti Toppe,Sp,Center,replikk,"Kjersti Toppe (Sp) [14:27:51]: Det er ikkje slik at eg er positiv til samhandlingsreforma. Eg var positiv. Dette var ei reform som Arbeidarpartiet fremja i et valår, og som var det svaret ein hadde på samhandlingsutfordringane i datida. Eg meiner samhandlingsreforma har ført til at sjukehusa har effektivisert på kostnad av kommunane, og ho har dessverre ført til meir samhandlingsutfordringar og fleire reinnleggingar. Det har faktisk gått ut over dei pasientane som samhandlingsreforma faktisk var til for. Eg vil berre gjera det heilt klart. Spørsmålet mitt gjeld: Når ein som statsråd heile tida viser til ein ny reform, kan det kanskje verka mindre tillitvekkjande når utgangspunktet er at det kanskje er kapasitetsutfordringar her og no som gjer at kommunane har vanskar med å ta imot utskrivingsklare pasientar – som har vorte skrøpelegare – på grunn av effektiviseringskrava i sjukehus."
2026-06-17,refs-202526-06-17,Møte onsdag den 17. juni 2026,Statsråd Jan Christian Vestre,NA,NA,replikk,"Statsråd Jan Christian Vestre [14:28:57]: Jeg hører at representanten hele tiden legger ansvaret på spesialisthelsetjenesten. Jeg tror at dette er mer nyansert enn som så. Så får andre vurdere hvor tillitvekkende det jeg sier, er. Jeg mener bare å være ærlig om utfordringsbildet, og jeg har en klar og bestemt oppfatning av at det ikke vil hjelpe bare å skru på det vi allerede har. Hvis det hadde hjulpet, hadde vi ikke stått i denne situasjonen nå, år ut og år inn, hvor vi snakker om akkurat de samme samhandlingsutfordringene. Da må vi faktisk tørre å tenke nytt og annerledes. Hvis det var slik at vi hadde et ferdig faglig og/eller politisk grunnlag for dette, og vi visste nøyaktig hvordan vi skulle gjort det, kunne vi jo satt i gang og skrevet lovproposisjonen med en gang. Sannheten er at vi foreløpig ikke har gode nok løsninger på hvordan dette skal håndteres. Derfor har vi satt ned dette utvalget, som har det bredeste og største mandatet på 25 år. Derfor har vi satt i gang Prosjekt X, som nå gir veldig lovende resultater. Derfor er vi i gang med rekrutterings- og samhandlingsprosjektene, og det er summen av dette som vil gi oss det grunnlaget vi trenger for en ny helsereform."
2026-06-17,refs-202526-06-17,Møte onsdag den 17. juni 2026,Tom Staahle,FrP,Right,hovedinnlegg,"Tom Staahle (FrP) [14:33:26]: Riksrevisjonen gjør en viktig jobb når de ser oss i kortene. Hva fungerer i det norske samfunn, og hva fungerer ikke? En av de viktigste ansvarsområdene vi som politikere har, er å sikre gode helse- og omsorgstjenester. Jeg har drevet med helsepolitikk gjennom mange år. Jeg har operativ erfaring fra sektoren. Det som framkommer i denne rapporten, er dessverre ikke noe nytt. Samhandlingen om eldre pasienter er alvorlig lesning, og den bekrefter det mange pasienter, pårørende og helsearbeidere har sagt i årevis: Systemet fungerer ikke godt nok. Altfor mange eldre blir kasteballer mellom kommuner og sykehus, og ansvaret pulveriseres når ingen tar det helhetlige ansvaret. Men ansvaret ligger hos den til enhver tid sittende helseminister og regjering. Rapporten slår fast at sykehusene i dag behandler mange pasienter som egentlig skulle fått hjelp i kommunene. Samtidig blir utskrivningsklare pasienter liggende på sykehus fordi kommunene ikke har kapasitet eller tilbud til å ta dem imot. Resultatet er overfylte sykehus, unødvendig venting og dårligere pasientforløp. Hvorfor er det sånn? Jo, kommunene er presset på økonomi, personell og kompetanse. Da er det et stort paradoks at regjeringen vil ta bort kompetansekravet. Vi har også en situasjon hvor stadig flere i yngre aldersgrupper får demens. Vi vet at behovet framover kommer til å bli formidabelt, og presset på kommunesektoren øker. Fremskrittspartiet er tydelig på at noe må skje, og det må skje nå. For det første: Ansvar som pålegges kommunen, må følges opp med ressurser. Samhandlingsreformen flyttet oppgaver fra sykehusene til kommunene, men mange kommuner har ikke fått tilstrekkelig kapasitet til å håndtere disse oppgavene. Konsekvensen er at systemet svikter. For det andre: Ledelsen må stilles til ansvar. Riksrevisjonen peker på at ledelsen i helsetjenesten er for lite oppmerksom på kjente svakheter i samhandlingen, og at departementets styring ikke sikrer god nok oppfølging. Dette er sterkt kritikkverdig. Når problemene har vært kjent i mange år uten å bli løst, er det vel et styringsproblem. Det ligger til regjeringen og ministeren å rydde opp i. For det tredje: Pasientene må settes først. FrP mener helsetjenesten må organiseres etter pasientenes behov, ikke etter forvaltningsnivåenes grenser. Eldre mennesker skal ikke oppleve å bli sendt fram og tilbake fordi kommuner og sykehus ikke samarbeider. Vi trenger bedre bruk av kommunale akuttilbud, raskere mottak av utskrivningsklare pasienter og tydeligere økonomiske insentiver som belønner gode pasientforløp. Riksrevisjonens konklusjon er klar: Bærekraften i spesialisthelsetjenesten er truet. FrP vil ha et helsevesen som setter pasientene først, som bruker ressursene bedre, og som sørger for at eldre får en trygg og sammenhengende behandling på rett sted til rett tid. Det er langt på overtid å gå fra prosess, utredninger og prosjekter til handling."
2026-06-17,refs-202526-06-17,Møte onsdag den 17. juni 2026,Kai Steffen Østensen,A,Left,hovedinnlegg,"Kai Steffen Østensen (A) [14:36:40]: Riksrevisjonens rapport er alvorlig, men også svært viktig, og den peker på at mange eldre ikke får sammenhengende tjenester i dag. Funnene viser at det er mangelfullt på flere nivåer. Det er både et politisk ansvar og et ledelsesansvar i tjenestene. Det er også en utfordring hvordan helsetjenestene over tid har skapt grøftekanter som gjør det for vanskelig for for mange å sikre gode samarbeid internt, men også på tvers av nivåer – med pasienten i sentrum. Det er til tross for at fagfolk hver eneste dag har det som mål: pasientbehandling i ypperste klasse. Konsekvensen er at vår felles helsetjeneste ikke blir én tjeneste, og at for mange dører mellom leddene går ut over pasientbehandlingen. Med det sagt, det skjer svært mye godt i vår felles helsetjeneste, la oss huske på det. Det betyr likevel ikke at vi ikke skal ha et blikk på de utfordringene vi står overfor. Systemkritikken er avgjørende i alt forbedringsarbeid, men særlig i denne saken, for vi blir flere eldre, vi blir færre i yrkesaktiv alder og gapet mellom hvilke tjenester vi skal tilby til enda flere, blir større om vi ikke tar kraftfulle grep. Nettopp kraftfulle grep er et viktig stikkord i denne debatten. For Arbeiderpartiet har initiert en helsereform med mål om å sikre en sammenhengende helsetjeneste. Vi skal riste i byggverket, ta bort barrierer og sørge for at fagfolk kan gi pasienter helsetjenestene de har krav på, men som også gir bedre pasientbehandling, behandling som ikke skal være «knagget» av hvem som eier tjenesten. Som et ledd i dette arbeidet mener jeg at helseministerens Prosjekt X er et viktig svar på Riksrevisjonens kritikk – samhandlingsprosjekter som nettopp skal bygge ned terskler og sørge for at tjenestene ikke bare snakker sammen, men også jobber sammen. Prosjekt X på Voss sjukehus er et slikt eksempel. Der skaper man én reell dør inn til helsetjenesten som syr sammen kommunen og sykehus i første pasientmøte. Prosjekt X i Tromsø er et annet eksempel hvor man tar tak i problemene med utskrivningsklare pasienter, som særlig ramme eldre. Målet er trygge utskrivninger, bedre samhandling og nye digitale løsninger for fagfolkene. Dette er to viktige prosjekter som utvikles i tjenesten – av fagfolk med pasienten i sentrum – og som grunnsteiner for den sammenhengende helsetjenesten vi trenger over hele landet. Mangel på nok fagfolk er også en utfordring. Derfor er Helsepersonellplanen 2040, som ble lagt fram på fredag forrige uke, et svar på Riksrevisjonens rapport. Planen skal bidra til at vi utdanner, rekrutterer og beholder flere fagfolk i vår felles helsetjeneste – bedre samhandling, mer kompetanse, mindre lederspenn og mer ledelse, og et reelt heltidsløft som tar ned antall personer særlig eldre opplever at de må forholde seg til på vakt i tjenesten. Systemkritikken svares ikke ut av én løsning, vi må helhetlig til verks. Riksrevisjonens rapport gir et nødvendig push, et push Arbeiderpartiet tar."
