primary_function_no,primary_function_en,primary_topic_no,primary_topic_en,category,url,title,published_date,published_time,paragraph_type,paragraph_id,paragraph_nwords,doc_id,paragraph_uid,year,month
Institusjonelt ansvar / mandat,Institutional accountability / mandate,Valutakurs og eksterne forhold,Exchange rate and external conditions,Press release,https://www.norges-bank.no/en/news-events/news/Press-releases/2026/2026-03-31-fx/,Norges Bank,2026-03-31,10:00,li,5,4,https___www_norges_bank_no_en_news_events_news_Press_releases_2026_2026_03_31_fx_,https___www_norges_bank_no_en_news_events_news_Press_releases_2026_2026_03_31_fx__p5,2026,3
Institusjonelt ansvar / mandat,Institutional accountability / mandate,Valutakurs og eksterne forhold,Exchange rate and external conditions,Press release,https://www.norges-bank.no/en/news-events/news/Press-releases/2026/2026-03-31-fx/,Norges Bank,2026-03-31,10:00,p,6,94,https___www_norges_bank_no_en_news_events_news_Press_releases_2026_2026_03_31_fx_,https___www_norges_bank_no_en_news_events_news_Press_releases_2026_2026_03_31_fx__p6,2026,3
Politikkforklaring / begrunnelse,Policy explanation / justification,Valutakurs og eksterne forhold,Exchange rate and external conditions,Press release,https://www.norges-bank.no/en/news-events/news/Press-releases/2026/2026-03-31-fx/,Norges Bank,2026-03-31,10:00,p,7,21,https___www_norges_bank_no_en_news_events_news_Press_releases_2026_2026_03_31_fx_,https___www_norges_bank_no_en_news_events_news_Press_releases_2026_2026_03_31_fx__p7,2026,3
Institusjonelt ansvar / mandat,Institutional accountability / mandate,Valutakurs og eksterne forhold,Exchange rate and external conditions,Press release,https://www.norges-bank.no/en/news-events/news/Press-releases/2026/2026-03-31-fx/,Norges Bank,2026-03-31,10:00,p,8,76,https___www_norges_bank_no_en_news_events_news_Press_releases_2026_2026_03_31_fx_,https___www_norges_bank_no_en_news_events_news_Press_releases_2026_2026_03_31_fx__p8,2026,3
Institusjonelt ansvar / mandat,Institutional accountability / mandate,Valutakurs og eksterne forhold,Exchange rate and external conditions,Press release,https://www.norges-bank.no/en/news-events/news/Press-releases/2026/2026-03-31-fx/,Norges Bank,2026-03-31,10:00,p,9,16,https___www_norges_bank_no_en_news_events_news_Press_releases_2026_2026_03_31_fx_,https___www_norges_bank_no_en_news_events_news_Press_releases_2026_2026_03_31_fx__p9,2026,3
Institusjonelt ansvar / mandat,Institutional accountability / mandate,Valutakurs og eksterne forhold,Exchange rate and external conditions,Press release,https://www.norges-bank.no/en/news-events/news/Press-releases/2026/2026-03-31-fx/,Norges Bank,2026-03-31,10:00,p,10,28,https___www_norges_bank_no_en_news_events_news_Press_releases_2026_2026_03_31_fx_,https___www_norges_bank_no_en_news_events_news_Press_releases_2026_2026_03_31_fx__p10,2026,3
Institusjonelt ansvar / mandat,Institutional accountability / mandate,Valutakurs og eksterne forhold,Exchange rate and external conditions,Press release,https://www.norges-bank.no/en/news-events/news/Press-releases/2026/2026-03-31-fx/,Norges Bank,2026-03-31,10:00,p,11,100,https___www_norges_bank_no_en_news_events_news_Press_releases_2026_2026_03_31_fx_,https___www_norges_bank_no_en_news_events_news_Press_releases_2026_2026_03_31_fx__p11,2026,3
Utsikter / fremoverskuende signal,Outlook / forward guidance,Rente og pengepolitisk linje,Interest rates and monetary stance,Press release,https://www.norges-bank.no/en/news-events/news/Press-releases/2026/2026-03-26-rate/,Norges Bank,2026-03-26,10:00,li,5,6,https___www_norges_bank_no_en_news_events_news_Press_releases_2026_2026_03_26_rate_,https___www_norges_bank_no_en_news_events_news_Press_releases_2026_2026_03_26_rate__p5,2026,3
Utsikter / fremoverskuende signal,Outlook / forward guidance,Rente og pengepolitisk linje,Interest rates and monetary stance,Press release,https://www.norges-bank.no/en/news-events/news/Press-releases/2026/2026-03-26-rate/,Norges Bank,2026-03-26,10:00,p,6,50,https___www_norges_bank_no_en_news_events_news_Press_releases_2026_2026_03_26_rate_,https___www_norges_bank_no_en_news_events_news_Press_releases_2026_2026_03_26_rate__p6,2026,3
Politikkforklaring / begrunnelse,Policy explanation / justification,Inflasjon og priser,Inflation and prices,Press release,https://www.norges-bank.no/en/news-events/news/Press-releases/2026/2026-03-26-rate/,Norges Bank,2026-03-26,10:00,blockquote,7,74,https___www_norges_bank_no_en_news_events_news_Press_releases_2026_2026_03_26_rate_,https___www_norges_bank_no_en_news_events_news_Press_releases_2026_2026_03_26_rate__p7,2026,3
Politikkforklaring / begrunnelse,Policy explanation / justification,Rente og pengepolitisk linje,Interest rates and monetary stance,Press release,https://www.norges-bank.no/en/news-events/news/Press-releases/2026/2026-03-26-rate/,Norges Bank,2026-03-26,10:00,p,8,44,https___www_norges_bank_no_en_news_events_news_Press_releases_2026_2026_03_26_rate_,https___www_norges_bank_no_en_news_events_news_Press_releases_2026_2026_03_26_rate__p8,2026,3
Utsikter / fremoverskuende signal,Outlook / forward guidance,Inflasjon og priser,Inflation and prices,Press release,https://www.norges-bank.no/en/news-events/news/Press-releases/2026/2026-03-26-rate/,Norges Bank,2026-03-26,10:00,li,9,47,https___www_norges_bank_no_en_news_events_news_Press_releases_2026_2026_03_26_rate_,https___www_norges_bank_no_en_news_events_news_Press_releases_2026_2026_03_26_rate__p9,2026,3
Utsikter / fremoverskuende signal,Outlook / forward guidance,Økonomisk aktivitet og arbeidsmarked,Economic activity and labor market,Press release,https://www.norges-bank.no/en/news-events/news/Press-releases/2026/2026-03-26-rate/,Norges Bank,2026-03-26,10:00,li,10,42,https___www_norges_bank_no_en_news_events_news_Press_releases_2026_2026_03_26_rate_,https___www_norges_bank_no_en_news_events_news_Press_releases_2026_2026_03_26_rate__p10,2026,3
Utsikter / fremoverskuende signal,Outlook / forward guidance,Valutakurs og eksterne forhold,Exchange rate and external conditions,Press release,https://www.norges-bank.no/en/news-events/news/Press-releases/2026/2026-03-26-rate/,Norges Bank,2026-03-26,10:00,li,11,59,https___www_norges_bank_no_en_news_events_news_Press_releases_2026_2026_03_26_rate_,https___www_norges_bank_no_en_news_events_news_Press_releases_2026_2026_03_26_rate__p11,2026,3
Utsikter / fremoverskuende signal,Outlook / forward guidance,Inflasjon og priser,Inflation and prices,Press release,https://www.norges-bank.no/en/news-events/news/Press-releases/2026/2026-03-26-rate/,Norges Bank,2026-03-26,10:00,p,12,59,https___www_norges_bank_no_en_news_events_news_Press_releases_2026_2026_03_26_rate_,https___www_norges_bank_no_en_news_events_news_Press_releases_2026_2026_03_26_rate__p12,2026,3
Utsikter / fremoverskuende signal,Outlook / forward guidance,Rente og pengepolitisk linje,Interest rates and monetary stance,Press release,https://www.norges-bank.no/en/news-events/news/Press-releases/2026/2026-03-26-rate/,Norges Bank,2026-03-26,10:00,p,13,79,https___www_norges_bank_no_en_news_events_news_Press_releases_2026_2026_03_26_rate_,https___www_norges_bank_no_en_news_events_news_Press_releases_2026_2026_03_26_rate__p13,2026,3
Utsikter / fremoverskuende signal,Outlook / forward guidance,Rente og pengepolitisk linje,Interest rates and monetary stance,Press release,https://www.norges-bank.no/en/news-events/news/Press-releases/2026/2026-03-26-rate/,Norges Bank,2026-03-26,10:00,p,14,41,https___www_norges_bank_no_en_news_events_news_Press_releases_2026_2026_03_26_rate_,https___www_norges_bank_no_en_news_events_news_Press_releases_2026_2026_03_26_rate__p14,2026,3
Utsikter / fremoverskuende signal,Outlook / forward guidance,Rente og pengepolitisk linje,Interest rates and monetary stance,Press release,https://www.norges-bank.no/en/news-events/news/Press-releases/2026/2026-03-26-rate/,Norges Bank,2026-03-26,10:00,p,15,29,https___www_norges_bank_no_en_news_events_news_Press_releases_2026_2026_03_26_rate_,https___www_norges_bank_no_en_news_events_news_Press_releases_2026_2026_03_26_rate__p15,2026,3
Utsikter / fremoverskuende signal,Outlook / forward guidance,Økonomisk aktivitet og arbeidsmarked,Economic activity and labor market,Press release,https://www.norges-bank.no/en/news-events/news/Press-releases/2026/2026-03-26-rate/,Norges Bank,2026-03-26,10:00,p,16,44,https___www_norges_bank_no_en_news_events_news_Press_releases_2026_2026_03_26_rate_,https___www_norges_bank_no_en_news_events_news_Press_releases_2026_2026_03_26_rate__p16,2026,3
Utsikter / fremoverskuende signal,Outlook / forward guidance,Valutakurs og eksterne forhold,Exchange rate and external conditions,Press release,https://www.norges-bank.no/en/news-events/news/Press-releases/2026/2026-03-26-rate/,Norges Bank,2026-03-26,10:00,p,17,97,https___www_norges_bank_no_en_news_events_news_Press_releases_2026_2026_03_26_rate_,https___www_norges_bank_no_en_news_events_news_Press_releases_2026_2026_03_26_rate__p17,2026,3
Utsikter / fremoverskuende signal,Outlook / forward guidance,Økonomisk aktivitet og arbeidsmarked,Economic activity and labor market,Press release,https://www.norges-bank.no/en/news-events/news/Press-releases/2026/2026-03-26-rate/,Norges Bank,2026-03-26,10:00,p,18,47,https___www_norges_bank_no_en_news_events_news_Press_releases_2026_2026_03_26_rate_,https___www_norges_bank_no_en_news_events_news_Press_releases_2026_2026_03_26_rate__p18,2026,3
Institusjonelt ansvar / mandat,Institutional accountability / mandate,Annet / administrativt / ikke kodbar,Other / administrative / not codable,Press release,https://www.norges-bank.no/en/news-events/news/Press-releases/2026/2026-03-26-rate/,Norges Bank,2026-03-26,10:00,p,19,23,https___www_norges_bank_no_en_news_events_news_Press_releases_2026_2026_03_26_rate_,https___www_norges_bank_no_en_news_events_news_Press_releases_2026_2026_03_26_rate__p19,2026,3
Institusjonelt ansvar / mandat,Institutional accountability / mandate,Annet / administrativt / ikke kodbar,Other / administrative / not codable,Press release,https://www.norges-bank.no/en/news-events/news/Press-releases/2026/2026-03-26-rate/,Norges Bank,2026-03-26,10:00,p,20,15,https___www_norges_bank_no_en_news_events_news_Press_releases_2026_2026_03_26_rate_,https___www_norges_bank_no_en_news_events_news_Press_releases_2026_2026_03_26_rate__p20,2026,3
Utsikter / fremoverskuende signal,Outlook / forward guidance,Rente og pengepolitisk linje,Interest rates and monetary stance,Press release,https://www.norges-bank.no/en/news-events/news/Press-releases/2026/2026-03-26-rate/,Norges Bank,2026-03-26,10:00,li,21,5,https___www_norges_bank_no_en_news_events_news_Press_releases_2026_2026_03_26_rate_,https___www_norges_bank_no_en_news_events_news_Press_releases_2026_2026_03_26_rate__p21,2026,3
Utsikter / fremoverskuende signal,Outlook / forward guidance,Økonomisk aktivitet og arbeidsmarked,Economic activity and labor market,Press release,https://www.norges-bank.no/en/news-events/news/Press-releases/2026/2026-03-19-regional-network/,Norges Bank,2026-03-19,10:00,p,6,96,https___www_norges_bank_no_en_news_events_news_Press_releases_2026_2026_03_19_regional_network_,https___www_norges_bank_no_en_news_events_news_Press_releases_2026_2026_03_19_regional_network__p6,2026,3
Utsikter / fremoverskuende signal,Outlook / forward guidance,Økonomisk aktivitet og arbeidsmarked,Economic activity and labor market,Press release,https://www.norges-bank.no/en/news-events/news/Press-releases/2026/2026-03-19-regional-network/,Norges Bank,2026-03-19,10:00,p,7,81,https___www_norges_bank_no_en_news_events_news_Press_releases_2026_2026_03_19_regional_network_,https___www_norges_bank_no_en_news_events_news_Press_releases_2026_2026_03_19_regional_network__p7,2026,3
Utsikter / fremoverskuende signal,Outlook / forward guidance,Økonomisk aktivitet og arbeidsmarked,Economic activity and labor market,Press release,https://www.norges-bank.no/en/news-events/news/Press-releases/2026/2026-03-19-regional-network/,Norges Bank,2026-03-19,10:00,p,8,41,https___www_norges_bank_no_en_news_events_news_Press_releases_2026_2026_03_19_regional_network_,https___www_norges_bank_no_en_news_events_news_Press_releases_2026_2026_03_19_regional_network__p8,2026,3
Utsikter / fremoverskuende signal,Outlook / forward guidance,Økonomisk aktivitet og arbeidsmarked,Economic activity and labor market,Press release,https://www.norges-bank.no/en/news-events/news/Press-releases/2026/2026-03-19-regional-network/,Norges Bank,2026-03-19,10:00,p,9,18,https___www_norges_bank_no_en_news_events_news_Press_releases_2026_2026_03_19_regional_network_,https___www_norges_bank_no_en_news_events_news_Press_releases_2026_2026_03_19_regional_network__p9,2026,3
Utsikter / fremoverskuende signal,Outlook / forward guidance,Økonomisk aktivitet og arbeidsmarked,Economic activity and labor market,Press release,https://www.norges-bank.no/en/news-events/news/Press-releases/2026/2026-03-19-regional-network/,Norges Bank,2026-03-19,10:00,p,10,25,https___www_norges_bank_no_en_news_events_news_Press_releases_2026_2026_03_19_regional_network_,https___www_norges_bank_no_en_news_events_news_Press_releases_2026_2026_03_19_regional_network__p10,2026,3
Institusjonelt ansvar / mandat,Institutional accountability / mandate,Valutakurs og eksterne forhold,Exchange rate and external conditions,Press release,https://www.norges-bank.no/en/news-events/news/Press-releases/2026/2026-02-27-fx/,Norges Bank,2026-02-27,10:00,li,5,4,https___www_norges_bank_no_en_news_events_news_Press_releases_2026_2026_02_27_fx_,https___www_norges_bank_no_en_news_events_news_Press_releases_2026_2026_02_27_fx__p5,2026,2
Institusjonelt ansvar / mandat,Institutional accountability / mandate,Valutakurs og eksterne forhold,Exchange rate and external conditions,Press release,https://www.norges-bank.no/en/news-events/news/Press-releases/2026/2026-02-27-fx/,Norges Bank,2026-02-27,10:00,p,6,94,https___www_norges_bank_no_en_news_events_news_Press_releases_2026_2026_02_27_fx_,https___www_norges_bank_no_en_news_events_news_Press_releases_2026_2026_02_27_fx__p6,2026,2
Politikkforklaring / begrunnelse,Policy explanation / justification,Valutakurs og eksterne forhold,Exchange rate and external conditions,Press release,https://www.norges-bank.no/en/news-events/news/Press-releases/2026/2026-02-27-fx/,Norges Bank,2026-02-27,10:00,p,7,21,https___www_norges_bank_no_en_news_events_news_Press_releases_2026_2026_02_27_fx_,https___www_norges_bank_no_en_news_events_news_Press_releases_2026_2026_02_27_fx__p7,2026,2
Institusjonelt ansvar / mandat,Institutional accountability / mandate,Valutakurs og eksterne forhold,Exchange rate and external conditions,Press release,https://www.norges-bank.no/en/news-events/news/Press-releases/2026/2026-02-27-fx/,Norges Bank,2026-02-27,10:00,p,8,76,https___www_norges_bank_no_en_news_events_news_Press_releases_2026_2026_02_27_fx_,https___www_norges_bank_no_en_news_events_news_Press_releases_2026_2026_02_27_fx__p8,2026,2
Institusjonelt ansvar / mandat,Institutional accountability / mandate,Valutakurs og eksterne forhold,Exchange rate and external conditions,Press release,https://www.norges-bank.no/en/news-events/news/Press-releases/2026/2026-02-27-fx/,Norges Bank,2026-02-27,10:00,p,9,16,https___www_norges_bank_no_en_news_events_news_Press_releases_2026_2026_02_27_fx_,https___www_norges_bank_no_en_news_events_news_Press_releases_2026_2026_02_27_fx__p9,2026,2
Institusjonelt ansvar / mandat,Institutional accountability / mandate,Valutakurs og eksterne forhold,Exchange rate and external conditions,Press release,https://www.norges-bank.no/en/news-events/news/Press-releases/2026/2026-02-27-fx/,Norges Bank,2026-02-27,10:00,p,10,28,https___www_norges_bank_no_en_news_events_news_Press_releases_2026_2026_02_27_fx_,https___www_norges_bank_no_en_news_events_news_Press_releases_2026_2026_02_27_fx__p10,2026,2
Institusjonelt ansvar / mandat,Institutional accountability / mandate,Valutakurs og eksterne forhold,Exchange rate and external conditions,Press release,https://www.norges-bank.no/en/news-events/news/Press-releases/2026/2026-02-27-fx/,Norges Bank,2026-02-27,10:00,p,11,100,https___www_norges_bank_no_en_news_events_news_Press_releases_2026_2026_02_27_fx_,https___www_norges_bank_no_en_news_events_news_Press_releases_2026_2026_02_27_fx__p11,2026,2
Institusjonelt ansvar / mandat,Institutional accountability / mandate,Annet / administrativt / ikke kodbar,Other / administrative / not codable,Press release,https://www.norges-bank.no/en/news-events/news/Press-releases/2026/2026-02-27-annual-report/,Norges Bank,2026-02-27,10:00,li,5,5,https___www_norges_bank_no_en_news_events_news_Press_releases_2026_2026_02_27_annual_report_,https___www_norges_bank_no_en_news_events_news_Press_releases_2026_2026_02_27_annual_report__p5,2026,2
Økonomisk situasjonsbeskrivelse / diagnose,Economic assessment / diagnosis,Finansiell stabilitet og bank,Financial stability and banking,Press release,https://www.norges-bank.no/en/news-events/news/Press-releases/2026/2026-02-27-annual-report/,Norges Bank,2026-02-27,10:00,p,6,36,https___www_norges_bank_no_en_news_events_news_Press_releases_2026_2026_02_27_annual_report_,https___www_norges_bank_no_en_news_events_news_Press_releases_2026_2026_02_27_annual_report__p6,2026,2
Institusjonelt ansvar / mandat,Institutional accountability / mandate,Annet / administrativt / ikke kodbar,Other / administrative / not codable,Press release,https://www.norges-bank.no/en/news-events/news/Press-releases/2026/2026-02-27-annual-report/,Norges Bank,2026-02-27,10:00,p,7,12,https___www_norges_bank_no_en_news_events_news_Press_releases_2026_2026_02_27_annual_report_,https___www_norges_bank_no_en_news_events_news_Press_releases_2026_2026_02_27_annual_report__p7,2026,2
Institusjonelt ansvar / mandat,Institutional accountability / mandate,Annet / administrativt / ikke kodbar,Other / administrative / not codable,Press release,https://www.norges-bank.no/en/news-events/news/Press-releases/2026/2026-02-27-annual-report/,Norges Bank,2026-02-27,10:00,blockquote,8,28,https___www_norges_bank_no_en_news_events_news_Press_releases_2026_2026_02_27_annual_report_,https___www_norges_bank_no_en_news_events_news_Press_releases_2026_2026_02_27_annual_report__p8,2026,2
Økonomisk situasjonsbeskrivelse / diagnose,Economic assessment / diagnosis,Valutakurs og eksterne forhold,Exchange rate and external conditions,Press release,https://www.norges-bank.no/en/news-events/news/Press-releases/2026/2026-02-27-annual-report/,Norges Bank,2026-02-27,10:00,p,9,60,https___www_norges_bank_no_en_news_events_news_Press_releases_2026_2026_02_27_annual_report_,https___www_norges_bank_no_en_news_events_news_Press_releases_2026_2026_02_27_annual_report__p9,2026,2
Utsikter / fremoverskuende signal,Outlook / forward guidance,Valutakurs og eksterne forhold,Exchange rate and external conditions,Press release,https://www.norges-bank.no/en/news-events/news/Press-releases/2026/2026-02-27-annual-report/,Norges Bank,2026-02-27,10:00,p,10,57,https___www_norges_bank_no_en_news_events_news_Press_releases_2026_2026_02_27_annual_report_,https___www_norges_bank_no_en_news_events_news_Press_releases_2026_2026_02_27_annual_report__p10,2026,2
Institusjonelt ansvar / mandat,Institutional accountability / mandate,Valutakurs og eksterne forhold,Exchange rate and external conditions,Press release,https://www.norges-bank.no/en/news-events/news/Press-releases/2026/2026-02-27-annual-report/,Norges Bank,2026-02-27,10:00,p,11,48,https___www_norges_bank_no_en_news_events_news_Press_releases_2026_2026_02_27_annual_report_,https___www_norges_bank_no_en_news_events_news_Press_releases_2026_2026_02_27_annual_report__p11,2026,2
Risiko / usikkerhet,Risk / uncertainty,Valutakurs og eksterne forhold,Exchange rate and external conditions,Press release,https://www.norges-bank.no/en/news-events/news/Press-releases/2026/2026-02-27-annual-report/,Norges Bank,2026-02-27,10:00,blockquote,12,37,https___www_norges_bank_no_en_news_events_news_Press_releases_2026_2026_02_27_annual_report_,https___www_norges_bank_no_en_news_events_news_Press_releases_2026_2026_02_27_annual_report__p12,2026,2
Politikkforklaring / begrunnelse,Policy explanation / justification,Finansiell stabilitet og bank,Financial stability and banking,Press release,https://www.norges-bank.no/en/news-events/news/Press-releases/2026/2026-02-27-annual-report/,Norges Bank,2026-02-27,10:00,p,13,61,https___www_norges_bank_no_en_news_events_news_Press_releases_2026_2026_02_27_annual_report_,https___www_norges_bank_no_en_news_events_news_Press_releases_2026_2026_02_27_annual_report__p13,2026,2
Institusjonelt ansvar / mandat,Institutional accountability / mandate,Annet / administrativt / ikke kodbar,Other / administrative / not codable,Press release,https://www.norges-bank.no/en/news-events/news/Press-releases/2026/2026-02-27-annual-report/,Norges Bank,2026-02-27,10:00,p,14,24,https___www_norges_bank_no_en_news_events_news_Press_releases_2026_2026_02_27_annual_report_,https___www_norges_bank_no_en_news_events_news_Press_releases_2026_2026_02_27_annual_report__p14,2026,2
Institusjonelt ansvar / mandat,Institutional accountability / mandate,Annet / administrativt / ikke kodbar,Other / administrative / not codable,Press release,https://www.norges-bank.no/en/news-events/news/Press-releases/2026/2026-02-27-annual-report/,Norges Bank,2026-02-27,10:00,p,15,60,https___www_norges_bank_no_en_news_events_news_Press_releases_2026_2026_02_27_annual_report_,https___www_norges_bank_no_en_news_events_news_Press_releases_2026_2026_02_27_annual_report__p15,2026,2
Institusjonelt ansvar / mandat,Institutional accountability / mandate,Valutakurs og eksterne forhold,Exchange rate and external conditions,Press release,https://www.norges-bank.no/en/news-events/news/Press-releases/2026/2026-01-30-fx/,Norges Bank,2026-01-30,10:00,li,5,4,https___www_norges_bank_no_en_news_events_news_Press_releases_2026_2026_01_30_fx_,https___www_norges_bank_no_en_news_events_news_Press_releases_2026_2026_01_30_fx__p5,2026,1
Institusjonelt ansvar / mandat,Institutional accountability / mandate,Valutakurs og eksterne forhold,Exchange rate and external conditions,Press release,https://www.norges-bank.no/en/news-events/news/Press-releases/2026/2026-01-30-fx/,Norges Bank,2026-01-30,10:00,p,6,88,https___www_norges_bank_no_en_news_events_news_Press_releases_2026_2026_01_30_fx_,https___www_norges_bank_no_en_news_events_news_Press_releases_2026_2026_01_30_fx__p6,2026,1
Politikkforklaring / begrunnelse,Policy explanation / justification,Valutakurs og eksterne forhold,Exchange rate and external conditions,Press release,https://www.norges-bank.no/en/news-events/news/Press-releases/2026/2026-01-30-fx/,Norges Bank,2026-01-30,10:00,p,7,21,https___www_norges_bank_no_en_news_events_news_Press_releases_2026_2026_01_30_fx_,https___www_norges_bank_no_en_news_events_news_Press_releases_2026_2026_01_30_fx__p7,2026,1
Institusjonelt ansvar / mandat,Institutional accountability / mandate,Valutakurs og eksterne forhold,Exchange rate and external conditions,Press release,https://www.norges-bank.no/en/news-events/news/Press-releases/2026/2026-01-30-fx/,Norges Bank,2026-01-30,10:00,p,8,76,https___www_norges_bank_no_en_news_events_news_Press_releases_2026_2026_01_30_fx_,https___www_norges_bank_no_en_news_events_news_Press_releases_2026_2026_01_30_fx__p8,2026,1
Institusjonelt ansvar / mandat,Institutional accountability / mandate,Valutakurs og eksterne forhold,Exchange rate and external conditions,Press release,https://www.norges-bank.no/en/news-events/news/Press-releases/2026/2026-01-30-fx/,Norges Bank,2026-01-30,10:00,p,9,16,https___www_norges_bank_no_en_news_events_news_Press_releases_2026_2026_01_30_fx_,https___www_norges_bank_no_en_news_events_news_Press_releases_2026_2026_01_30_fx__p9,2026,1
Institusjonelt ansvar / mandat,Institutional accountability / mandate,Valutakurs og eksterne forhold,Exchange rate and external conditions,Press release,https://www.norges-bank.no/en/news-events/news/Press-releases/2026/2026-01-30-fx/,Norges Bank,2026-01-30,10:00,p,10,25,https___www_norges_bank_no_en_news_events_news_Press_releases_2026_2026_01_30_fx_,https___www_norges_bank_no_en_news_events_news_Press_releases_2026_2026_01_30_fx__p10,2026,1
Institusjonelt ansvar / mandat,Institutional accountability / mandate,Valutakurs og eksterne forhold,Exchange rate and external conditions,Press release,https://www.norges-bank.no/en/news-events/news/Press-releases/2026/2026-01-30-fx/,Norges Bank,2026-01-30,10:00,p,11,87,https___www_norges_bank_no_en_news_events_news_Press_releases_2026_2026_01_30_fx_,https___www_norges_bank_no_en_news_events_news_Press_releases_2026_2026_01_30_fx__p11,2026,1
Utsikter / fremoverskuende signal,Outlook / forward guidance,Rente og pengepolitisk linje,Interest rates and monetary stance,Press release,https://www.norges-bank.no/en/news-events/news/Press-releases/2026/2026-01-22-rate/,Norges Bank,2026-01-22,10:00,li,5,6,https___www_norges_bank_no_en_news_events_news_Press_releases_2026_2026_01_22_rate_,https___www_norges_bank_no_en_news_events_news_Press_releases_2026_2026_01_22_rate__p5,2026,1
Utsikter / fremoverskuende signal,Outlook / forward guidance,Rente og pengepolitisk linje,Interest rates and monetary stance,Press release,https://www.norges-bank.no/en/news-events/news/Press-releases/2026/2026-01-22-rate/,Norges Bank,2026-01-22,10:00,p,6,49,https___www_norges_bank_no_en_news_events_news_Press_releases_2026_2026_01_22_rate_,https___www_norges_bank_no_en_news_events_news_Press_releases_2026_2026_01_22_rate__p6,2026,1
Politikkforklaring / begrunnelse,Policy explanation / justification,Økonomisk aktivitet og arbeidsmarked,Economic activity and labor market,Press release,https://www.norges-bank.no/en/news-events/news/Press-releases/2026/2026-01-22-rate/,Norges Bank,2026-01-22,10:00,p,7,64,https___www_norges_bank_no_en_news_events_news_Press_releases_2026_2026_01_22_rate_,https___www_norges_bank_no_en_news_events_news_Press_releases_2026_2026_01_22_rate__p7,2026,1
Utsikter / fremoverskuende signal,Outlook / forward guidance,Inflasjon og priser,Inflation and prices,Press release,https://www.norges-bank.no/en/news-events/news/Press-releases/2026/2026-01-22-rate/,Norges Bank,2026-01-22,10:00,blockquote,8,35,https___www_norges_bank_no_en_news_events_news_Press_releases_2026_2026_01_22_rate_,https___www_norges_bank_no_en_news_events_news_Press_releases_2026_2026_01_22_rate__p8,2026,1
Utsikter / fremoverskuende signal,Outlook / forward guidance,Rente og pengepolitisk linje,Interest rates and monetary stance,Press release,https://www.norges-bank.no/en/news-events/news/Press-releases/2026/2026-01-22-rate/,Norges Bank,2026-01-22,10:00,p,9,114,https___www_norges_bank_no_en_news_events_news_Press_releases_2026_2026_01_22_rate_,https___www_norges_bank_no_en_news_events_news_Press_releases_2026_2026_01_22_rate__p9,2026,1
Risiko / usikkerhet,Risk / uncertainty,Valutakurs og eksterne forhold,Exchange rate and external conditions,Press release,https://www.norges-bank.no/en/news-events/news/Press-releases/2026/2026-01-22-rate/,Norges Bank,2026-01-22,10:00,blockquote,10,20,https___www_norges_bank_no_en_news_events_news_Press_releases_2026_2026_01_22_rate_,https___www_norges_bank_no_en_news_events_news_Press_releases_2026_2026_01_22_rate__p10,2026,1
Utsikter / fremoverskuende signal,Outlook / forward guidance,Økonomisk aktivitet og arbeidsmarked,Economic activity and labor market,Press release,https://www.norges-bank.no/en/news-events/news/Press-releases/2026/2026-01-22-rate/,Norges Bank,2026-01-22,10:00,p,11,85,https___www_norges_bank_no_en_news_events_news_Press_releases_2026_2026_01_22_rate_,https___www_norges_bank_no_en_news_events_news_Press_releases_2026_2026_01_22_rate__p11,2026,1
Utsikter / fremoverskuende signal,Outlook / forward guidance,Økonomisk aktivitet og arbeidsmarked,Economic activity and labor market,Press release,https://www.norges-bank.no/en/news-events/news/Press-releases/2026/2026-01-22-rate/,Norges Bank,2026-01-22,10:00,p,12,25,https___www_norges_bank_no_en_news_events_news_Press_releases_2026_2026_01_22_rate_,https___www_norges_bank_no_en_news_events_news_Press_releases_2026_2026_01_22_rate__p12,2026,1
Utsikter / fremoverskuende signal,Outlook / forward guidance,Annet / administrativt / ikke kodbar,Other / administrative / not codable,Press release,https://www.norges-bank.no/en/news-events/news/Press-releases/2026/2026-01-22-rate/,Norges Bank,2026-01-22,10:00,p,13,25,https___www_norges_bank_no_en_news_events_news_Press_releases_2026_2026_01_22_rate_,https___www_norges_bank_no_en_news_events_news_Press_releases_2026_2026_01_22_rate__p13,2026,1
Utsikter / fremoverskuende signal,Outlook / forward guidance,Rente og pengepolitisk linje,Interest rates and monetary stance,Press release,https://www.norges-bank.no/en/news-events/news/Press-releases/2026/2026-01-22-rate/,Norges Bank,2026-01-22,10:00,li,14,5,https___www_norges_bank_no_en_news_events_news_Press_releases_2026_2026_01_22_rate_,https___www_norges_bank_no_en_news_events_news_Press_releases_2026_2026_01_22_rate__p14,2026,1
Institusjonelt ansvar / mandat,Institutional accountability / mandate,Valutakurs og eksterne forhold,Exchange rate and external conditions,Press release,https://www.norges-bank.no/en/news-events/news/Press-releases/2025/2025-12-30-fx/,Norges Bank,2025-12-30,10:00,li,5,4,https___www_norges_bank_no_en_news_events_news_Press_releases_2025_2025_12_30_fx_,https___www_norges_bank_no_en_news_events_news_Press_releases_2025_2025_12_30_fx__p5,2025,12
Institusjonelt ansvar / mandat,Institutional accountability / mandate,Valutakurs og eksterne forhold,Exchange rate and external conditions,Press release,https://www.norges-bank.no/en/news-events/news/Press-releases/2025/2025-12-30-fx/,Norges Bank,2025-12-30,10:00,p,6,88,https___www_norges_bank_no_en_news_events_news_Press_releases_2025_2025_12_30_fx_,https___www_norges_bank_no_en_news_events_news_Press_releases_2025_2025_12_30_fx__p6,2025,12
Politikkforklaring / begrunnelse,Policy explanation / justification,Valutakurs og eksterne forhold,Exchange rate and external conditions,Press release,https://www.norges-bank.no/en/news-events/news/Press-releases/2025/2025-12-30-fx/,Norges Bank,2025-12-30,10:00,p,7,21,https___www_norges_bank_no_en_news_events_news_Press_releases_2025_2025_12_30_fx_,https___www_norges_bank_no_en_news_events_news_Press_releases_2025_2025_12_30_fx__p7,2025,12
Institusjonelt ansvar / mandat,Institutional accountability / mandate,Valutakurs og eksterne forhold,Exchange rate and external conditions,Press release,https://www.norges-bank.no/en/news-events/news/Press-releases/2025/2025-12-30-fx/,Norges Bank,2025-12-30,10:00,p,8,76,https___www_norges_bank_no_en_news_events_news_Press_releases_2025_2025_12_30_fx_,https___www_norges_bank_no_en_news_events_news_Press_releases_2025_2025_12_30_fx__p8,2025,12
Institusjonelt ansvar / mandat,Institutional accountability / mandate,Valutakurs og eksterne forhold,Exchange rate and external conditions,Press release,https://www.norges-bank.no/en/news-events/news/Press-releases/2025/2025-12-30-fx/,Norges Bank,2025-12-30,10:00,p,9,16,https___www_norges_bank_no_en_news_events_news_Press_releases_2025_2025_12_30_fx_,https___www_norges_bank_no_en_news_events_news_Press_releases_2025_2025_12_30_fx__p9,2025,12
Institusjonelt ansvar / mandat,Institutional accountability / mandate,Valutakurs og eksterne forhold,Exchange rate and external conditions,Press release,https://www.norges-bank.no/en/news-events/news/Press-releases/2025/2025-12-30-fx/,Norges Bank,2025-12-30,10:00,p,10,25,https___www_norges_bank_no_en_news_events_news_Press_releases_2025_2025_12_30_fx_,https___www_norges_bank_no_en_news_events_news_Press_releases_2025_2025_12_30_fx__p10,2025,12
Institusjonelt ansvar / mandat,Institutional accountability / mandate,Valutakurs og eksterne forhold,Exchange rate and external conditions,Press release,https://www.norges-bank.no/en/news-events/news/Press-releases/2025/2025-12-30-fx/,Norges Bank,2025-12-30,10:00,p,11,87,https___www_norges_bank_no_en_news_events_news_Press_releases_2025_2025_12_30_fx_,https___www_norges_bank_no_en_news_events_news_Press_releases_2025_2025_12_30_fx__p11,2025,12
Utsikter / fremoverskuende signal,Outlook / forward guidance,Rente og pengepolitisk linje,Interest rates and monetary stance,Press release,https://www.norges-bank.no/en/news-events/news/Press-releases/2025/2025-12-18-rate/,Norges Bank,2025-12-18,10:00,li,5,6,https___www_norges_bank_no_en_news_events_news_Press_releases_2025_2025_12_18_rate_,https___www_norges_bank_no_en_news_events_news_Press_releases_2025_2025_12_18_rate__p5,2025,12
Utsikter / fremoverskuende signal,Outlook / forward guidance,Rente og pengepolitisk linje,Interest rates and monetary stance,Press release,https://www.norges-bank.no/en/news-events/news/Press-releases/2025/2025-12-18-rate/,Norges Bank,2025-12-18,10:00,p,6,50,https___www_norges_bank_no_en_news_events_news_Press_releases_2025_2025_12_18_rate_,https___www_norges_bank_no_en_news_events_news_Press_releases_2025_2025_12_18_rate__p6,2025,12
Politikkforklaring / begrunnelse,Policy explanation / justification,Økonomisk aktivitet og arbeidsmarked,Economic activity and labor market,Press release,https://www.norges-bank.no/en/news-events/news/Press-releases/2025/2025-12-18-rate/,Norges Bank,2025-12-18,10:00,p,7,73,https___www_norges_bank_no_en_news_events_news_Press_releases_2025_2025_12_18_rate_,https___www_norges_bank_no_en_news_events_news_Press_releases_2025_2025_12_18_rate__p7,2025,12
Utsikter / fremoverskuende signal,Outlook / forward guidance,Rente og pengepolitisk linje,Interest rates and monetary stance,Press release,https://www.norges-bank.no/en/news-events/news/Press-releases/2025/2025-12-18-rate/,Norges Bank,2025-12-18,10:00,blockquote,8,57,https___www_norges_bank_no_en_news_events_news_Press_releases_2025_2025_12_18_rate_,https___www_norges_bank_no_en_news_events_news_Press_releases_2025_2025_12_18_rate__p8,2025,12
Utsikter / fremoverskuende signal,Outlook / forward guidance,Rente og pengepolitisk linje,Interest rates and monetary stance,Press release,https://www.norges-bank.no/en/news-events/news/Press-releases/2025/2025-12-18-rate/,Norges Bank,2025-12-18,10:00,p,9,136,https___www_norges_bank_no_en_news_events_news_Press_releases_2025_2025_12_18_rate_,https___www_norges_bank_no_en_news_events_news_Press_releases_2025_2025_12_18_rate__p9,2025,12
Utsikter / fremoverskuende signal,Outlook / forward guidance,Økonomisk aktivitet og arbeidsmarked,Economic activity and labor market,Press release,https://www.norges-bank.no/en/news-events/news/Press-releases/2025/2025-12-18-rate/,Norges Bank,2025-12-18,10:00,p,10,85,https___www_norges_bank_no_en_news_events_news_Press_releases_2025_2025_12_18_rate_,https___www_norges_bank_no_en_news_events_news_Press_releases_2025_2025_12_18_rate__p10,2025,12
Utsikter / fremoverskuende signal,Outlook / forward guidance,Økonomisk aktivitet og arbeidsmarked,Economic activity and labor market,Press release,https://www.norges-bank.no/en/news-events/news/Press-releases/2025/2025-12-18-rate/,Norges Bank,2025-12-18,10:00,p,11,127,https___www_norges_bank_no_en_news_events_news_Press_releases_2025_2025_12_18_rate_,https___www_norges_bank_no_en_news_events_news_Press_releases_2025_2025_12_18_rate__p11,2025,12
Utsikter / fremoverskuende signal,Outlook / forward guidance,Inflasjon og priser,Inflation and prices,Press release,https://www.norges-bank.no/en/news-events/news/Press-releases/2025/2025-12-18-rate/,Norges Bank,2025-12-18,10:00,blockquote,12,27,https___www_norges_bank_no_en_news_events_news_Press_releases_2025_2025_12_18_rate_,https___www_norges_bank_no_en_news_events_news_Press_releases_2025_2025_12_18_rate__p12,2025,12
Institusjonelt ansvar / mandat,Institutional accountability / mandate,Annet / administrativt / ikke kodbar,Other / administrative / not codable,Press release,https://www.norges-bank.no/en/news-events/news/Press-releases/2025/2025-12-18-rate/,Norges Bank,2025-12-18,10:00,p,13,15,https___www_norges_bank_no_en_news_events_news_Press_releases_2025_2025_12_18_rate_,https___www_norges_bank_no_en_news_events_news_Press_releases_2025_2025_12_18_rate__p13,2025,12
Politikkforklaring / begrunnelse,Policy explanation / justification,Rente og pengepolitisk linje,Interest rates and monetary stance,Press release,https://www.norges-bank.no/en/news-events/news/Press-releases/2025/2025-12-12-transfers-to-government/,Norges Bank,2025-12-12,10:00,li,5,6,https___www_norges_bank_no_en_news_events_news_Press_releases_2025_2025_12_12_transfers_to_government_,https___www_norges_bank_no_en_news_events_news_Press_releases_2025_2025_12_12_transfers_to_government__p5,2025,12
Institusjonelt ansvar / mandat,Institutional accountability / mandate,Finansiell stabilitet og bank,Financial stability and banking,Press release,https://www.norges-bank.no/en/news-events/news/Press-releases/2025/2025-12-12-transfers-to-government/,Norges Bank,2025-12-12,10:00,p,6,26,https___www_norges_bank_no_en_news_events_news_Press_releases_2025_2025_12_12_transfers_to_government_,https___www_norges_bank_no_en_news_events_news_Press_releases_2025_2025_12_12_transfers_to_government__p6,2025,12
Institusjonelt ansvar / mandat,Institutional accountability / mandate,Valutakurs og eksterne forhold,Exchange rate and external conditions,Press release,https://www.norges-bank.no/en/news-events/news/Press-releases/2025/2025-12-12-transfers-to-government/,Norges Bank,2025-12-12,10:00,p,7,83,https___www_norges_bank_no_en_news_events_news_Press_releases_2025_2025_12_12_transfers_to_government_,https___www_norges_bank_no_en_news_events_news_Press_releases_2025_2025_12_12_transfers_to_government__p7,2025,12
Utsikter / fremoverskuende signal,Outlook / forward guidance,Finansiell stabilitet og bank,Financial stability and banking,Press release,https://www.norges-bank.no/en/news-events/news/Press-releases/2025/2025-12-12-transfers-to-government/,Norges Bank,2025-12-12,10:00,p,8,59,https___www_norges_bank_no_en_news_events_news_Press_releases_2025_2025_12_12_transfers_to_government_,https___www_norges_bank_no_en_news_events_news_Press_releases_2025_2025_12_12_transfers_to_government__p8,2025,12
Institusjonelt ansvar / mandat,Institutional accountability / mandate,Valutakurs og eksterne forhold,Exchange rate and external conditions,Press release,https://www.norges-bank.no/en/news-events/news/Press-releases/2025/2025-12-12-transfers-to-government/,Norges Bank,2025-12-12,10:00,p,9,67,https___www_norges_bank_no_en_news_events_news_Press_releases_2025_2025_12_12_transfers_to_government_,https___www_norges_bank_no_en_news_events_news_Press_releases_2025_2025_12_12_transfers_to_government__p9,2025,12
Utsikter / fremoverskuende signal,Outlook / forward guidance,Rente og pengepolitisk linje,Interest rates and monetary stance,Press release,https://www.norges-bank.no/en/news-events/news/Press-releases/2025/2025-12-12-transfers-to-government/,Norges Bank,2025-12-12,10:00,p,10,71,https___www_norges_bank_no_en_news_events_news_Press_releases_2025_2025_12_12_transfers_to_government_,https___www_norges_bank_no_en_news_events_news_Press_releases_2025_2025_12_12_transfers_to_government__p10,2025,12
Institusjonelt ansvar / mandat,Institutional accountability / mandate,Valutakurs og eksterne forhold,Exchange rate and external conditions,Press release,https://www.norges-bank.no/en/news-events/news/Press-releases/2025/2025-12-12-transfers-to-government/,Norges Bank,2025-12-12,10:00,p,12,40,https___www_norges_bank_no_en_news_events_news_Press_releases_2025_2025_12_12_transfers_to_government_,https___www_norges_bank_no_en_news_events_news_Press_releases_2025_2025_12_12_transfers_to_government__p12,2025,12
Institusjonelt ansvar / mandat,Institutional accountability / mandate,Finansiell stabilitet og bank,Financial stability and banking,Press release,https://www.norges-bank.no/en/news-events/news/Press-releases/2025/2025-12-12-transfers-to-government/,Norges Bank,2025-12-12,10:00,p,13,82,https___www_norges_bank_no_en_news_events_news_Press_releases_2025_2025_12_12_transfers_to_government_,https___www_norges_bank_no_en_news_events_news_Press_releases_2025_2025_12_12_transfers_to_government__p13,2025,12
Institusjonelt ansvar / mandat,Institutional accountability / mandate,Finansiell stabilitet og bank,Financial stability and banking,Press release,https://www.norges-bank.no/en/news-events/news/Press-releases/2025/2025-12-12-transfers-to-government/,Norges Bank,2025-12-12,10:00,p,14,85,https___www_norges_bank_no_en_news_events_news_Press_releases_2025_2025_12_12_transfers_to_government_,https___www_norges_bank_no_en_news_events_news_Press_releases_2025_2025_12_12_transfers_to_government__p14,2025,12
Institusjonelt ansvar / mandat,Institutional accountability / mandate,Rente og pengepolitisk linje,Interest rates and monetary stance,Press release,https://www.norges-bank.no/en/news-events/news/Press-releases/2025/2025-12-12-transfers-to-government/,Norges Bank,2025-12-12,10:00,p,15,47,https___www_norges_bank_no_en_news_events_news_Press_releases_2025_2025_12_12_transfers_to_government_,https___www_norges_bank_no_en_news_events_news_Press_releases_2025_2025_12_12_transfers_to_government__p15,2025,12
Politikkforklaring / begrunnelse,Policy explanation / justification,Finansiell stabilitet og bank,Financial stability and banking,Press release,https://www.norges-bank.no/en/news-events/news/Press-releases/2025/2025-12-12-transfers-to-government/,Norges Bank,2025-12-12,10:00,p,16,38,https___www_norges_bank_no_en_news_events_news_Press_releases_2025_2025_12_12_transfers_to_government_,https___www_norges_bank_no_en_news_events_news_Press_releases_2025_2025_12_12_transfers_to_government__p16,2025,12
Institusjonelt ansvar / mandat,Institutional accountability / mandate,Rente og pengepolitisk linje,Interest rates and monetary stance,Press release,https://www.norges-bank.no/en/news-events/news/Press-releases/2025/2025-12-12-transfers-to-government/,Norges Bank,2025-12-12,10:00,p,17,46,https___www_norges_bank_no_en_news_events_news_Press_releases_2025_2025_12_12_transfers_to_government_,https___www_norges_bank_no_en_news_events_news_Press_releases_2025_2025_12_12_transfers_to_government__p17,2025,12
Institusjonelt ansvar / mandat,Institutional accountability / mandate,Finansiell stabilitet og bank,Financial stability and banking,Press release,https://www.norges-bank.no/en/news-events/news/Press-releases/2025/2025-12-12-transfers-to-government/,Norges Bank,2025-12-12,10:00,p,18,43,https___www_norges_bank_no_en_news_events_news_Press_releases_2025_2025_12_12_transfers_to_government_,https___www_norges_bank_no_en_news_events_news_Press_releases_2025_2025_12_12_transfers_to_government__p18,2025,12
Institusjonelt ansvar / mandat,Institutional accountability / mandate,Rente og pengepolitisk linje,Interest rates and monetary stance,Press release,https://www.norges-bank.no/en/news-events/news/Press-releases/2025/2025-12-12-transfers-to-government/,Norges Bank,2025-12-12,10:00,p,19,21,https___www_norges_bank_no_en_news_events_news_Press_releases_2025_2025_12_12_transfers_to_government_,https___www_norges_bank_no_en_news_events_news_Press_releases_2025_2025_12_12_transfers_to_government__p19,2025,12
Institusjonelt ansvar / mandat,Institutional accountability / mandate,Annet / administrativt / ikke kodbar,Other / administrative / not codable,Press release,https://www.norges-bank.no/en/news-events/news/Press-releases/2025/2025-12-12-transfers-to-government/,Norges Bank,2025-12-12,10:00,p,20,49,https___www_norges_bank_no_en_news_events_news_Press_releases_2025_2025_12_12_transfers_to_government_,https___www_norges_bank_no_en_news_events_news_Press_releases_2025_2025_12_12_transfers_to_government__p20,2025,12
Institusjonelt ansvar / mandat,Institutional accountability / mandate,Annet / administrativt / ikke kodbar,Other / administrative / not codable,Press release,https://www.norges-bank.no/en/news-events/news/Press-releases/2025/2025-12-12-transfers-to-government/,Norges Bank,2025-12-12,10:00,p,21,32,https___www_norges_bank_no_en_news_events_news_Press_releases_2025_2025_12_12_transfers_to_government_,https___www_norges_bank_no_en_news_events_news_Press_releases_2025_2025_12_12_transfers_to_government__p21,2025,12
Institusjonelt ansvar / mandat,Institutional accountability / mandate,Valutakurs og eksterne forhold,Exchange rate and external conditions,Press release,https://www.norges-bank.no/en/news-events/news/Press-releases/2025/2025-12-12-transfers-to-government/,Norges Bank,2025-12-12,10:00,p,22,46,https___www_norges_bank_no_en_news_events_news_Press_releases_2025_2025_12_12_transfers_to_government_,https___www_norges_bank_no_en_news_events_news_Press_releases_2025_2025_12_12_transfers_to_government__p22,2025,12
Utsikter / fremoverskuende signal,Outlook / forward guidance,Valutakurs og eksterne forhold,Exchange rate and external conditions,Press release,https://www.norges-bank.no/en/news-events/news/Press-releases/2025/2025-12-12-transfers-to-government/,Norges Bank,2025-12-12,10:00,p,23,35,https___www_norges_bank_no_en_news_events_news_Press_releases_2025_2025_12_12_transfers_to_government_,https___www_norges_bank_no_en_news_events_news_Press_releases_2025_2025_12_12_transfers_to_government__p23,2025,12
Institusjonelt ansvar / mandat,Institutional accountability / mandate,Valutakurs og eksterne forhold,Exchange rate and external conditions,Press release,https://www.norges-bank.no/en/news-events/news/Press-releases/2025/2025-12-12-transfers-to-government/,Norges Bank,2025-12-12,10:00,p,24,40,https___www_norges_bank_no_en_news_events_news_Press_releases_2025_2025_12_12_transfers_to_government_,https___www_norges_bank_no_en_news_events_news_Press_releases_2025_2025_12_12_transfers_to_government__p24,2025,12
Utsikter / fremoverskuende signal,Outlook / forward guidance,Valutakurs og eksterne forhold,Exchange rate and external conditions,Press release,https://www.norges-bank.no/en/news-events/news/Press-releases/2025/2025-12-12-transfers-to-government/,Norges Bank,2025-12-12,10:00,p,25,30,https___www_norges_bank_no_en_news_events_news_Press_releases_2025_2025_12_12_transfers_to_government_,https___www_norges_bank_no_en_news_events_news_Press_releases_2025_2025_12_12_transfers_to_government__p25,2025,12
Politikkforklaring / begrunnelse,Policy explanation / justification,Valutakurs og eksterne forhold,Exchange rate and external conditions,Press release,https://www.norges-bank.no/en/news-events/news/Press-releases/2025/2025-12-12-transfers-to-government/,Norges Bank,2025-12-12,10:00,p,26,50,https___www_norges_bank_no_en_news_events_news_Press_releases_2025_2025_12_12_transfers_to_government_,https___www_norges_bank_no_en_news_events_news_Press_releases_2025_2025_12_12_transfers_to_government__p26,2025,12
Institusjonelt ansvar / mandat,Institutional accountability / mandate,Valutakurs og eksterne forhold,Exchange rate and external conditions,Press release,https://www.norges-bank.no/en/news-events/news/Press-releases/2025/2025-12-12-transfers-to-government/,Norges Bank,2025-12-12,10:00,p,27,24,https___www_norges_bank_no_en_news_events_news_Press_releases_2025_2025_12_12_transfers_to_government_,https___www_norges_bank_no_en_news_events_news_Press_releases_2025_2025_12_12_transfers_to_government__p27,2025,12
Institusjonelt ansvar / mandat,Institutional accountability / mandate,Valutakurs og eksterne forhold,Exchange rate and external conditions,Press release,https://www.norges-bank.no/en/news-events/news/Press-releases/2025/2025-12-12-transfers-to-government/,Norges Bank,2025-12-12,10:00,p,28,46,https___www_norges_bank_no_en_news_events_news_Press_releases_2025_2025_12_12_transfers_to_government_,https___www_norges_bank_no_en_news_events_news_Press_releases_2025_2025_12_12_transfers_to_government__p28,2025,12
Institusjonelt ansvar / mandat,Institutional accountability / mandate,Valutakurs og eksterne forhold,Exchange rate and external conditions,Press release,https://www.norges-bank.no/en/news-events/news/Press-releases/2025/2025-12-12-transfers-to-government/,Norges Bank,2025-12-12,10:00,p,29,22,https___www_norges_bank_no_en_news_events_news_Press_releases_2025_2025_12_12_transfers_to_government_,https___www_norges_bank_no_en_news_events_news_Press_releases_2025_2025_12_12_transfers_to_government__p29,2025,12
Utsikter / fremoverskuende signal,Outlook / forward guidance,Økonomisk aktivitet og arbeidsmarked,Economic activity and labor market,Press release,https://www.norges-bank.no/en/news-events/news/Press-releases/2025/2025-12-11-regional-network/,Norges Bank,2025-12-11,10:00,p,6,69,https___www_norges_bank_no_en_news_events_news_Press_releases_2025_2025_12_11_regional_network_,https___www_norges_bank_no_en_news_events_news_Press_releases_2025_2025_12_11_regional_network__p6,2025,12
Utsikter / fremoverskuende signal,Outlook / forward guidance,Økonomisk aktivitet og arbeidsmarked,Economic activity and labor market,Press release,https://www.norges-bank.no/en/news-events/news/Press-releases/2025/2025-12-11-regional-network/,Norges Bank,2025-12-11,10:00,p,7,68,https___www_norges_bank_no_en_news_events_news_Press_releases_2025_2025_12_11_regional_network_,https___www_norges_bank_no_en_news_events_news_Press_releases_2025_2025_12_11_regional_network__p7,2025,12
Utsikter / fremoverskuende signal,Outlook / forward guidance,Økonomisk aktivitet og arbeidsmarked,Economic activity and labor market,Press release,https://www.norges-bank.no/en/news-events/news/Press-releases/2025/2025-12-11-regional-network/,Norges Bank,2025-12-11,10:00,p,8,21,https___www_norges_bank_no_en_news_events_news_Press_releases_2025_2025_12_11_regional_network_,https___www_norges_bank_no_en_news_events_news_Press_releases_2025_2025_12_11_regional_network__p8,2025,12
Utsikter / fremoverskuende signal,Outlook / forward guidance,Økonomisk aktivitet og arbeidsmarked,Economic activity and labor market,Press release,https://www.norges-bank.no/en/news-events/news/Press-releases/2025/2025-12-11-regional-network/,Norges Bank,2025-12-11,10:00,p,9,48,https___www_norges_bank_no_en_news_events_news_Press_releases_2025_2025_12_11_regional_network_,https___www_norges_bank_no_en_news_events_news_Press_releases_2025_2025_12_11_regional_network__p9,2025,12
Utsikter / fremoverskuende signal,Outlook / forward guidance,Økonomisk aktivitet og arbeidsmarked,Economic activity and labor market,Press release,https://www.norges-bank.no/en/news-events/news/Press-releases/2025/2025-12-11-regional-network/,Norges Bank,2025-12-11,10:00,p,10,25,https___www_norges_bank_no_en_news_events_news_Press_releases_2025_2025_12_11_regional_network_,https___www_norges_bank_no_en_news_events_news_Press_releases_2025_2025_12_11_regional_network__p10,2025,12
Institusjonelt ansvar / mandat,Institutional accountability / mandate,Valutakurs og eksterne forhold,Exchange rate and external conditions,Press release,https://www.norges-bank.no/en/news-events/news/Press-releases/2025/2025-11-28-fx/,Norges Bank,2025-11-28,10:00,li,5,4,https___www_norges_bank_no_en_news_events_news_Press_releases_2025_2025_11_28_fx_,https___www_norges_bank_no_en_news_events_news_Press_releases_2025_2025_11_28_fx__p5,2025,11
Institusjonelt ansvar / mandat,Institutional accountability / mandate,Valutakurs og eksterne forhold,Exchange rate and external conditions,Press release,https://www.norges-bank.no/en/news-events/news/Press-releases/2025/2025-11-28-fx/,Norges Bank,2025-11-28,10:00,p,6,88,https___www_norges_bank_no_en_news_events_news_Press_releases_2025_2025_11_28_fx_,https___www_norges_bank_no_en_news_events_news_Press_releases_2025_2025_11_28_fx__p6,2025,11
Politikkforklaring / begrunnelse,Policy explanation / justification,Valutakurs og eksterne forhold,Exchange rate and external conditions,Press release,https://www.norges-bank.no/en/news-events/news/Press-releases/2025/2025-11-28-fx/,Norges Bank,2025-11-28,10:00,p,7,25,https___www_norges_bank_no_en_news_events_news_Press_releases_2025_2025_11_28_fx_,https___www_norges_bank_no_en_news_events_news_Press_releases_2025_2025_11_28_fx__p7,2025,11
Institusjonelt ansvar / mandat,Institutional accountability / mandate,Valutakurs og eksterne forhold,Exchange rate and external conditions,Press release,https://www.norges-bank.no/en/news-events/news/Press-releases/2025/2025-11-28-fx/,Norges Bank,2025-11-28,10:00,p,8,76,https___www_norges_bank_no_en_news_events_news_Press_releases_2025_2025_11_28_fx_,https___www_norges_bank_no_en_news_events_news_Press_releases_2025_2025_11_28_fx__p8,2025,11
Institusjonelt ansvar / mandat,Institutional accountability / mandate,Valutakurs og eksterne forhold,Exchange rate and external conditions,Press release,https://www.norges-bank.no/en/news-events/news/Press-releases/2025/2025-11-28-fx/,Norges Bank,2025-11-28,10:00,p,9,16,https___www_norges_bank_no_en_news_events_news_Press_releases_2025_2025_11_28_fx_,https___www_norges_bank_no_en_news_events_news_Press_releases_2025_2025_11_28_fx__p9,2025,11
Politikkforklaring / begrunnelse,Policy explanation / justification,Valutakurs og eksterne forhold,Exchange rate and external conditions,Press release,https://www.norges-bank.no/en/news-events/news/Press-releases/2025/2025-11-28-fx/,Norges Bank,2025-11-28,10:00,p,10,29,https___www_norges_bank_no_en_news_events_news_Press_releases_2025_2025_11_28_fx_,https___www_norges_bank_no_en_news_events_news_Press_releases_2025_2025_11_28_fx__p10,2025,11
Institusjonelt ansvar / mandat,Institutional accountability / mandate,Valutakurs og eksterne forhold,Exchange rate and external conditions,Press release,https://www.norges-bank.no/en/news-events/news/Press-releases/2025/2025-11-28-fx/,Norges Bank,2025-11-28,10:00,p,11,87,https___www_norges_bank_no_en_news_events_news_Press_releases_2025_2025_11_28_fx_,https___www_norges_bank_no_en_news_events_news_Press_releases_2025_2025_11_28_fx__p11,2025,11
Risiko / usikkerhet,Risk / uncertainty,Finansiell stabilitet og bank,Financial stability and banking,Press release,https://www.norges-bank.no/en/news-events/news/Press-releases/2025/2025-11-12-fs2/,Norges Bank,2025-11-12,09:30,li,5,5,https___www_norges_bank_no_en_news_events_news_Press_releases_2025_2025_11_12_fs2_,https___www_norges_bank_no_en_news_events_news_Press_releases_2025_2025_11_12_fs2__p5,2025,11
Økonomisk situasjonsbeskrivelse / diagnose,Economic assessment / diagnosis,Finansiell stabilitet og bank,Financial stability and banking,Press release,https://www.norges-bank.no/en/news-events/news/Press-releases/2025/2025-11-12-fs2/,Norges Bank,2025-11-12,09:30,p,6,17,https___www_norges_bank_no_en_news_events_news_Press_releases_2025_2025_11_12_fs2_,https___www_norges_bank_no_en_news_events_news_Press_releases_2025_2025_11_12_fs2__p6,2025,11
Risiko / usikkerhet,Risk / uncertainty,Finansiell stabilitet og bank,Financial stability and banking,Press release,https://www.norges-bank.no/en/news-events/news/Press-releases/2025/2025-11-12-fs2/,Norges Bank,2025-11-12,09:30,blockquote,7,39,https___www_norges_bank_no_en_news_events_news_Press_releases_2025_2025_11_12_fs2_,https___www_norges_bank_no_en_news_events_news_Press_releases_2025_2025_11_12_fs2__p7,2025,11
Risiko / usikkerhet,Risk / uncertainty,Valutakurs og eksterne forhold,Exchange rate and external conditions,Press release,https://www.norges-bank.no/en/news-events/news/Press-releases/2025/2025-11-12-fs2/,Norges Bank,2025-11-12,09:30,p,8,39,https___www_norges_bank_no_en_news_events_news_Press_releases_2025_2025_11_12_fs2_,https___www_norges_bank_no_en_news_events_news_Press_releases_2025_2025_11_12_fs2__p8,2025,11
Økonomisk situasjonsbeskrivelse / diagnose,Economic assessment / diagnosis,Økonomisk aktivitet og arbeidsmarked,Economic activity and labor market,Press release,https://www.norges-bank.no/en/news-events/news/Press-releases/2025/2025-11-12-fs2/,Norges Bank,2025-11-12,09:30,p,9,19,https___www_norges_bank_no_en_news_events_news_Press_releases_2025_2025_11_12_fs2_,https___www_norges_bank_no_en_news_events_news_Press_releases_2025_2025_11_12_fs2__p9,2025,11
Utsikter / fremoverskuende signal,Outlook / forward guidance,Økonomisk aktivitet og arbeidsmarked,Economic activity and labor market,Press release,https://www.norges-bank.no/en/news-events/news/Press-releases/2025/2025-11-12-fs2/,Norges Bank,2025-11-12,09:30,blockquote,10,64,https___www_norges_bank_no_en_news_events_news_Press_releases_2025_2025_11_12_fs2_,https___www_norges_bank_no_en_news_events_news_Press_releases_2025_2025_11_12_fs2__p10,2025,11
Utsikter / fremoverskuende signal,Outlook / forward guidance,Økonomisk aktivitet og arbeidsmarked,Economic activity and labor market,Press release,https://www.norges-bank.no/en/news-events/news/Press-releases/2025/2025-11-12-fs2/,Norges Bank,2025-11-12,09:30,p,11,30,https___www_norges_bank_no_en_news_events_news_Press_releases_2025_2025_11_12_fs2_,https___www_norges_bank_no_en_news_events_news_Press_releases_2025_2025_11_12_fs2__p11,2025,11
Økonomisk situasjonsbeskrivelse / diagnose,Economic assessment / diagnosis,Finansiell stabilitet og bank,Financial stability and banking,Press release,https://www.norges-bank.no/en/news-events/news/Press-releases/2025/2025-11-12-fs2/,Norges Bank,2025-11-12,09:30,p,12,59,https___www_norges_bank_no_en_news_events_news_Press_releases_2025_2025_11_12_fs2_,https___www_norges_bank_no_en_news_events_news_Press_releases_2025_2025_11_12_fs2__p12,2025,11
Økonomisk situasjonsbeskrivelse / diagnose,Economic assessment / diagnosis,Økonomisk aktivitet og arbeidsmarked,Economic activity and labor market,Press release,https://www.norges-bank.no/en/news-events/news/Press-releases/2025/2025-11-12-fs2/,Norges Bank,2025-11-12,09:30,p,13,44,https___www_norges_bank_no_en_news_events_news_Press_releases_2025_2025_11_12_fs2_,https___www_norges_bank_no_en_news_events_news_Press_releases_2025_2025_11_12_fs2__p13,2025,11
Institusjonelt ansvar / mandat,Institutional accountability / mandate,Finansiell stabilitet og bank,Financial stability and banking,Press release,https://www.norges-bank.no/en/news-events/news/Press-releases/2025/2025-11-12-fs2/,Norges Bank,2025-11-12,09:30,p,14,55,https___www_norges_bank_no_en_news_events_news_Press_releases_2025_2025_11_12_fs2_,https___www_norges_bank_no_en_news_events_news_Press_releases_2025_2025_11_12_fs2__p14,2025,11
Politikkforklaring / begrunnelse,Policy explanation / justification,Finansiell stabilitet og bank,Financial stability and banking,Press release,https://www.norges-bank.no/en/news-events/news/Press-releases/2025/2025-11-12-fs2/,Norges Bank,2025-11-12,09:30,blockquote,15,32,https___www_norges_bank_no_en_news_events_news_Press_releases_2025_2025_11_12_fs2_,https___www_norges_bank_no_en_news_events_news_Press_releases_2025_2025_11_12_fs2__p15,2025,11
Utsikter / fremoverskuende signal,Outlook / forward guidance,Rente og pengepolitisk linje,Interest rates and monetary stance,Press release,https://www.norges-bank.no/en/news-events/news/Press-releases/2025/2025-11-06-rate/,Norges Bank,2025-11-06,10:00,li,5,6,https___www_norges_bank_no_en_news_events_news_Press_releases_2025_2025_11_06_rate_,https___www_norges_bank_no_en_news_events_news_Press_releases_2025_2025_11_06_rate__p5,2025,11
Utsikter / fremoverskuende signal,Outlook / forward guidance,Rente og pengepolitisk linje,Interest rates and monetary stance,Press release,https://www.norges-bank.no/en/news-events/news/Press-releases/2025/2025-11-06-rate/,Norges Bank,2025-11-06,10:00,p,6,81,https___www_norges_bank_no_en_news_events_news_Press_releases_2025_2025_11_06_rate_,https___www_norges_bank_no_en_news_events_news_Press_releases_2025_2025_11_06_rate__p6,2025,11
Politikkforklaring / begrunnelse,Policy explanation / justification,Inflasjon og priser,Inflation and prices,Press release,https://www.norges-bank.no/en/news-events/news/Press-releases/2025/2025-11-06-rate/,Norges Bank,2025-11-06,10:00,blockquote,7,27,https___www_norges_bank_no_en_news_events_news_Press_releases_2025_2025_11_06_rate_,https___www_norges_bank_no_en_news_events_news_Press_releases_2025_2025_11_06_rate__p7,2025,11
Politikkforklaring / begrunnelse,Policy explanation / justification,Økonomisk aktivitet og arbeidsmarked,Economic activity and labor market,Press release,https://www.norges-bank.no/en/news-events/news/Press-releases/2025/2025-11-06-rate/,Norges Bank,2025-11-06,10:00,p,8,79,https___www_norges_bank_no_en_news_events_news_Press_releases_2025_2025_11_06_rate_,https___www_norges_bank_no_en_news_events_news_Press_releases_2025_2025_11_06_rate__p8,2025,11
Utsikter / fremoverskuende signal,Outlook / forward guidance,Rente og pengepolitisk linje,Interest rates and monetary stance,Press release,https://www.norges-bank.no/en/news-events/news/Press-releases/2025/2025-11-06-rate/,Norges Bank,2025-11-06,10:00,p,9,114,https___www_norges_bank_no_en_news_events_news_Press_releases_2025_2025_11_06_rate_,https___www_norges_bank_no_en_news_events_news_Press_releases_2025_2025_11_06_rate__p9,2025,11
Utsikter / fremoverskuende signal,Outlook / forward guidance,Rente og pengepolitisk linje,Interest rates and monetary stance,Press release,https://www.norges-bank.no/en/news-events/news/Press-releases/2025/2025-11-06-rate/,Norges Bank,2025-11-06,10:00,blockquote,10,27,https___www_norges_bank_no_en_news_events_news_Press_releases_2025_2025_11_06_rate_,https___www_norges_bank_no_en_news_events_news_Press_releases_2025_2025_11_06_rate__p10,2025,11
Utsikter / fremoverskuende signal,Outlook / forward guidance,Inflasjon og priser,Inflation and prices,Press release,https://www.norges-bank.no/en/news-events/news/Press-releases/2025/2025-11-06-rate/,Norges Bank,2025-11-06,10:00,p,11,64,https___www_norges_bank_no_en_news_events_news_Press_releases_2025_2025_11_06_rate_,https___www_norges_bank_no_en_news_events_news_Press_releases_2025_2025_11_06_rate__p11,2025,11
Utsikter / fremoverskuende signal,Outlook / forward guidance,Økonomisk aktivitet og arbeidsmarked,Economic activity and labor market,Press release,https://www.norges-bank.no/en/news-events/news/Press-releases/2025/2025-11-06-rate/,Norges Bank,2025-11-06,10:00,p,12,25,https___www_norges_bank_no_en_news_events_news_Press_releases_2025_2025_11_06_rate_,https___www_norges_bank_no_en_news_events_news_Press_releases_2025_2025_11_06_rate__p12,2025,11
Utsikter / fremoverskuende signal,Outlook / forward guidance,Annet / administrativt / ikke kodbar,Other / administrative / not codable,Press release,https://www.norges-bank.no/en/news-events/news/Press-releases/2025/2025-11-06-rate/,Norges Bank,2025-11-06,10:00,p,13,25,https___www_norges_bank_no_en_news_events_news_Press_releases_2025_2025_11_06_rate_,https___www_norges_bank_no_en_news_events_news_Press_releases_2025_2025_11_06_rate__p13,2025,11
Utsikter / fremoverskuende signal,Outlook / forward guidance,Rente og pengepolitisk linje,Interest rates and monetary stance,Press release,https://www.norges-bank.no/en/news-events/news/Press-releases/2025/2025-11-06-rate/,Norges Bank,2025-11-06,10:00,li,14,4,https___www_norges_bank_no_en_news_events_news_Press_releases_2025_2025_11_06_rate_,https___www_norges_bank_no_en_news_events_news_Press_releases_2025_2025_11_06_rate__p14,2025,11
Institusjonelt ansvar / mandat,Institutional accountability / mandate,Valutakurs og eksterne forhold,Exchange rate and external conditions,Press release,https://www.norges-bank.no/en/news-events/news/Press-releases/2025/2025-10-31-fx/,Norges Bank,2025-10-31,10:00,li,5,4,https___www_norges_bank_no_en_news_events_news_Press_releases_2025_2025_10_31_fx_,https___www_norges_bank_no_en_news_events_news_Press_releases_2025_2025_10_31_fx__p5,2025,10
Institusjonelt ansvar / mandat,Institutional accountability / mandate,Valutakurs og eksterne forhold,Exchange rate and external conditions,Press release,https://www.norges-bank.no/en/news-events/news/Press-releases/2025/2025-10-31-fx/,Norges Bank,2025-10-31,10:00,p,6,88,https___www_norges_bank_no_en_news_events_news_Press_releases_2025_2025_10_31_fx_,https___www_norges_bank_no_en_news_events_news_Press_releases_2025_2025_10_31_fx__p6,2025,10
Politikkforklaring / begrunnelse,Policy explanation / justification,Valutakurs og eksterne forhold,Exchange rate and external conditions,Press release,https://www.norges-bank.no/en/news-events/news/Press-releases/2025/2025-10-31-fx/,Norges Bank,2025-10-31,10:00,p,7,21,https___www_norges_bank_no_en_news_events_news_Press_releases_2025_2025_10_31_fx_,https___www_norges_bank_no_en_news_events_news_Press_releases_2025_2025_10_31_fx__p7,2025,10
Institusjonelt ansvar / mandat,Institutional accountability / mandate,Valutakurs og eksterne forhold,Exchange rate and external conditions,Press release,https://www.norges-bank.no/en/news-events/news/Press-releases/2025/2025-10-31-fx/,Norges Bank,2025-10-31,10:00,p,8,76,https___www_norges_bank_no_en_news_events_news_Press_releases_2025_2025_10_31_fx_,https___www_norges_bank_no_en_news_events_news_Press_releases_2025_2025_10_31_fx__p8,2025,10
Institusjonelt ansvar / mandat,Institutional accountability / mandate,Valutakurs og eksterne forhold,Exchange rate and external conditions,Press release,https://www.norges-bank.no/en/news-events/news/Press-releases/2025/2025-10-31-fx/,Norges Bank,2025-10-31,10:00,p,9,16,https___www_norges_bank_no_en_news_events_news_Press_releases_2025_2025_10_31_fx_,https___www_norges_bank_no_en_news_events_news_Press_releases_2025_2025_10_31_fx__p9,2025,10
Institusjonelt ansvar / mandat,Institutional accountability / mandate,Valutakurs og eksterne forhold,Exchange rate and external conditions,Press release,https://www.norges-bank.no/en/news-events/news/Press-releases/2025/2025-10-31-fx/,Norges Bank,2025-10-31,10:00,p,10,25,https___www_norges_bank_no_en_news_events_news_Press_releases_2025_2025_10_31_fx_,https___www_norges_bank_no_en_news_events_news_Press_releases_2025_2025_10_31_fx__p10,2025,10
Institusjonelt ansvar / mandat,Institutional accountability / mandate,Valutakurs og eksterne forhold,Exchange rate and external conditions,Press release,https://www.norges-bank.no/en/news-events/news/Press-releases/2025/2025-10-31-fx/,Norges Bank,2025-10-31,10:00,p,11,87,https___www_norges_bank_no_en_news_events_news_Press_releases_2025_2025_10_31_fx_,https___www_norges_bank_no_en_news_events_news_Press_releases_2025_2025_10_31_fx__p11,2025,10
Institusjonelt ansvar / mandat,Institutional accountability / mandate,Valutakurs og eksterne forhold,Exchange rate and external conditions,Press release,https://www.norges-bank.no/en/news-events/news/Press-releases/2025/2025-09-30-fx/,Norges Bank,2025-09-30,10:00,li,5,4,https___www_norges_bank_no_en_news_events_news_Press_releases_2025_2025_09_30_fx_,https___www_norges_bank_no_en_news_events_news_Press_releases_2025_2025_09_30_fx__p5,2025,9
Institusjonelt ansvar / mandat,Institutional accountability / mandate,Valutakurs og eksterne forhold,Exchange rate and external conditions,Press release,https://www.norges-bank.no/en/news-events/news/Press-releases/2025/2025-09-30-fx/,Norges Bank,2025-09-30,10:00,p,6,88,https___www_norges_bank_no_en_news_events_news_Press_releases_2025_2025_09_30_fx_,https___www_norges_bank_no_en_news_events_news_Press_releases_2025_2025_09_30_fx__p6,2025,9
Politikkforklaring / begrunnelse,Policy explanation / justification,Valutakurs og eksterne forhold,Exchange rate and external conditions,Press release,https://www.norges-bank.no/en/news-events/news/Press-releases/2025/2025-09-30-fx/,Norges Bank,2025-09-30,10:00,p,7,21,https___www_norges_bank_no_en_news_events_news_Press_releases_2025_2025_09_30_fx_,https___www_norges_bank_no_en_news_events_news_Press_releases_2025_2025_09_30_fx__p7,2025,9
Institusjonelt ansvar / mandat,Institutional accountability / mandate,Valutakurs og eksterne forhold,Exchange rate and external conditions,Press release,https://www.norges-bank.no/en/news-events/news/Press-releases/2025/2025-09-30-fx/,Norges Bank,2025-09-30,10:00,p,8,76,https___www_norges_bank_no_en_news_events_news_Press_releases_2025_2025_09_30_fx_,https___www_norges_bank_no_en_news_events_news_Press_releases_2025_2025_09_30_fx__p8,2025,9
Institusjonelt ansvar / mandat,Institutional accountability / mandate,Valutakurs og eksterne forhold,Exchange rate and external conditions,Press release,https://www.norges-bank.no/en/news-events/news/Press-releases/2025/2025-09-30-fx/,Norges Bank,2025-09-30,10:00,p,9,16,https___www_norges_bank_no_en_news_events_news_Press_releases_2025_2025_09_30_fx_,https___www_norges_bank_no_en_news_events_news_Press_releases_2025_2025_09_30_fx__p9,2025,9
Institusjonelt ansvar / mandat,Institutional accountability / mandate,Valutakurs og eksterne forhold,Exchange rate and external conditions,Press release,https://www.norges-bank.no/en/news-events/news/Press-releases/2025/2025-09-30-fx/,Norges Bank,2025-09-30,10:00,p,10,25,https___www_norges_bank_no_en_news_events_news_Press_releases_2025_2025_09_30_fx_,https___www_norges_bank_no_en_news_events_news_Press_releases_2025_2025_09_30_fx__p10,2025,9
Institusjonelt ansvar / mandat,Institutional accountability / mandate,Valutakurs og eksterne forhold,Exchange rate and external conditions,Press release,https://www.norges-bank.no/en/news-events/news/Press-releases/2025/2025-09-30-fx/,Norges Bank,2025-09-30,10:00,p,11,87,https___www_norges_bank_no_en_news_events_news_Press_releases_2025_2025_09_30_fx_,https___www_norges_bank_no_en_news_events_news_Press_releases_2025_2025_09_30_fx__p11,2025,9
Politikkforklaring / begrunnelse,Policy explanation / justification,Rente og pengepolitisk linje,Interest rates and monetary stance,Press release,https://www.norges-bank.no/en/news-events/news/Press-releases/2025/2025-09-18-rate/,Norges Bank,2025-09-18,10:00,li,5,6,https___www_norges_bank_no_en_news_events_news_Press_releases_2025_2025_09_18_rate_,https___www_norges_bank_no_en_news_events_news_Press_releases_2025_2025_09_18_rate__p5,2025,9
Utsikter / fremoverskuende signal,Outlook / forward guidance,Rente og pengepolitisk linje,Interest rates and monetary stance,Press release,https://www.norges-bank.no/en/news-events/news/Press-releases/2025/2025-09-18-rate/,Norges Bank,2025-09-18,10:00,p,6,74,https___www_norges_bank_no_en_news_events_news_Press_releases_2025_2025_09_18_rate_,https___www_norges_bank_no_en_news_events_news_Press_releases_2025_2025_09_18_rate__p6,2025,9
Politikkforklaring / begrunnelse,Policy explanation / justification,Inflasjon og priser,Inflation and prices,Press release,https://www.norges-bank.no/en/news-events/news/Press-releases/2025/2025-09-18-rate/,Norges Bank,2025-09-18,10:00,blockquote,7,40,https___www_norges_bank_no_en_news_events_news_Press_releases_2025_2025_09_18_rate_,https___www_norges_bank_no_en_news_events_news_Press_releases_2025_2025_09_18_rate__p7,2025,9
Politikkforklaring / begrunnelse,Policy explanation / justification,Rente og pengepolitisk linje,Interest rates and monetary stance,Press release,https://www.norges-bank.no/en/news-events/news/Press-releases/2025/2025-09-18-rate/,Norges Bank,2025-09-18,10:00,p,8,74,https___www_norges_bank_no_en_news_events_news_Press_releases_2025_2025_09_18_rate_,https___www_norges_bank_no_en_news_events_news_Press_releases_2025_2025_09_18_rate__p8,2025,9
Utsikter / fremoverskuende signal,Outlook / forward guidance,Rente og pengepolitisk linje,Interest rates and monetary stance,Press release,https://www.norges-bank.no/en/news-events/news/Press-releases/2025/2025-09-18-rate/,Norges Bank,2025-09-18,10:00,p,9,140,https___www_norges_bank_no_en_news_events_news_Press_releases_2025_2025_09_18_rate_,https___www_norges_bank_no_en_news_events_news_Press_releases_2025_2025_09_18_rate__p9,2025,9
Utsikter / fremoverskuende signal,Outlook / forward guidance,Økonomisk aktivitet og arbeidsmarked,Economic activity and labor market,Press release,https://www.norges-bank.no/en/news-events/news/Press-releases/2025/2025-09-18-rate/,Norges Bank,2025-09-18,10:00,blockquote,10,51,https___www_norges_bank_no_en_news_events_news_Press_releases_2025_2025_09_18_rate_,https___www_norges_bank_no_en_news_events_news_Press_releases_2025_2025_09_18_rate__p10,2025,9
Utsikter / fremoverskuende signal,Outlook / forward guidance,Rente og pengepolitisk linje,Interest rates and monetary stance,Press release,https://www.norges-bank.no/en/news-events/news/Press-releases/2025/2025-09-18-rate/,Norges Bank,2025-09-18,10:00,p,11,84,https___www_norges_bank_no_en_news_events_news_Press_releases_2025_2025_09_18_rate_,https___www_norges_bank_no_en_news_events_news_Press_releases_2025_2025_09_18_rate__p11,2025,9
Utsikter / fremoverskuende signal,Outlook / forward guidance,Rente og pengepolitisk linje,Interest rates and monetary stance,Press release,https://www.norges-bank.no/en/news-events/news/Press-releases/2025/2025-09-18-rate/,Norges Bank,2025-09-18,10:00,blockquote,12,55,https___www_norges_bank_no_en_news_events_news_Press_releases_2025_2025_09_18_rate_,https___www_norges_bank_no_en_news_events_news_Press_releases_2025_2025_09_18_rate__p12,2025,9
Risiko / usikkerhet,Risk / uncertainty,Inflasjon og priser,Inflation and prices,Press release,https://www.norges-bank.no/en/news-events/news/Press-releases/2025/2025-09-18-rate/,Norges Bank,2025-09-18,10:00,p,13,124,https___www_norges_bank_no_en_news_events_news_Press_releases_2025_2025_09_18_rate_,https___www_norges_bank_no_en_news_events_news_Press_releases_2025_2025_09_18_rate__p13,2025,9
Institusjonelt ansvar / mandat,Institutional accountability / mandate,Annet / administrativt / ikke kodbar,Other / administrative / not codable,Press release,https://www.norges-bank.no/en/news-events/news/Press-releases/2025/2025-09-18-rate/,Norges Bank,2025-09-18,10:00,p,14,15,https___www_norges_bank_no_en_news_events_news_Press_releases_2025_2025_09_18_rate_,https___www_norges_bank_no_en_news_events_news_Press_releases_2025_2025_09_18_rate__p14,2025,9
Utsikter / fremoverskuende signal,Outlook / forward guidance,Økonomisk aktivitet og arbeidsmarked,Economic activity and labor market,Press release,https://www.norges-bank.no/en/news-events/news/Press-releases/2025/2025-09-11-regionalt-nettverk/,Norges Bank,2025-09-11,10:00,li,5,4,https___www_norges_bank_no_en_news_events_news_Press_releases_2025_2025_09_11_regionalt_nettverk_,https___www_norges_bank_no_en_news_events_news_Press_releases_2025_2025_09_11_regionalt_nettverk__p5,2025,9
Utsikter / fremoverskuende signal,Outlook / forward guidance,Økonomisk aktivitet og arbeidsmarked,Economic activity and labor market,Press release,https://www.norges-bank.no/en/news-events/news/Press-releases/2025/2025-09-11-regionalt-nettverk/,Norges Bank,2025-09-11,10:00,p,6,53,https___www_norges_bank_no_en_news_events_news_Press_releases_2025_2025_09_11_regionalt_nettverk_,https___www_norges_bank_no_en_news_events_news_Press_releases_2025_2025_09_11_regionalt_nettverk__p6,2025,9
Utsikter / fremoverskuende signal,Outlook / forward guidance,Økonomisk aktivitet og arbeidsmarked,Economic activity and labor market,Press release,https://www.norges-bank.no/en/news-events/news/Press-releases/2025/2025-09-11-regionalt-nettverk/,Norges Bank,2025-09-11,10:00,p,7,65,https___www_norges_bank_no_en_news_events_news_Press_releases_2025_2025_09_11_regionalt_nettverk_,https___www_norges_bank_no_en_news_events_news_Press_releases_2025_2025_09_11_regionalt_nettverk__p7,2025,9
Utsikter / fremoverskuende signal,Outlook / forward guidance,Økonomisk aktivitet og arbeidsmarked,Economic activity and labor market,Press release,https://www.norges-bank.no/en/news-events/news/Press-releases/2025/2025-09-11-regionalt-nettverk/,Norges Bank,2025-09-11,10:00,p,8,17,https___www_norges_bank_no_en_news_events_news_Press_releases_2025_2025_09_11_regionalt_nettverk_,https___www_norges_bank_no_en_news_events_news_Press_releases_2025_2025_09_11_regionalt_nettverk__p8,2025,9
Økonomisk situasjonsbeskrivelse / diagnose,Economic assessment / diagnosis,Økonomisk aktivitet og arbeidsmarked,Economic activity and labor market,Press release,https://www.norges-bank.no/en/news-events/news/Press-releases/2025/2025-09-11-regionalt-nettverk/,Norges Bank,2025-09-11,10:00,p,9,61,https___www_norges_bank_no_en_news_events_news_Press_releases_2025_2025_09_11_regionalt_nettverk_,https___www_norges_bank_no_en_news_events_news_Press_releases_2025_2025_09_11_regionalt_nettverk__p9,2025,9
Utsikter / fremoverskuende signal,Outlook / forward guidance,Økonomisk aktivitet og arbeidsmarked,Economic activity and labor market,Press release,https://www.norges-bank.no/en/news-events/news/Press-releases/2025/2025-09-11-regionalt-nettverk/,Norges Bank,2025-09-11,10:00,p,10,28,https___www_norges_bank_no_en_news_events_news_Press_releases_2025_2025_09_11_regionalt_nettverk_,https___www_norges_bank_no_en_news_events_news_Press_releases_2025_2025_09_11_regionalt_nettverk__p10,2025,9
Utsikter / fremoverskuende signal,Outlook / forward guidance,Økonomisk aktivitet og arbeidsmarked,Economic activity and labor market,Press release,https://www.norges-bank.no/en/news-events/news/Press-releases/2025/2025-09-11-regionalt-nettverk/,Norges Bank,2025-09-11,10:00,li,12,4,https___www_norges_bank_no_en_news_events_news_Press_releases_2025_2025_09_11_regionalt_nettverk_,https___www_norges_bank_no_en_news_events_news_Press_releases_2025_2025_09_11_regionalt_nettverk__p12,2025,9
Institusjonelt ansvar / mandat,Institutional accountability / mandate,Valutakurs og eksterne forhold,Exchange rate and external conditions,Press release,https://www.norges-bank.no/en/news-events/news/Press-releases/2025/2025-08-29-fx/,Norges Bank,2025-08-29,10:00,li,5,4,https___www_norges_bank_no_en_news_events_news_Press_releases_2025_2025_08_29_fx_,https___www_norges_bank_no_en_news_events_news_Press_releases_2025_2025_08_29_fx__p5,2025,8
Institusjonelt ansvar / mandat,Institutional accountability / mandate,Valutakurs og eksterne forhold,Exchange rate and external conditions,Press release,https://www.norges-bank.no/en/news-events/news/Press-releases/2025/2025-08-29-fx/,Norges Bank,2025-08-29,10:00,p,6,88,https___www_norges_bank_no_en_news_events_news_Press_releases_2025_2025_08_29_fx_,https___www_norges_bank_no_en_news_events_news_Press_releases_2025_2025_08_29_fx__p6,2025,8
Politikkforklaring / begrunnelse,Policy explanation / justification,Valutakurs og eksterne forhold,Exchange rate and external conditions,Press release,https://www.norges-bank.no/en/news-events/news/Press-releases/2025/2025-08-29-fx/,Norges Bank,2025-08-29,10:00,p,7,21,https___www_norges_bank_no_en_news_events_news_Press_releases_2025_2025_08_29_fx_,https___www_norges_bank_no_en_news_events_news_Press_releases_2025_2025_08_29_fx__p7,2025,8
Institusjonelt ansvar / mandat,Institutional accountability / mandate,Valutakurs og eksterne forhold,Exchange rate and external conditions,Press release,https://www.norges-bank.no/en/news-events/news/Press-releases/2025/2025-08-29-fx/,Norges Bank,2025-08-29,10:00,p,8,76,https___www_norges_bank_no_en_news_events_news_Press_releases_2025_2025_08_29_fx_,https___www_norges_bank_no_en_news_events_news_Press_releases_2025_2025_08_29_fx__p8,2025,8
Institusjonelt ansvar / mandat,Institutional accountability / mandate,Valutakurs og eksterne forhold,Exchange rate and external conditions,Press release,https://www.norges-bank.no/en/news-events/news/Press-releases/2025/2025-08-29-fx/,Norges Bank,2025-08-29,10:00,p,9,16,https___www_norges_bank_no_en_news_events_news_Press_releases_2025_2025_08_29_fx_,https___www_norges_bank_no_en_news_events_news_Press_releases_2025_2025_08_29_fx__p9,2025,8
Institusjonelt ansvar / mandat,Institutional accountability / mandate,Valutakurs og eksterne forhold,Exchange rate and external conditions,Press release,https://www.norges-bank.no/en/news-events/news/Press-releases/2025/2025-08-29-fx/,Norges Bank,2025-08-29,10:00,p,10,25,https___www_norges_bank_no_en_news_events_news_Press_releases_2025_2025_08_29_fx_,https___www_norges_bank_no_en_news_events_news_Press_releases_2025_2025_08_29_fx__p10,2025,8
Institusjonelt ansvar / mandat,Institutional accountability / mandate,Valutakurs og eksterne forhold,Exchange rate and external conditions,Press release,https://www.norges-bank.no/en/news-events/news/Press-releases/2025/2025-08-29-fx/,Norges Bank,2025-08-29,10:00,p,11,87,https___www_norges_bank_no_en_news_events_news_Press_releases_2025_2025_08_29_fx_,https___www_norges_bank_no_en_news_events_news_Press_releases_2025_2025_08_29_fx__p11,2025,8
Utsikter / fremoverskuende signal,Outlook / forward guidance,Rente og pengepolitisk linje,Interest rates and monetary stance,Press release,https://www.norges-bank.no/en/news-events/news/Press-releases/2025/2025-08-14-rate/,Norges Bank,2025-08-14,10:00,li,5,6,https___www_norges_bank_no_en_news_events_news_Press_releases_2025_2025_08_14_rate_,https___www_norges_bank_no_en_news_events_news_Press_releases_2025_2025_08_14_rate__p5,2025,8
Utsikter / fremoverskuende signal,Outlook / forward guidance,Rente og pengepolitisk linje,Interest rates and monetary stance,Press release,https://www.norges-bank.no/en/news-events/news/Press-releases/2025/2025-08-14-rate/,Norges Bank,2025-08-14,10:00,p,6,50,https___www_norges_bank_no_en_news_events_news_Press_releases_2025_2025_08_14_rate_,https___www_norges_bank_no_en_news_events_news_Press_releases_2025_2025_08_14_rate__p6,2025,8
Politikkforklaring / begrunnelse,Policy explanation / justification,Rente og pengepolitisk linje,Interest rates and monetary stance,Press release,https://www.norges-bank.no/en/news-events/news/Press-releases/2025/2025-08-14-rate/,Norges Bank,2025-08-14,10:00,p,7,64,https___www_norges_bank_no_en_news_events_news_Press_releases_2025_2025_08_14_rate_,https___www_norges_bank_no_en_news_events_news_Press_releases_2025_2025_08_14_rate__p7,2025,8
Politikkforklaring / begrunnelse,Policy explanation / justification,Inflasjon og priser,Inflation and prices,Press release,https://www.norges-bank.no/en/news-events/news/Press-releases/2025/2025-08-14-rate/,Norges Bank,2025-08-14,10:00,p,8,82,https___www_norges_bank_no_en_news_events_news_Press_releases_2025_2025_08_14_rate_,https___www_norges_bank_no_en_news_events_news_Press_releases_2025_2025_08_14_rate__p8,2025,8
Utsikter / fremoverskuende signal,Outlook / forward guidance,Rente og pengepolitisk linje,Interest rates and monetary stance,Press release,https://www.norges-bank.no/en/news-events/news/Press-releases/2025/2025-08-14-rate/,Norges Bank,2025-08-14,10:00,p,9,140,https___www_norges_bank_no_en_news_events_news_Press_releases_2025_2025_08_14_rate_,https___www_norges_bank_no_en_news_events_news_Press_releases_2025_2025_08_14_rate__p9,2025,8
Utsikter / fremoverskuende signal,Outlook / forward guidance,Rente og pengepolitisk linje,Interest rates and monetary stance,Press release,https://www.norges-bank.no/en/news-events/news/Press-releases/2025/2025-08-14-rate/,Norges Bank,2025-08-14,10:00,p,10,60,https___www_norges_bank_no_en_news_events_news_Press_releases_2025_2025_08_14_rate_,https___www_norges_bank_no_en_news_events_news_Press_releases_2025_2025_08_14_rate__p10,2025,8
Risiko / usikkerhet,Risk / uncertainty,Inflasjon og priser,Inflation and prices,Press release,https://www.norges-bank.no/en/news-events/news/Press-releases/2025/2025-08-14-rate/,Norges Bank,2025-08-14,10:00,p,11,89,https___www_norges_bank_no_en_news_events_news_Press_releases_2025_2025_08_14_rate_,https___www_norges_bank_no_en_news_events_news_Press_releases_2025_2025_08_14_rate__p11,2025,8
Utsikter / fremoverskuende signal,Outlook / forward guidance,Økonomisk aktivitet og arbeidsmarked,Economic activity and labor market,Press release,https://www.norges-bank.no/en/news-events/news/Press-releases/2025/2025-08-14-rate/,Norges Bank,2025-08-14,10:00,p,12,25,https___www_norges_bank_no_en_news_events_news_Press_releases_2025_2025_08_14_rate_,https___www_norges_bank_no_en_news_events_news_Press_releases_2025_2025_08_14_rate__p12,2025,8
Utsikter / fremoverskuende signal,Outlook / forward guidance,Annet / administrativt / ikke kodbar,Other / administrative / not codable,Press release,https://www.norges-bank.no/en/news-events/news/Press-releases/2025/2025-08-14-rate/,Norges Bank,2025-08-14,10:00,p,13,28,https___www_norges_bank_no_en_news_events_news_Press_releases_2025_2025_08_14_rate_,https___www_norges_bank_no_en_news_events_news_Press_releases_2025_2025_08_14_rate__p13,2025,8
Utsikter / fremoverskuende signal,Outlook / forward guidance,Rente og pengepolitisk linje,Interest rates and monetary stance,Press release,https://www.norges-bank.no/en/news-events/news/Press-releases/2025/2025-08-14-rate/,Norges Bank,2025-08-14,10:00,li,14,4,https___www_norges_bank_no_en_news_events_news_Press_releases_2025_2025_08_14_rate_,https___www_norges_bank_no_en_news_events_news_Press_releases_2025_2025_08_14_rate__p14,2025,8
Institusjonelt ansvar / mandat,Institutional accountability / mandate,Valutakurs og eksterne forhold,Exchange rate and external conditions,Press release,https://www.norges-bank.no/en/news-events/news/Press-releases/2025/2025-07-31-fx/,Norges Bank,2025-07-31,10:00,li,5,4,https___www_norges_bank_no_en_news_events_news_Press_releases_2025_2025_07_31_fx_,https___www_norges_bank_no_en_news_events_news_Press_releases_2025_2025_07_31_fx__p5,2025,7
Institusjonelt ansvar / mandat,Institutional accountability / mandate,Valutakurs og eksterne forhold,Exchange rate and external conditions,Press release,https://www.norges-bank.no/en/news-events/news/Press-releases/2025/2025-07-31-fx/,Norges Bank,2025-07-31,10:00,p,6,88,https___www_norges_bank_no_en_news_events_news_Press_releases_2025_2025_07_31_fx_,https___www_norges_bank_no_en_news_events_news_Press_releases_2025_2025_07_31_fx__p6,2025,7
Politikkforklaring / begrunnelse,Policy explanation / justification,Valutakurs og eksterne forhold,Exchange rate and external conditions,Press release,https://www.norges-bank.no/en/news-events/news/Press-releases/2025/2025-07-31-fx/,Norges Bank,2025-07-31,10:00,p,7,21,https___www_norges_bank_no_en_news_events_news_Press_releases_2025_2025_07_31_fx_,https___www_norges_bank_no_en_news_events_news_Press_releases_2025_2025_07_31_fx__p7,2025,7
Institusjonelt ansvar / mandat,Institutional accountability / mandate,Valutakurs og eksterne forhold,Exchange rate and external conditions,Press release,https://www.norges-bank.no/en/news-events/news/Press-releases/2025/2025-07-31-fx/,Norges Bank,2025-07-31,10:00,p,8,77,https___www_norges_bank_no_en_news_events_news_Press_releases_2025_2025_07_31_fx_,https___www_norges_bank_no_en_news_events_news_Press_releases_2025_2025_07_31_fx__p8,2025,7
Institusjonelt ansvar / mandat,Institutional accountability / mandate,Valutakurs og eksterne forhold,Exchange rate and external conditions,Press release,https://www.norges-bank.no/en/news-events/news/Press-releases/2025/2025-07-31-fx/,Norges Bank,2025-07-31,10:00,p,9,16,https___www_norges_bank_no_en_news_events_news_Press_releases_2025_2025_07_31_fx_,https___www_norges_bank_no_en_news_events_news_Press_releases_2025_2025_07_31_fx__p9,2025,7
Institusjonelt ansvar / mandat,Institutional accountability / mandate,Valutakurs og eksterne forhold,Exchange rate and external conditions,Press release,https://www.norges-bank.no/en/news-events/news/Press-releases/2025/2025-07-31-fx/,Norges Bank,2025-07-31,10:00,p,10,25,https___www_norges_bank_no_en_news_events_news_Press_releases_2025_2025_07_31_fx_,https___www_norges_bank_no_en_news_events_news_Press_releases_2025_2025_07_31_fx__p10,2025,7
Institusjonelt ansvar / mandat,Institutional accountability / mandate,Valutakurs og eksterne forhold,Exchange rate and external conditions,Press release,https://www.norges-bank.no/en/news-events/news/Press-releases/2025/2025-07-31-fx/,Norges Bank,2025-07-31,10:00,p,11,87,https___www_norges_bank_no_en_news_events_news_Press_releases_2025_2025_07_31_fx_,https___www_norges_bank_no_en_news_events_news_Press_releases_2025_2025_07_31_fx__p11,2025,7
Institusjonelt ansvar / mandat,Institutional accountability / mandate,Valutakurs og eksterne forhold,Exchange rate and external conditions,Press release,https://www.norges-bank.no/en/news-events/news/Press-releases/2025/2025-06-30-fx/,Norges Bank,2025-06-30,10:00,li,5,4,https___www_norges_bank_no_en_news_events_news_Press_releases_2025_2025_06_30_fx_,https___www_norges_bank_no_en_news_events_news_Press_releases_2025_2025_06_30_fx__p5,2025,6
Institusjonelt ansvar / mandat,Institutional accountability / mandate,Valutakurs og eksterne forhold,Exchange rate and external conditions,Press release,https://www.norges-bank.no/en/news-events/news/Press-releases/2025/2025-06-30-fx/,Norges Bank,2025-06-30,10:00,p,6,88,https___www_norges_bank_no_en_news_events_news_Press_releases_2025_2025_06_30_fx_,https___www_norges_bank_no_en_news_events_news_Press_releases_2025_2025_06_30_fx__p6,2025,6
Politikkforklaring / begrunnelse,Policy explanation / justification,Valutakurs og eksterne forhold,Exchange rate and external conditions,Press release,https://www.norges-bank.no/en/news-events/news/Press-releases/2025/2025-06-30-fx/,Norges Bank,2025-06-30,10:00,p,7,21,https___www_norges_bank_no_en_news_events_news_Press_releases_2025_2025_06_30_fx_,https___www_norges_bank_no_en_news_events_news_Press_releases_2025_2025_06_30_fx__p7,2025,6
Institusjonelt ansvar / mandat,Institutional accountability / mandate,Valutakurs og eksterne forhold,Exchange rate and external conditions,Press release,https://www.norges-bank.no/en/news-events/news/Press-releases/2025/2025-06-30-fx/,Norges Bank,2025-06-30,10:00,p,8,77,https___www_norges_bank_no_en_news_events_news_Press_releases_2025_2025_06_30_fx_,https___www_norges_bank_no_en_news_events_news_Press_releases_2025_2025_06_30_fx__p8,2025,6
Institusjonelt ansvar / mandat,Institutional accountability / mandate,Valutakurs og eksterne forhold,Exchange rate and external conditions,Press release,https://www.norges-bank.no/en/news-events/news/Press-releases/2025/2025-06-30-fx/,Norges Bank,2025-06-30,10:00,p,9,16,https___www_norges_bank_no_en_news_events_news_Press_releases_2025_2025_06_30_fx_,https___www_norges_bank_no_en_news_events_news_Press_releases_2025_2025_06_30_fx__p9,2025,6
Institusjonelt ansvar / mandat,Institutional accountability / mandate,Valutakurs og eksterne forhold,Exchange rate and external conditions,Press release,https://www.norges-bank.no/en/news-events/news/Press-releases/2025/2025-06-30-fx/,Norges Bank,2025-06-30,10:00,p,10,25,https___www_norges_bank_no_en_news_events_news_Press_releases_2025_2025_06_30_fx_,https___www_norges_bank_no_en_news_events_news_Press_releases_2025_2025_06_30_fx__p10,2025,6
Institusjonelt ansvar / mandat,Institutional accountability / mandate,Valutakurs og eksterne forhold,Exchange rate and external conditions,Press release,https://www.norges-bank.no/en/news-events/news/Press-releases/2025/2025-06-30-fx/,Norges Bank,2025-06-30,10:00,p,11,87,https___www_norges_bank_no_en_news_events_news_Press_releases_2025_2025_06_30_fx_,https___www_norges_bank_no_en_news_events_news_Press_releases_2025_2025_06_30_fx__p11,2025,6
Politikkforklaring / begrunnelse,Policy explanation / justification,Rente og pengepolitisk linje,Interest rates and monetary stance,Press release,https://www.norges-bank.no/en/news-events/news/Press-releases/2025/2025-06-19-rate/,Norges Bank,2025-06-19,10:00,li,5,6,https___www_norges_bank_no_en_news_events_news_Press_releases_2025_2025_06_19_rate_,https___www_norges_bank_no_en_news_events_news_Press_releases_2025_2025_06_19_rate__p5,2025,6
Utsikter / fremoverskuende signal,Outlook / forward guidance,Rente og pengepolitisk linje,Interest rates and monetary stance,Press release,https://www.norges-bank.no/en/news-events/news/Press-releases/2025/2025-06-19-rate/,Norges Bank,2025-06-19,10:00,p,6,53,https___www_norges_bank_no_en_news_events_news_Press_releases_2025_2025_06_19_rate_,https___www_norges_bank_no_en_news_events_news_Press_releases_2025_2025_06_19_rate__p6,2025,6
Utsikter / fremoverskuende signal,Outlook / forward guidance,Inflasjon og priser,Inflation and prices,Press release,https://www.norges-bank.no/en/news-events/news/Press-releases/2025/2025-06-19-rate/,Norges Bank,2025-06-19,10:00,p,7,53,https___www_norges_bank_no_en_news_events_news_Press_releases_2025_2025_06_19_rate_,https___www_norges_bank_no_en_news_events_news_Press_releases_2025_2025_06_19_rate__p7,2025,6
Politikkforklaring / begrunnelse,Policy explanation / justification,Inflasjon og priser,Inflation and prices,Press release,https://www.norges-bank.no/en/news-events/news/Press-releases/2025/2025-06-19-rate/,Norges Bank,2025-06-19,10:00,p,8,71,https___www_norges_bank_no_en_news_events_news_Press_releases_2025_2025_06_19_rate_,https___www_norges_bank_no_en_news_events_news_Press_releases_2025_2025_06_19_rate__p8,2025,6
Utsikter / fremoverskuende signal,Outlook / forward guidance,Rente og pengepolitisk linje,Interest rates and monetary stance,Press release,https://www.norges-bank.no/en/news-events/news/Press-releases/2025/2025-06-19-rate/,Norges Bank,2025-06-19,10:00,p,9,125,https___www_norges_bank_no_en_news_events_news_Press_releases_2025_2025_06_19_rate_,https___www_norges_bank_no_en_news_events_news_Press_releases_2025_2025_06_19_rate__p9,2025,6
Utsikter / fremoverskuende signal,Outlook / forward guidance,Rente og pengepolitisk linje,Interest rates and monetary stance,Press release,https://www.norges-bank.no/en/news-events/news/Press-releases/2025/2025-06-19-rate/,Norges Bank,2025-06-19,10:00,p,10,79,https___www_norges_bank_no_en_news_events_news_Press_releases_2025_2025_06_19_rate_,https___www_norges_bank_no_en_news_events_news_Press_releases_2025_2025_06_19_rate__p10,2025,6
Utsikter / fremoverskuende signal,Outlook / forward guidance,Rente og pengepolitisk linje,Interest rates and monetary stance,Press release,https://www.norges-bank.no/en/news-events/news/Press-releases/2025/2025-06-19-rate/,Norges Bank,2025-06-19,10:00,p,11,47,https___www_norges_bank_no_en_news_events_news_Press_releases_2025_2025_06_19_rate_,https___www_norges_bank_no_en_news_events_news_Press_releases_2025_2025_06_19_rate__p11,2025,6
Risiko / usikkerhet,Risk / uncertainty,Valutakurs og eksterne forhold,Exchange rate and external conditions,Press release,https://www.norges-bank.no/en/news-events/news/Press-releases/2025/2025-06-19-rate/,Norges Bank,2025-06-19,10:00,p,12,104,https___www_norges_bank_no_en_news_events_news_Press_releases_2025_2025_06_19_rate_,https___www_norges_bank_no_en_news_events_news_Press_releases_2025_2025_06_19_rate__p12,2025,6
Utsikter / fremoverskuende signal,Outlook / forward guidance,Økonomisk aktivitet og arbeidsmarked,Economic activity and labor market,Press release,https://www.norges-bank.no/en/news-events/news/Press-releases/2025/2025-06-19-rate/,Norges Bank,2025-06-19,10:00,p,13,56,https___www_norges_bank_no_en_news_events_news_Press_releases_2025_2025_06_19_rate_,https___www_norges_bank_no_en_news_events_news_Press_releases_2025_2025_06_19_rate__p13,2025,6
Institusjonelt ansvar / mandat,Institutional accountability / mandate,Rente og pengepolitisk linje,Interest rates and monetary stance,Press release,https://www.norges-bank.no/en/news-events/news/Press-releases/2025/2025-06-19-rate/,Norges Bank,2025-06-19,10:00,p,14,16,https___www_norges_bank_no_en_news_events_news_Press_releases_2025_2025_06_19_rate_,https___www_norges_bank_no_en_news_events_news_Press_releases_2025_2025_06_19_rate__p14,2025,6
Utsikter / fremoverskuende signal,Outlook / forward guidance,Rente og pengepolitisk linje,Interest rates and monetary stance,Press release,https://www.norges-bank.no/en/news-events/news/Press-releases/2025/2025-06-19-rate/,Norges Bank,2025-06-19,10:00,li,15,4,https___www_norges_bank_no_en_news_events_news_Press_releases_2025_2025_06_19_rate_,https___www_norges_bank_no_en_news_events_news_Press_releases_2025_2025_06_19_rate__p15,2025,6
Utsikter / fremoverskuende signal,Outlook / forward guidance,Økonomisk aktivitet og arbeidsmarked,Economic activity and labor market,Press release,https://www.norges-bank.no/en/news-events/news/Press-releases/2025/2025-06-12-regional-network/,Norges Bank,2025-06-12,10:00,p,6,51,https___www_norges_bank_no_en_news_events_news_Press_releases_2025_2025_06_12_regional_network_,https___www_norges_bank_no_en_news_events_news_Press_releases_2025_2025_06_12_regional_network__p6,2025,6
Utsikter / fremoverskuende signal,Outlook / forward guidance,Økonomisk aktivitet og arbeidsmarked,Economic activity and labor market,Press release,https://www.norges-bank.no/en/news-events/news/Press-releases/2025/2025-06-12-regional-network/,Norges Bank,2025-06-12,10:00,p,7,75,https___www_norges_bank_no_en_news_events_news_Press_releases_2025_2025_06_12_regional_network_,https___www_norges_bank_no_en_news_events_news_Press_releases_2025_2025_06_12_regional_network__p7,2025,6
Utsikter / fremoverskuende signal,Outlook / forward guidance,Økonomisk aktivitet og arbeidsmarked,Economic activity and labor market,Press release,https://www.norges-bank.no/en/news-events/news/Press-releases/2025/2025-06-12-regional-network/,Norges Bank,2025-06-12,10:00,p,8,15,https___www_norges_bank_no_en_news_events_news_Press_releases_2025_2025_06_12_regional_network_,https___www_norges_bank_no_en_news_events_news_Press_releases_2025_2025_06_12_regional_network__p8,2025,6
Utsikter / fremoverskuende signal,Outlook / forward guidance,Økonomisk aktivitet og arbeidsmarked,Economic activity and labor market,Press release,https://www.norges-bank.no/en/news-events/news/Press-releases/2025/2025-06-12-regional-network/,Norges Bank,2025-06-12,10:00,p,9,72,https___www_norges_bank_no_en_news_events_news_Press_releases_2025_2025_06_12_regional_network_,https___www_norges_bank_no_en_news_events_news_Press_releases_2025_2025_06_12_regional_network__p9,2025,6
Utsikter / fremoverskuende signal,Outlook / forward guidance,Økonomisk aktivitet og arbeidsmarked,Economic activity and labor market,Press release,https://www.norges-bank.no/en/news-events/news/Press-releases/2025/2025-06-12-regional-network/,Norges Bank,2025-06-12,10:00,p,10,26,https___www_norges_bank_no_en_news_events_news_Press_releases_2025_2025_06_12_regional_network_,https___www_norges_bank_no_en_news_events_news_Press_releases_2025_2025_06_12_regional_network__p10,2025,6
Institusjonelt ansvar / mandat,Institutional accountability / mandate,Finansiell stabilitet og bank,Financial stability and banking,Press release,https://www.norges-bank.no/en/news-events/news/Press-releases/2025/2025-06-04-fi/,Norges Bank,2025-06-04,10:00,li,5,4,https___www_norges_bank_no_en_news_events_news_Press_releases_2025_2025_06_04_fi_,https___www_norges_bank_no_en_news_events_news_Press_releases_2025_2025_06_04_fi__p5,2025,6
Politikkforklaring / begrunnelse,Policy explanation / justification,Finansiell stabilitet og bank,Financial stability and banking,Press release,https://www.norges-bank.no/en/news-events/news/Press-releases/2025/2025-06-04-fi/,Norges Bank,2025-06-04,10:00,p,6,24,https___www_norges_bank_no_en_news_events_news_Press_releases_2025_2025_06_04_fi_,https___www_norges_bank_no_en_news_events_news_Press_releases_2025_2025_06_04_fi__p6,2025,6
Institusjonelt ansvar / mandat,Institutional accountability / mandate,Finansiell stabilitet og bank,Financial stability and banking,Press release,https://www.norges-bank.no/en/news-events/news/Press-releases/2025/2025-06-04-fi/,Norges Bank,2025-06-04,10:00,p,7,14,https___www_norges_bank_no_en_news_events_news_Press_releases_2025_2025_06_04_fi_,https___www_norges_bank_no_en_news_events_news_Press_releases_2025_2025_06_04_fi__p7,2025,6
Institusjonelt ansvar / mandat,Institutional accountability / mandate,Finansiell stabilitet og bank,Financial stability and banking,Press release,https://www.norges-bank.no/en/news-events/news/Press-releases/2025/2025-06-04-fi/,Norges Bank,2025-06-04,10:00,p,8,17,https___www_norges_bank_no_en_news_events_news_Press_releases_2025_2025_06_04_fi_,https___www_norges_bank_no_en_news_events_news_Press_releases_2025_2025_06_04_fi__p8,2025,6
Institusjonelt ansvar / mandat,Institutional accountability / mandate,Valutakurs og eksterne forhold,Exchange rate and external conditions,Press release,https://www.norges-bank.no/en/news-events/news/Press-releases/2025/2025-06-04-fi/,Norges Bank,2025-06-04,10:00,p,9,45,https___www_norges_bank_no_en_news_events_news_Press_releases_2025_2025_06_04_fi_,https___www_norges_bank_no_en_news_events_news_Press_releases_2025_2025_06_04_fi__p9,2025,6
Institusjonelt ansvar / mandat,Institutional accountability / mandate,Annet / administrativt / ikke kodbar,Other / administrative / not codable,Press release,https://www.norges-bank.no/en/news-events/news/Press-releases/2025/2025-06-04-fi/,Norges Bank,2025-06-04,10:00,p,10,25,https___www_norges_bank_no_en_news_events_news_Press_releases_2025_2025_06_04_fi_,https___www_norges_bank_no_en_news_events_news_Press_releases_2025_2025_06_04_fi__p10,2025,6
Risiko / usikkerhet,Risk / uncertainty,Finansiell stabilitet og bank,Financial stability and banking,Press release,https://www.norges-bank.no/en/news-events/news/Press-releases/2025/2025-06-04-fi/,Norges Bank,2025-06-04,10:00,p,11,32,https___www_norges_bank_no_en_news_events_news_Press_releases_2025_2025_06_04_fi_,https___www_norges_bank_no_en_news_events_news_Press_releases_2025_2025_06_04_fi__p11,2025,6
Institusjonelt ansvar / mandat,Institutional accountability / mandate,Finansiell stabilitet og bank,Financial stability and banking,Press release,https://www.norges-bank.no/en/news-events/news/Press-releases/2025/2025-06-04-fi/,Norges Bank,2025-06-04,10:00,p,12,19,https___www_norges_bank_no_en_news_events_news_Press_releases_2025_2025_06_04_fi_,https___www_norges_bank_no_en_news_events_news_Press_releases_2025_2025_06_04_fi__p12,2025,6
Institusjonelt ansvar / mandat,Institutional accountability / mandate,Finansiell stabilitet og bank,Financial stability and banking,Press release,https://www.norges-bank.no/en/news-events/news/Press-releases/2025/2025-06-04-fi/,Norges Bank,2025-06-04,10:00,p,13,49,https___www_norges_bank_no_en_news_events_news_Press_releases_2025_2025_06_04_fi_,https___www_norges_bank_no_en_news_events_news_Press_releases_2025_2025_06_04_fi__p13,2025,6
Politikkforklaring / begrunnelse,Policy explanation / justification,Finansiell stabilitet og bank,Financial stability and banking,Press release,https://www.norges-bank.no/en/news-events/news/Press-releases/2025/2025-06-04-fi/,Norges Bank,2025-06-04,10:00,p,14,46,https___www_norges_bank_no_en_news_events_news_Press_releases_2025_2025_06_04_fi_,https___www_norges_bank_no_en_news_events_news_Press_releases_2025_2025_06_04_fi__p14,2025,6
Institusjonelt ansvar / mandat,Institutional accountability / mandate,Finansiell stabilitet og bank,Financial stability and banking,Press release,https://www.norges-bank.no/en/news-events/news/Press-releases/2025/2025-06-04-fi/,Norges Bank,2025-06-04,10:00,p,15,21,https___www_norges_bank_no_en_news_events_news_Press_releases_2025_2025_06_04_fi_,https___www_norges_bank_no_en_news_events_news_Press_releases_2025_2025_06_04_fi__p15,2025,6
Institusjonelt ansvar / mandat,Institutional accountability / mandate,Finansiell stabilitet og bank,Financial stability and banking,Press release,https://www.norges-bank.no/en/news-events/news/Press-releases/2025/2025-06-04-fi/,Norges Bank,2025-06-04,10:00,p,16,56,https___www_norges_bank_no_en_news_events_news_Press_releases_2025_2025_06_04_fi_,https___www_norges_bank_no_en_news_events_news_Press_releases_2025_2025_06_04_fi__p16,2025,6
Politikkforklaring / begrunnelse,Policy explanation / justification,Finansiell stabilitet og bank,Financial stability and banking,Press release,https://www.norges-bank.no/en/news-events/news/Press-releases/2025/2025-06-04-fi/,Norges Bank,2025-06-04,10:00,p,17,38,https___www_norges_bank_no_en_news_events_news_Press_releases_2025_2025_06_04_fi_,https___www_norges_bank_no_en_news_events_news_Press_releases_2025_2025_06_04_fi__p17,2025,6
Utsikter / fremoverskuende signal,Outlook / forward guidance,Finansiell stabilitet og bank,Financial stability and banking,Press release,https://www.norges-bank.no/en/news-events/news/Press-releases/2025/2025-06-04-fi/,Norges Bank,2025-06-04,10:00,li,18,3,https___www_norges_bank_no_en_news_events_news_Press_releases_2025_2025_06_04_fi_,https___www_norges_bank_no_en_news_events_news_Press_releases_2025_2025_06_04_fi__p18,2025,6
Utsikter / fremoverskuende signal,Outlook / forward guidance,Finansiell stabilitet og bank,Financial stability and banking,Press release,https://www.norges-bank.no/en/news-events/news/Press-releases/2025/2025-06-04-fi/,Norges Bank,2025-06-04,10:00,li,19,4,https___www_norges_bank_no_en_news_events_news_Press_releases_2025_2025_06_04_fi_,https___www_norges_bank_no_en_news_events_news_Press_releases_2025_2025_06_04_fi__p19,2025,6
Institusjonelt ansvar / mandat,Institutional accountability / mandate,Valutakurs og eksterne forhold,Exchange rate and external conditions,Press release,https://www.norges-bank.no/en/news-events/news/Press-releases/2025/2025-05-30-fx/,Norges Bank,2025-05-30,10:00,li,5,4,https___www_norges_bank_no_en_news_events_news_Press_releases_2025_2025_05_30_fx_,https___www_norges_bank_no_en_news_events_news_Press_releases_2025_2025_05_30_fx__p5,2025,5
Institusjonelt ansvar / mandat,Institutional accountability / mandate,Valutakurs og eksterne forhold,Exchange rate and external conditions,Press release,https://www.norges-bank.no/en/news-events/news/Press-releases/2025/2025-05-30-fx/,Norges Bank,2025-05-30,10:00,p,6,88,https___www_norges_bank_no_en_news_events_news_Press_releases_2025_2025_05_30_fx_,https___www_norges_bank_no_en_news_events_news_Press_releases_2025_2025_05_30_fx__p6,2025,5
Politikkforklaring / begrunnelse,Policy explanation / justification,Valutakurs og eksterne forhold,Exchange rate and external conditions,Press release,https://www.norges-bank.no/en/news-events/news/Press-releases/2025/2025-05-30-fx/,Norges Bank,2025-05-30,10:00,p,7,21,https___www_norges_bank_no_en_news_events_news_Press_releases_2025_2025_05_30_fx_,https___www_norges_bank_no_en_news_events_news_Press_releases_2025_2025_05_30_fx__p7,2025,5
Institusjonelt ansvar / mandat,Institutional accountability / mandate,Valutakurs og eksterne forhold,Exchange rate and external conditions,Press release,https://www.norges-bank.no/en/news-events/news/Press-releases/2025/2025-05-30-fx/,Norges Bank,2025-05-30,10:00,p,8,77,https___www_norges_bank_no_en_news_events_news_Press_releases_2025_2025_05_30_fx_,https___www_norges_bank_no_en_news_events_news_Press_releases_2025_2025_05_30_fx__p8,2025,5
Institusjonelt ansvar / mandat,Institutional accountability / mandate,Valutakurs og eksterne forhold,Exchange rate and external conditions,Press release,https://www.norges-bank.no/en/news-events/news/Press-releases/2025/2025-05-30-fx/,Norges Bank,2025-05-30,10:00,p,9,16,https___www_norges_bank_no_en_news_events_news_Press_releases_2025_2025_05_30_fx_,https___www_norges_bank_no_en_news_events_news_Press_releases_2025_2025_05_30_fx__p9,2025,5
Institusjonelt ansvar / mandat,Institutional accountability / mandate,Valutakurs og eksterne forhold,Exchange rate and external conditions,Press release,https://www.norges-bank.no/en/news-events/news/Press-releases/2025/2025-05-30-fx/,Norges Bank,2025-05-30,10:00,p,10,25,https___www_norges_bank_no_en_news_events_news_Press_releases_2025_2025_05_30_fx_,https___www_norges_bank_no_en_news_events_news_Press_releases_2025_2025_05_30_fx__p10,2025,5
Institusjonelt ansvar / mandat,Institutional accountability / mandate,Valutakurs og eksterne forhold,Exchange rate and external conditions,Press release,https://www.norges-bank.no/en/news-events/news/Press-releases/2025/2025-05-30-fx/,Norges Bank,2025-05-30,10:00,p,11,87,https___www_norges_bank_no_en_news_events_news_Press_releases_2025_2025_05_30_fx_,https___www_norges_bank_no_en_news_events_news_Press_releases_2025_2025_05_30_fx__p11,2025,5
Risiko / usikkerhet,Risk / uncertainty,Finansiell stabilitet og bank,Financial stability and banking,Press release,https://www.norges-bank.no/en/news-events/news/Press-releases/2025/2025-05-20-fsr-1/,Norges Bank,2025-05-20,08:00,li,5,5,https___www_norges_bank_no_en_news_events_news_Press_releases_2025_2025_05_20_fsr_1_,https___www_norges_bank_no_en_news_events_news_Press_releases_2025_2025_05_20_fsr_1__p5,2025,5
Økonomisk situasjonsbeskrivelse / diagnose,Economic assessment / diagnosis,Finansiell stabilitet og bank,Financial stability and banking,Press release,https://www.norges-bank.no/en/news-events/news/Press-releases/2025/2025-05-20-fsr-1/,Norges Bank,2025-05-20,08:00,p,6,16,https___www_norges_bank_no_en_news_events_news_Press_releases_2025_2025_05_20_fsr_1_,https___www_norges_bank_no_en_news_events_news_Press_releases_2025_2025_05_20_fsr_1__p6,2025,5
Risiko / usikkerhet,Risk / uncertainty,Valutakurs og eksterne forhold,Exchange rate and external conditions,Press release,https://www.norges-bank.no/en/news-events/news/Press-releases/2025/2025-05-20-fsr-1/,Norges Bank,2025-05-20,08:00,p,7,32,https___www_norges_bank_no_en_news_events_news_Press_releases_2025_2025_05_20_fsr_1_,https___www_norges_bank_no_en_news_events_news_Press_releases_2025_2025_05_20_fsr_1__p7,2025,5
Risiko / usikkerhet,Risk / uncertainty,Økonomisk aktivitet og arbeidsmarked,Economic activity and labor market,Press release,https://www.norges-bank.no/en/news-events/news/Press-releases/2025/2025-05-20-fsr-1/,Norges Bank,2025-05-20,08:00,p,8,57,https___www_norges_bank_no_en_news_events_news_Press_releases_2025_2025_05_20_fsr_1_,https___www_norges_bank_no_en_news_events_news_Press_releases_2025_2025_05_20_fsr_1__p8,2025,5
Politikkforklaring / begrunnelse,Policy explanation / justification,Finansiell stabilitet og bank,Financial stability and banking,Press release,https://www.norges-bank.no/en/news-events/news/Press-releases/2025/2025-05-20-fsr-1/,Norges Bank,2025-05-20,08:00,p,9,29,https___www_norges_bank_no_en_news_events_news_Press_releases_2025_2025_05_20_fsr_1_,https___www_norges_bank_no_en_news_events_news_Press_releases_2025_2025_05_20_fsr_1__p9,2025,5
Institusjonelt ansvar / mandat,Institutional accountability / mandate,Finansiell stabilitet og bank,Financial stability and banking,Press release,https://www.norges-bank.no/en/news-events/news/Press-releases/2025/2025-05-20-fsr-1/,Norges Bank,2025-05-20,08:00,p,10,41,https___www_norges_bank_no_en_news_events_news_Press_releases_2025_2025_05_20_fsr_1_,https___www_norges_bank_no_en_news_events_news_Press_releases_2025_2025_05_20_fsr_1__p10,2025,5
Politikkforklaring / begrunnelse,Policy explanation / justification,Finansiell stabilitet og bank,Financial stability and banking,Press release,https://www.norges-bank.no/en/news-events/news/Press-releases/2025/2025-05-20-fsr-1/,Norges Bank,2025-05-20,08:00,p,11,38,https___www_norges_bank_no_en_news_events_news_Press_releases_2025_2025_05_20_fsr_1_,https___www_norges_bank_no_en_news_events_news_Press_releases_2025_2025_05_20_fsr_1__p11,2025,5
Risiko / usikkerhet,Risk / uncertainty,Finansiell stabilitet og bank,Financial stability and banking,Press release,https://www.norges-bank.no/en/news-events/news/Press-releases/2025/2025-05-20-fsr-1/,Norges Bank,2025-05-20,08:00,p,12,35,https___www_norges_bank_no_en_news_events_news_Press_releases_2025_2025_05_20_fsr_1_,https___www_norges_bank_no_en_news_events_news_Press_releases_2025_2025_05_20_fsr_1__p12,2025,5
Risiko / usikkerhet,Risk / uncertainty,Finansiell stabilitet og bank,Financial stability and banking,Press release,https://www.norges-bank.no/en/news-events/news/Press-releases/2025/2025-05-20-fsr-1/,Norges Bank,2025-05-20,08:00,p,13,27,https___www_norges_bank_no_en_news_events_news_Press_releases_2025_2025_05_20_fsr_1_,https___www_norges_bank_no_en_news_events_news_Press_releases_2025_2025_05_20_fsr_1__p13,2025,5
Politikkforklaring / begrunnelse,Policy explanation / justification,Finansiell stabilitet og bank,Financial stability and banking,Press release,https://www.norges-bank.no/en/news-events/news/Press-releases/2025/2025-05-20-fsr-1/,Norges Bank,2025-05-20,08:00,p,14,29,https___www_norges_bank_no_en_news_events_news_Press_releases_2025_2025_05_20_fsr_1_,https___www_norges_bank_no_en_news_events_news_Press_releases_2025_2025_05_20_fsr_1__p14,2025,5
Politikkforklaring / begrunnelse,Policy explanation / justification,Finansiell stabilitet og bank,Financial stability and banking,Press release,https://www.norges-bank.no/en/news-events/news/Press-releases/2025/2025-05-20-fsr-1/,Norges Bank,2025-05-20,08:00,p,15,30,https___www_norges_bank_no_en_news_events_news_Press_releases_2025_2025_05_20_fsr_1_,https___www_norges_bank_no_en_news_events_news_Press_releases_2025_2025_05_20_fsr_1__p15,2025,5
Politikkforklaring / begrunnelse,Policy explanation / justification,Rente og pengepolitisk linje,Interest rates and monetary stance,Press release,https://www.norges-bank.no/en/news-events/news/Press-releases/2025/2025-05-08-rate/,Norges Bank,2025-05-08,10:00,li,5,6,https___www_norges_bank_no_en_news_events_news_Press_releases_2025_2025_05_08_rate_,https___www_norges_bank_no_en_news_events_news_Press_releases_2025_2025_05_08_rate__p5,2025,5
Utsikter / fremoverskuende signal,Outlook / forward guidance,Rente og pengepolitisk linje,Interest rates and monetary stance,Press release,https://www.norges-bank.no/en/news-events/news/Press-releases/2025/2025-05-08-rate/,Norges Bank,2025-05-08,10:00,p,6,54,https___www_norges_bank_no_en_news_events_news_Press_releases_2025_2025_05_08_rate_,https___www_norges_bank_no_en_news_events_news_Press_releases_2025_2025_05_08_rate__p6,2025,5
Politikkforklaring / begrunnelse,Policy explanation / justification,Inflasjon og priser,Inflation and prices,Press release,https://www.norges-bank.no/en/news-events/news/Press-releases/2025/2025-05-08-rate/,Norges Bank,2025-05-08,10:00,p,7,33,https___www_norges_bank_no_en_news_events_news_Press_releases_2025_2025_05_08_rate_,https___www_norges_bank_no_en_news_events_news_Press_releases_2025_2025_05_08_rate__p7,2025,5
Politikkforklaring / begrunnelse,Policy explanation / justification,Økonomisk aktivitet og arbeidsmarked,Economic activity and labor market,Press release,https://www.norges-bank.no/en/news-events/news/Press-releases/2025/2025-05-08-rate/,Norges Bank,2025-05-08,10:00,p,8,68,https___www_norges_bank_no_en_news_events_news_Press_releases_2025_2025_05_08_rate_,https___www_norges_bank_no_en_news_events_news_Press_releases_2025_2025_05_08_rate__p8,2025,5
Utsikter / fremoverskuende signal,Outlook / forward guidance,Rente og pengepolitisk linje,Interest rates and monetary stance,Press release,https://www.norges-bank.no/en/news-events/news/Press-releases/2025/2025-05-08-rate/,Norges Bank,2025-05-08,10:00,p,9,152,https___www_norges_bank_no_en_news_events_news_Press_releases_2025_2025_05_08_rate_,https___www_norges_bank_no_en_news_events_news_Press_releases_2025_2025_05_08_rate__p9,2025,5
Risiko / usikkerhet,Risk / uncertainty,Valutakurs og eksterne forhold,Exchange rate and external conditions,Press release,https://www.norges-bank.no/en/news-events/news/Press-releases/2025/2025-05-08-rate/,Norges Bank,2025-05-08,10:00,p,10,59,https___www_norges_bank_no_en_news_events_news_Press_releases_2025_2025_05_08_rate_,https___www_norges_bank_no_en_news_events_news_Press_releases_2025_2025_05_08_rate__p10,2025,5
Risiko / usikkerhet,Risk / uncertainty,Økonomisk aktivitet og arbeidsmarked,Economic activity and labor market,Press release,https://www.norges-bank.no/en/news-events/news/Press-releases/2025/2025-05-08-rate/,Norges Bank,2025-05-08,10:00,p,11,47,https___www_norges_bank_no_en_news_events_news_Press_releases_2025_2025_05_08_rate_,https___www_norges_bank_no_en_news_events_news_Press_releases_2025_2025_05_08_rate__p11,2025,5
Utsikter / fremoverskuende signal,Outlook / forward guidance,Annet / administrativt / ikke kodbar,Other / administrative / not codable,Press release,https://www.norges-bank.no/en/news-events/news/Press-releases/2025/2025-05-08-rate/,Norges Bank,2025-05-08,10:00,p,12,28,https___www_norges_bank_no_en_news_events_news_Press_releases_2025_2025_05_08_rate_,https___www_norges_bank_no_en_news_events_news_Press_releases_2025_2025_05_08_rate__p12,2025,5
Institusjonelt ansvar / mandat,Institutional accountability / mandate,Valutakurs og eksterne forhold,Exchange rate and external conditions,Press release,https://www.norges-bank.no/en/news-events/news/Press-releases/2025/2025-04-30-fx/,Norges Bank,2025-04-30,10:00,li,5,4,https___www_norges_bank_no_en_news_events_news_Press_releases_2025_2025_04_30_fx_,https___www_norges_bank_no_en_news_events_news_Press_releases_2025_2025_04_30_fx__p5,2025,4
Institusjonelt ansvar / mandat,Institutional accountability / mandate,Valutakurs og eksterne forhold,Exchange rate and external conditions,Press release,https://www.norges-bank.no/en/news-events/news/Press-releases/2025/2025-04-30-fx/,Norges Bank,2025-04-30,10:00,p,6,88,https___www_norges_bank_no_en_news_events_news_Press_releases_2025_2025_04_30_fx_,https___www_norges_bank_no_en_news_events_news_Press_releases_2025_2025_04_30_fx__p6,2025,4
Politikkforklaring / begrunnelse,Policy explanation / justification,Valutakurs og eksterne forhold,Exchange rate and external conditions,Press release,https://www.norges-bank.no/en/news-events/news/Press-releases/2025/2025-04-30-fx/,Norges Bank,2025-04-30,10:00,p,7,21,https___www_norges_bank_no_en_news_events_news_Press_releases_2025_2025_04_30_fx_,https___www_norges_bank_no_en_news_events_news_Press_releases_2025_2025_04_30_fx__p7,2025,4
Institusjonelt ansvar / mandat,Institutional accountability / mandate,Valutakurs og eksterne forhold,Exchange rate and external conditions,Press release,https://www.norges-bank.no/en/news-events/news/Press-releases/2025/2025-04-30-fx/,Norges Bank,2025-04-30,10:00,p,8,77,https___www_norges_bank_no_en_news_events_news_Press_releases_2025_2025_04_30_fx_,https___www_norges_bank_no_en_news_events_news_Press_releases_2025_2025_04_30_fx__p8,2025,4
Institusjonelt ansvar / mandat,Institutional accountability / mandate,Valutakurs og eksterne forhold,Exchange rate and external conditions,Press release,https://www.norges-bank.no/en/news-events/news/Press-releases/2025/2025-04-30-fx/,Norges Bank,2025-04-30,10:00,p,9,16,https___www_norges_bank_no_en_news_events_news_Press_releases_2025_2025_04_30_fx_,https___www_norges_bank_no_en_news_events_news_Press_releases_2025_2025_04_30_fx__p9,2025,4
Politikkforklaring / begrunnelse,Policy explanation / justification,Valutakurs og eksterne forhold,Exchange rate and external conditions,Press release,https://www.norges-bank.no/en/news-events/news/Press-releases/2025/2025-04-30-fx/,Norges Bank,2025-04-30,10:00,p,10,25,https___www_norges_bank_no_en_news_events_news_Press_releases_2025_2025_04_30_fx_,https___www_norges_bank_no_en_news_events_news_Press_releases_2025_2025_04_30_fx__p10,2025,4
Institusjonelt ansvar / mandat,Institutional accountability / mandate,Valutakurs og eksterne forhold,Exchange rate and external conditions,Press release,https://www.norges-bank.no/en/news-events/news/Press-releases/2025/2025-04-30-fx/,Norges Bank,2025-04-30,10:00,p,11,87,https___www_norges_bank_no_en_news_events_news_Press_releases_2025_2025_04_30_fx_,https___www_norges_bank_no_en_news_events_news_Press_releases_2025_2025_04_30_fx__p11,2025,4
Institusjonelt ansvar / mandat,Institutional accountability / mandate,Valutakurs og eksterne forhold,Exchange rate and external conditions,Press release,https://www.norges-bank.no/en/news-events/news/Press-releases/2025/2025-03-31-fx/,Norges Bank,2025-03-31,10:00,li,5,4,https___www_norges_bank_no_en_news_events_news_Press_releases_2025_2025_03_31_fx_,https___www_norges_bank_no_en_news_events_news_Press_releases_2025_2025_03_31_fx__p5,2025,3
Institusjonelt ansvar / mandat,Institutional accountability / mandate,Valutakurs og eksterne forhold,Exchange rate and external conditions,Press release,https://www.norges-bank.no/en/news-events/news/Press-releases/2025/2025-03-31-fx/,Norges Bank,2025-03-31,10:00,p,6,50,https___www_norges_bank_no_en_news_events_news_Press_releases_2025_2025_03_31_fx_,https___www_norges_bank_no_en_news_events_news_Press_releases_2025_2025_03_31_fx__p6,2025,3
Politikkforklaring / begrunnelse,Policy explanation / justification,Valutakurs og eksterne forhold,Exchange rate and external conditions,Press release,https://www.norges-bank.no/en/news-events/news/Press-releases/2025/2025-03-31-fx/,Norges Bank,2025-03-31,10:00,p,7,21,https___www_norges_bank_no_en_news_events_news_Press_releases_2025_2025_03_31_fx_,https___www_norges_bank_no_en_news_events_news_Press_releases_2025_2025_03_31_fx__p7,2025,3
Institusjonelt ansvar / mandat,Institutional accountability / mandate,Valutakurs og eksterne forhold,Exchange rate and external conditions,Press release,https://www.norges-bank.no/en/news-events/news/Press-releases/2025/2025-03-31-fx/,Norges Bank,2025-03-31,10:00,p,8,77,https___www_norges_bank_no_en_news_events_news_Press_releases_2025_2025_03_31_fx_,https___www_norges_bank_no_en_news_events_news_Press_releases_2025_2025_03_31_fx__p8,2025,3
Institusjonelt ansvar / mandat,Institutional accountability / mandate,Valutakurs og eksterne forhold,Exchange rate and external conditions,Press release,https://www.norges-bank.no/en/news-events/news/Press-releases/2025/2025-03-31-fx/,Norges Bank,2025-03-31,10:00,p,9,16,https___www_norges_bank_no_en_news_events_news_Press_releases_2025_2025_03_31_fx_,https___www_norges_bank_no_en_news_events_news_Press_releases_2025_2025_03_31_fx__p9,2025,3
Institusjonelt ansvar / mandat,Institutional accountability / mandate,Valutakurs og eksterne forhold,Exchange rate and external conditions,Press release,https://www.norges-bank.no/en/news-events/news/Press-releases/2025/2025-03-31-fx/,Norges Bank,2025-03-31,10:00,p,10,25,https___www_norges_bank_no_en_news_events_news_Press_releases_2025_2025_03_31_fx_,https___www_norges_bank_no_en_news_events_news_Press_releases_2025_2025_03_31_fx__p10,2025,3
Institusjonelt ansvar / mandat,Institutional accountability / mandate,Valutakurs og eksterne forhold,Exchange rate and external conditions,Press release,https://www.norges-bank.no/en/news-events/news/Press-releases/2025/2025-03-31-fx/,Norges Bank,2025-03-31,10:00,p,11,87,https___www_norges_bank_no_en_news_events_news_Press_releases_2025_2025_03_31_fx_,https___www_norges_bank_no_en_news_events_news_Press_releases_2025_2025_03_31_fx__p11,2025,3
Utsikter / fremoverskuende signal,Outlook / forward guidance,Rente og pengepolitisk linje,Interest rates and monetary stance,Press release,https://www.norges-bank.no/en/news-events/news/Press-releases/2025/2025-03-27-rate/,Norges Bank,2025-03-27,10:00,li,5,6,https___www_norges_bank_no_en_news_events_news_Press_releases_2025_2025_03_27_rate_,https___www_norges_bank_no_en_news_events_news_Press_releases_2025_2025_03_27_rate__p5,2025,3
Utsikter / fremoverskuende signal,Outlook / forward guidance,Rente og pengepolitisk linje,Interest rates and monetary stance,Press release,https://www.norges-bank.no/en/news-events/news/Press-releases/2025/2025-03-27-rate/,Norges Bank,2025-03-27,10:00,p,6,54,https___www_norges_bank_no_en_news_events_news_Press_releases_2025_2025_03_27_rate_,https___www_norges_bank_no_en_news_events_news_Press_releases_2025_2025_03_27_rate__p6,2025,3
Politikkforklaring / begrunnelse,Policy explanation / justification,Inflasjon og priser,Inflation and prices,Press release,https://www.norges-bank.no/en/news-events/news/Press-releases/2025/2025-03-27-rate/,Norges Bank,2025-03-27,10:00,p,7,38,https___www_norges_bank_no_en_news_events_news_Press_releases_2025_2025_03_27_rate_,https___www_norges_bank_no_en_news_events_news_Press_releases_2025_2025_03_27_rate__p7,2025,3
Politikkforklaring / begrunnelse,Policy explanation / justification,Inflasjon og priser,Inflation and prices,Press release,https://www.norges-bank.no/en/news-events/news/Press-releases/2025/2025-03-27-rate/,Norges Bank,2025-03-27,10:00,p,8,82,https___www_norges_bank_no_en_news_events_news_Press_releases_2025_2025_03_27_rate_,https___www_norges_bank_no_en_news_events_news_Press_releases_2025_2025_03_27_rate__p8,2025,3
Utsikter / fremoverskuende signal,Outlook / forward guidance,Økonomisk aktivitet og arbeidsmarked,Economic activity and labor market,Press release,https://www.norges-bank.no/en/news-events/news/Press-releases/2025/2025-03-27-rate/,Norges Bank,2025-03-27,10:00,p,9,73,https___www_norges_bank_no_en_news_events_news_Press_releases_2025_2025_03_27_rate_,https___www_norges_bank_no_en_news_events_news_Press_releases_2025_2025_03_27_rate__p9,2025,3
Politikkforklaring / begrunnelse,Policy explanation / justification,Rente og pengepolitisk linje,Interest rates and monetary stance,Press release,https://www.norges-bank.no/en/news-events/news/Press-releases/2025/2025-03-27-rate/,Norges Bank,2025-03-27,10:00,p,10,75,https___www_norges_bank_no_en_news_events_news_Press_releases_2025_2025_03_27_rate_,https___www_norges_bank_no_en_news_events_news_Press_releases_2025_2025_03_27_rate__p10,2025,3
Utsikter / fremoverskuende signal,Outlook / forward guidance,Økonomisk aktivitet og arbeidsmarked,Economic activity and labor market,Press release,https://www.norges-bank.no/en/news-events/news/Press-releases/2025/2025-03-27-rate/,Norges Bank,2025-03-27,10:00,p,11,88,https___www_norges_bank_no_en_news_events_news_Press_releases_2025_2025_03_27_rate_,https___www_norges_bank_no_en_news_events_news_Press_releases_2025_2025_03_27_rate__p11,2025,3
Risiko / usikkerhet,Risk / uncertainty,Økonomisk aktivitet og arbeidsmarked,Economic activity and labor market,Press release,https://www.norges-bank.no/en/news-events/news/Press-releases/2025/2025-03-27-rate/,Norges Bank,2025-03-27,10:00,p,12,96,https___www_norges_bank_no_en_news_events_news_Press_releases_2025_2025_03_27_rate_,https___www_norges_bank_no_en_news_events_news_Press_releases_2025_2025_03_27_rate__p12,2025,3
Institusjonelt ansvar / mandat,Institutional accountability / mandate,Annet / administrativt / ikke kodbar,Other / administrative / not codable,Press release,https://www.norges-bank.no/en/news-events/news/Press-releases/2025/2025-03-27-rate/,Norges Bank,2025-03-27,10:00,p,13,15,https___www_norges_bank_no_en_news_events_news_Press_releases_2025_2025_03_27_rate_,https___www_norges_bank_no_en_news_events_news_Press_releases_2025_2025_03_27_rate__p13,2025,3
Utsikter / fremoverskuende signal,Outlook / forward guidance,Rente og pengepolitisk linje,Interest rates and monetary stance,Press release,https://www.norges-bank.no/en/news-events/news/Press-releases/2025/2025-03-27-rate/,Norges Bank,2025-03-27,10:00,li,14,4,https___www_norges_bank_no_en_news_events_news_Press_releases_2025_2025_03_27_rate_,https___www_norges_bank_no_en_news_events_news_Press_releases_2025_2025_03_27_rate__p14,2025,3
Utsikter / fremoverskuende signal,Outlook / forward guidance,Økonomisk aktivitet og arbeidsmarked,Economic activity and labor market,Press release,https://www.norges-bank.no/en/news-events/news/Press-releases/2025/2025-03-20-regnet/,Norges Bank,2025-03-20,10:00,p,6,52,https___www_norges_bank_no_en_news_events_news_Press_releases_2025_2025_03_20_regnet_,https___www_norges_bank_no_en_news_events_news_Press_releases_2025_2025_03_20_regnet__p6,2025,3
Utsikter / fremoverskuende signal,Outlook / forward guidance,Økonomisk aktivitet og arbeidsmarked,Economic activity and labor market,Press release,https://www.norges-bank.no/en/news-events/news/Press-releases/2025/2025-03-20-regnet/,Norges Bank,2025-03-20,10:00,p,7,106,https___www_norges_bank_no_en_news_events_news_Press_releases_2025_2025_03_20_regnet_,https___www_norges_bank_no_en_news_events_news_Press_releases_2025_2025_03_20_regnet__p7,2025,3
Utsikter / fremoverskuende signal,Outlook / forward guidance,Økonomisk aktivitet og arbeidsmarked,Economic activity and labor market,Press release,https://www.norges-bank.no/en/news-events/news/Press-releases/2025/2025-03-20-regnet/,Norges Bank,2025-03-20,10:00,p,8,44,https___www_norges_bank_no_en_news_events_news_Press_releases_2025_2025_03_20_regnet_,https___www_norges_bank_no_en_news_events_news_Press_releases_2025_2025_03_20_regnet__p8,2025,3
Utsikter / fremoverskuende signal,Outlook / forward guidance,Økonomisk aktivitet og arbeidsmarked,Economic activity and labor market,Press release,https://www.norges-bank.no/en/news-events/news/Press-releases/2025/2025-03-20-regnet/,Norges Bank,2025-03-20,10:00,p,9,37,https___www_norges_bank_no_en_news_events_news_Press_releases_2025_2025_03_20_regnet_,https___www_norges_bank_no_en_news_events_news_Press_releases_2025_2025_03_20_regnet__p9,2025,3
Institusjonelt ansvar / mandat,Institutional accountability / mandate,Valutakurs og eksterne forhold,Exchange rate and external conditions,Press release,https://www.norges-bank.no/en/news-events/news/Press-releases/2025/2025-02-28-fx/,Norges Bank,2025-02-28,10:00,li,5,4,https___www_norges_bank_no_en_news_events_news_Press_releases_2025_2025_02_28_fx_,https___www_norges_bank_no_en_news_events_news_Press_releases_2025_2025_02_28_fx__p5,2025,2
Institusjonelt ansvar / mandat,Institutional accountability / mandate,Valutakurs og eksterne forhold,Exchange rate and external conditions,Press release,https://www.norges-bank.no/en/news-events/news/Press-releases/2025/2025-02-28-fx/,Norges Bank,2025-02-28,10:00,p,6,50,https___www_norges_bank_no_en_news_events_news_Press_releases_2025_2025_02_28_fx_,https___www_norges_bank_no_en_news_events_news_Press_releases_2025_2025_02_28_fx__p6,2025,2
Politikkforklaring / begrunnelse,Policy explanation / justification,Valutakurs og eksterne forhold,Exchange rate and external conditions,Press release,https://www.norges-bank.no/en/news-events/news/Press-releases/2025/2025-02-28-fx/,Norges Bank,2025-02-28,10:00,p,7,21,https___www_norges_bank_no_en_news_events_news_Press_releases_2025_2025_02_28_fx_,https___www_norges_bank_no_en_news_events_news_Press_releases_2025_2025_02_28_fx__p7,2025,2
Institusjonelt ansvar / mandat,Institutional accountability / mandate,Valutakurs og eksterne forhold,Exchange rate and external conditions,Press release,https://www.norges-bank.no/en/news-events/news/Press-releases/2025/2025-02-28-fx/,Norges Bank,2025-02-28,10:00,p,8,77,https___www_norges_bank_no_en_news_events_news_Press_releases_2025_2025_02_28_fx_,https___www_norges_bank_no_en_news_events_news_Press_releases_2025_2025_02_28_fx__p8,2025,2
Institusjonelt ansvar / mandat,Institutional accountability / mandate,Valutakurs og eksterne forhold,Exchange rate and external conditions,Press release,https://www.norges-bank.no/en/news-events/news/Press-releases/2025/2025-02-28-fx/,Norges Bank,2025-02-28,10:00,p,9,16,https___www_norges_bank_no_en_news_events_news_Press_releases_2025_2025_02_28_fx_,https___www_norges_bank_no_en_news_events_news_Press_releases_2025_2025_02_28_fx__p9,2025,2
Institusjonelt ansvar / mandat,Institutional accountability / mandate,Valutakurs og eksterne forhold,Exchange rate and external conditions,Press release,https://www.norges-bank.no/en/news-events/news/Press-releases/2025/2025-02-28-fx/,Norges Bank,2025-02-28,10:00,p,10,25,https___www_norges_bank_no_en_news_events_news_Press_releases_2025_2025_02_28_fx_,https___www_norges_bank_no_en_news_events_news_Press_releases_2025_2025_02_28_fx__p10,2025,2
Institusjonelt ansvar / mandat,Institutional accountability / mandate,Valutakurs og eksterne forhold,Exchange rate and external conditions,Press release,https://www.norges-bank.no/en/news-events/news/Press-releases/2025/2025-02-28-fx/,Norges Bank,2025-02-28,10:00,p,11,87,https___www_norges_bank_no_en_news_events_news_Press_releases_2025_2025_02_28_fx_,https___www_norges_bank_no_en_news_events_news_Press_releases_2025_2025_02_28_fx__p11,2025,2
Institusjonelt ansvar / mandat,Institutional accountability / mandate,Annet / administrativt / ikke kodbar,Other / administrative / not codable,Press release,https://www.norges-bank.no/en/news-events/news/Press-releases/2025/2025-02-25-annual-report-financial-statements/,Norges Bank,2025-02-25,10:00,li,5,5,https___www_norges_bank_no_en_news_events_news_Press_releases_2025_2025_02_25_annual_report_financial_statements_,https___www_norges_bank_no_en_news_events_news_Press_releases_2025_2025_02_25_annual_report_financial_statements__p5,2025,2
Politikkforklaring / begrunnelse,Policy explanation / justification,Finansiell stabilitet og bank,Financial stability and banking,Press release,https://www.norges-bank.no/en/news-events/news/Press-releases/2025/2025-02-25-annual-report-financial-statements/,Norges Bank,2025-02-25,10:00,p,6,36,https___www_norges_bank_no_en_news_events_news_Press_releases_2025_2025_02_25_annual_report_financial_statements_,https___www_norges_bank_no_en_news_events_news_Press_releases_2025_2025_02_25_annual_report_financial_statements__p6,2025,2
Institusjonelt ansvar / mandat,Institutional accountability / mandate,Annet / administrativt / ikke kodbar,Other / administrative / not codable,Press release,https://www.norges-bank.no/en/news-events/news/Press-releases/2025/2025-02-25-annual-report-financial-statements/,Norges Bank,2025-02-25,10:00,p,7,58,https___www_norges_bank_no_en_news_events_news_Press_releases_2025_2025_02_25_annual_report_financial_statements_,https___www_norges_bank_no_en_news_events_news_Press_releases_2025_2025_02_25_annual_report_financial_statements__p7,2025,2
Økonomisk situasjonsbeskrivelse / diagnose,Economic assessment / diagnosis,Valutakurs og eksterne forhold,Exchange rate and external conditions,Press release,https://www.norges-bank.no/en/news-events/news/Press-releases/2025/2025-02-25-annual-report-financial-statements/,Norges Bank,2025-02-25,10:00,p,8,58,https___www_norges_bank_no_en_news_events_news_Press_releases_2025_2025_02_25_annual_report_financial_statements_,https___www_norges_bank_no_en_news_events_news_Press_releases_2025_2025_02_25_annual_report_financial_statements__p8,2025,2
Økonomisk situasjonsbeskrivelse / diagnose,Economic assessment / diagnosis,Finansiell stabilitet og bank,Financial stability and banking,Press release,https://www.norges-bank.no/en/news-events/news/Press-releases/2025/2025-02-25-annual-report-financial-statements/,Norges Bank,2025-02-25,10:00,p,9,46,https___www_norges_bank_no_en_news_events_news_Press_releases_2025_2025_02_25_annual_report_financial_statements_,https___www_norges_bank_no_en_news_events_news_Press_releases_2025_2025_02_25_annual_report_financial_statements__p9,2025,2
Politikkforklaring / begrunnelse,Policy explanation / justification,Valutakurs og eksterne forhold,Exchange rate and external conditions,Press release,https://www.norges-bank.no/en/news-events/news/Press-releases/2025/2025-02-25-annual-report-financial-statements/,Norges Bank,2025-02-25,10:00,p,10,66,https___www_norges_bank_no_en_news_events_news_Press_releases_2025_2025_02_25_annual_report_financial_statements_,https___www_norges_bank_no_en_news_events_news_Press_releases_2025_2025_02_25_annual_report_financial_statements__p10,2025,2
Politikkforklaring / begrunnelse,Policy explanation / justification,Valutakurs og eksterne forhold,Exchange rate and external conditions,Press release,https://www.norges-bank.no/en/news-events/news/Press-releases/2025/2025-02-25-annual-report-financial-statements/,Norges Bank,2025-02-25,10:00,p,11,52,https___www_norges_bank_no_en_news_events_news_Press_releases_2025_2025_02_25_annual_report_financial_statements_,https___www_norges_bank_no_en_news_events_news_Press_releases_2025_2025_02_25_annual_report_financial_statements__p11,2025,2
Institusjonelt ansvar / mandat,Institutional accountability / mandate,Finansiell stabilitet og bank,Financial stability and banking,Press release,https://www.norges-bank.no/en/news-events/news/Press-releases/2025/2025-02-25-annual-report-financial-statements/,Norges Bank,2025-02-25,10:00,p,12,61,https___www_norges_bank_no_en_news_events_news_Press_releases_2025_2025_02_25_annual_report_financial_statements_,https___www_norges_bank_no_en_news_events_news_Press_releases_2025_2025_02_25_annual_report_financial_statements__p12,2025,2
Institusjonelt ansvar / mandat,Institutional accountability / mandate,Finansiell stabilitet og bank,Financial stability and banking,Press release,https://www.norges-bank.no/en/news-events/news/Press-releases/2025/2025-02-25-annual-report-financial-statements/,Norges Bank,2025-02-25,10:00,p,13,40,https___www_norges_bank_no_en_news_events_news_Press_releases_2025_2025_02_25_annual_report_financial_statements_,https___www_norges_bank_no_en_news_events_news_Press_releases_2025_2025_02_25_annual_report_financial_statements__p13,2025,2
Institusjonelt ansvar / mandat,Institutional accountability / mandate,Økonomisk aktivitet og arbeidsmarked,Economic activity and labor market,Press release,https://www.norges-bank.no/en/news-events/news/Press-releases/2025/2025-02-25-annual-report-financial-statements/,Norges Bank,2025-02-25,10:00,p,14,63,https___www_norges_bank_no_en_news_events_news_Press_releases_2025_2025_02_25_annual_report_financial_statements_,https___www_norges_bank_no_en_news_events_news_Press_releases_2025_2025_02_25_annual_report_financial_statements__p14,2025,2
Økonomisk situasjonsbeskrivelse / diagnose,Economic assessment / diagnosis,Inflasjon og priser,Inflation and prices,Press release,https://www.norges-bank.no/en/news-events/news/Press-releases/2025/2025-02-25-annual-report-financial-statements/,Norges Bank,2025-02-25,10:00,p,15,36,https___www_norges_bank_no_en_news_events_news_Press_releases_2025_2025_02_25_annual_report_financial_statements_,https___www_norges_bank_no_en_news_events_news_Press_releases_2025_2025_02_25_annual_report_financial_statements__p15,2025,2
Institusjonelt ansvar / mandat,Institutional accountability / mandate,Annet / administrativt / ikke kodbar,Other / administrative / not codable,Press release,https://www.norges-bank.no/en/news-events/news/Press-releases/2025/2025-02-25-annual-report-financial-statements/,Norges Bank,2025-02-25,10:00,p,16,19,https___www_norges_bank_no_en_news_events_news_Press_releases_2025_2025_02_25_annual_report_financial_statements_,https___www_norges_bank_no_en_news_events_news_Press_releases_2025_2025_02_25_annual_report_financial_statements__p16,2025,2
Institusjonelt ansvar / mandat,Institutional accountability / mandate,Rente og pengepolitisk linje,Interest rates and monetary stance,Press release,https://www.norges-bank.no/en/news-events/news/Press-releases/2025/2025-02-04-nbss/,Norges Bank,2025-02-04,14:00,li,5,6,https___www_norges_bank_no_en_news_events_news_Press_releases_2025_2025_02_04_nbss_,https___www_norges_bank_no_en_news_events_news_Press_releases_2025_2025_02_04_nbss__p5,2025,2
Politikkforklaring / begrunnelse,Policy explanation / justification,Finansiell stabilitet og bank,Financial stability and banking,Press release,https://www.norges-bank.no/en/news-events/news/Press-releases/2025/2025-02-04-nbss/,Norges Bank,2025-02-04,14:00,p,6,68,https___www_norges_bank_no_en_news_events_news_Press_releases_2025_2025_02_04_nbss_,https___www_norges_bank_no_en_news_events_news_Press_releases_2025_2025_02_04_nbss__p6,2025,2
Institusjonelt ansvar / mandat,Institutional accountability / mandate,Finansiell stabilitet og bank,Financial stability and banking,Press release,https://www.norges-bank.no/en/news-events/news/Press-releases/2025/2025-02-04-nbss/,Norges Bank,2025-02-04,14:00,p,7,34,https___www_norges_bank_no_en_news_events_news_Press_releases_2025_2025_02_04_nbss_,https___www_norges_bank_no_en_news_events_news_Press_releases_2025_2025_02_04_nbss__p7,2025,2
Utsikter / fremoverskuende signal,Outlook / forward guidance,Finansiell stabilitet og bank,Financial stability and banking,Press release,https://www.norges-bank.no/en/news-events/news/Press-releases/2025/2025-02-04-nbss/,Norges Bank,2025-02-04,14:00,p,8,67,https___www_norges_bank_no_en_news_events_news_Press_releases_2025_2025_02_04_nbss_,https___www_norges_bank_no_en_news_events_news_Press_releases_2025_2025_02_04_nbss__p8,2025,2
Politikkforklaring / begrunnelse,Policy explanation / justification,Finansiell stabilitet og bank,Financial stability and banking,Press release,https://www.norges-bank.no/en/news-events/news/Press-releases/2025/2025-02-04-nbss/,Norges Bank,2025-02-04,14:00,p,9,66,https___www_norges_bank_no_en_news_events_news_Press_releases_2025_2025_02_04_nbss_,https___www_norges_bank_no_en_news_events_news_Press_releases_2025_2025_02_04_nbss__p9,2025,2
Institusjonelt ansvar / mandat,Institutional accountability / mandate,Rente og pengepolitisk linje,Interest rates and monetary stance,Press release,https://www.norges-bank.no/en/news-events/news/Press-releases/2025/2025-02-04-nbss/,Norges Bank,2025-02-04,14:00,p,10,52,https___www_norges_bank_no_en_news_events_news_Press_releases_2025_2025_02_04_nbss_,https___www_norges_bank_no_en_news_events_news_Press_releases_2025_2025_02_04_nbss__p10,2025,2
Institusjonelt ansvar / mandat,Institutional accountability / mandate,Finansiell stabilitet og bank,Financial stability and banking,Press release,https://www.norges-bank.no/en/news-events/news/Press-releases/2025/2025-02-04-nbss/,Norges Bank,2025-02-04,14:00,p,11,82,https___www_norges_bank_no_en_news_events_news_Press_releases_2025_2025_02_04_nbss_,https___www_norges_bank_no_en_news_events_news_Press_releases_2025_2025_02_04_nbss__p11,2025,2
Institusjonelt ansvar / mandat,Institutional accountability / mandate,Finansiell stabilitet og bank,Financial stability and banking,Press release,https://www.norges-bank.no/en/news-events/news/Press-releases/2025/2025-02-04-nbss/,Norges Bank,2025-02-04,14:00,p,12,36,https___www_norges_bank_no_en_news_events_news_Press_releases_2025_2025_02_04_nbss_,https___www_norges_bank_no_en_news_events_news_Press_releases_2025_2025_02_04_nbss__p12,2025,2
Institusjonelt ansvar / mandat,Institutional accountability / mandate,Finansiell stabilitet og bank,Financial stability and banking,Press release,https://www.norges-bank.no/en/news-events/news/Press-releases/2025/2025-02-04-nbss/,Norges Bank,2025-02-04,14:00,p,13,52,https___www_norges_bank_no_en_news_events_news_Press_releases_2025_2025_02_04_nbss_,https___www_norges_bank_no_en_news_events_news_Press_releases_2025_2025_02_04_nbss__p13,2025,2
Utsikter / fremoverskuende signal,Outlook / forward guidance,Annet / administrativt / ikke kodbar,Other / administrative / not codable,Press release,https://www.norges-bank.no/en/news-events/news/Press-releases/2025/2025-02-04-nbss/,Norges Bank,2025-02-04,14:00,p,14,54,https___www_norges_bank_no_en_news_events_news_Press_releases_2025_2025_02_04_nbss_,https___www_norges_bank_no_en_news_events_news_Press_releases_2025_2025_02_04_nbss__p14,2025,2
Institusjonelt ansvar / mandat,Institutional accountability / mandate,Finansiell stabilitet og bank,Financial stability and banking,Press release,https://www.norges-bank.no/en/news-events/news/Press-releases/2025/2025-02-04-nbss/,Norges Bank,2025-02-04,14:00,p,15,52,https___www_norges_bank_no_en_news_events_news_Press_releases_2025_2025_02_04_nbss_,https___www_norges_bank_no_en_news_events_news_Press_releases_2025_2025_02_04_nbss__p15,2025,2
Institusjonelt ansvar / mandat,Institutional accountability / mandate,Valutakurs og eksterne forhold,Exchange rate and external conditions,Press release,https://www.norges-bank.no/en/news-events/news/Press-releases/2025/2025-02-04-nbss/,Norges Bank,2025-02-04,14:00,p,16,38,https___www_norges_bank_no_en_news_events_news_Press_releases_2025_2025_02_04_nbss_,https___www_norges_bank_no_en_news_events_news_Press_releases_2025_2025_02_04_nbss__p16,2025,2
Institusjonelt ansvar / mandat,Institutional accountability / mandate,Finansiell stabilitet og bank,Financial stability and banking,Press release,https://www.norges-bank.no/en/news-events/news/Press-releases/2025/2025-02-04-nbss/,Norges Bank,2025-02-04,14:00,p,17,75,https___www_norges_bank_no_en_news_events_news_Press_releases_2025_2025_02_04_nbss_,https___www_norges_bank_no_en_news_events_news_Press_releases_2025_2025_02_04_nbss__p17,2025,2
Institusjonelt ansvar / mandat,Institutional accountability / mandate,Valutakurs og eksterne forhold,Exchange rate and external conditions,Press release,https://www.norges-bank.no/en/news-events/news/Press-releases/2025/2025-02-04-nbss/,Norges Bank,2025-02-04,14:00,p,18,50,https___www_norges_bank_no_en_news_events_news_Press_releases_2025_2025_02_04_nbss_,https___www_norges_bank_no_en_news_events_news_Press_releases_2025_2025_02_04_nbss__p18,2025,2
Institusjonelt ansvar / mandat,Institutional accountability / mandate,Finansiell stabilitet og bank,Financial stability and banking,Press release,https://www.norges-bank.no/en/news-events/news/Press-releases/2025/2025-02-04-nbss/,Norges Bank,2025-02-04,14:00,p,19,60,https___www_norges_bank_no_en_news_events_news_Press_releases_2025_2025_02_04_nbss_,https___www_norges_bank_no_en_news_events_news_Press_releases_2025_2025_02_04_nbss__p19,2025,2
Institusjonelt ansvar / mandat,Institutional accountability / mandate,Finansiell stabilitet og bank,Financial stability and banking,Press release,https://www.norges-bank.no/en/news-events/news/Press-releases/2025/2025-02-04-nbss/,Norges Bank,2025-02-04,14:00,p,20,76,https___www_norges_bank_no_en_news_events_news_Press_releases_2025_2025_02_04_nbss_,https___www_norges_bank_no_en_news_events_news_Press_releases_2025_2025_02_04_nbss__p20,2025,2
Annet / administrativt / ikke kodbar,Other / administrative / not codable,Finansiell stabilitet og bank,Financial stability and banking,Press release,https://www.norges-bank.no/en/news-events/news/Press-releases/2025/2025-02-04-nbss/,Norges Bank,2025-02-04,14:00,p,21,50,https___www_norges_bank_no_en_news_events_news_Press_releases_2025_2025_02_04_nbss_,https___www_norges_bank_no_en_news_events_news_Press_releases_2025_2025_02_04_nbss__p21,2025,2
Utsikter / fremoverskuende signal,Outlook / forward guidance,Finansiell stabilitet og bank,Financial stability and banking,Press release,https://www.norges-bank.no/en/news-events/news/Press-releases/2025/2025-02-04-nbss/,Norges Bank,2025-02-04,14:00,p,22,41,https___www_norges_bank_no_en_news_events_news_Press_releases_2025_2025_02_04_nbss_,https___www_norges_bank_no_en_news_events_news_Press_releases_2025_2025_02_04_nbss__p22,2025,2
Institusjonelt ansvar / mandat,Institutional accountability / mandate,Annet / administrativt / ikke kodbar,Other / administrative / not codable,Press release,https://www.norges-bank.no/en/news-events/news/Press-releases/2025/2025-02-04-nbss/,Norges Bank,2025-02-04,14:00,p,23,24,https___www_norges_bank_no_en_news_events_news_Press_releases_2025_2025_02_04_nbss_,https___www_norges_bank_no_en_news_events_news_Press_releases_2025_2025_02_04_nbss__p23,2025,2
Institusjonelt ansvar / mandat,Institutional accountability / mandate,Finansiell stabilitet og bank,Financial stability and banking,Press release,https://www.norges-bank.no/en/news-events/news/Press-releases/2025/2025-02-04-nbss/,Norges Bank,2025-02-04,14:00,p,24,56,https___www_norges_bank_no_en_news_events_news_Press_releases_2025_2025_02_04_nbss_,https___www_norges_bank_no_en_news_events_news_Press_releases_2025_2025_02_04_nbss__p24,2025,2
Institusjonelt ansvar / mandat,Institutional accountability / mandate,Valutakurs og eksterne forhold,Exchange rate and external conditions,Press release,https://www.norges-bank.no/en/news-events/news/Press-releases/2025/2025-01-31-fx/,Norges Bank,2025-01-31,10:00,li,5,4,https___www_norges_bank_no_en_news_events_news_Press_releases_2025_2025_01_31_fx_,https___www_norges_bank_no_en_news_events_news_Press_releases_2025_2025_01_31_fx__p5,2025,1
Politikkforklaring / begrunnelse,Policy explanation / justification,Valutakurs og eksterne forhold,Exchange rate and external conditions,Press release,https://www.norges-bank.no/en/news-events/news/Press-releases/2025/2025-01-31-fx/,Norges Bank,2025-01-31,10:00,p,6,21,https___www_norges_bank_no_en_news_events_news_Press_releases_2025_2025_01_31_fx_,https___www_norges_bank_no_en_news_events_news_Press_releases_2025_2025_01_31_fx__p6,2025,1
Institusjonelt ansvar / mandat,Institutional accountability / mandate,Valutakurs og eksterne forhold,Exchange rate and external conditions,Press release,https://www.norges-bank.no/en/news-events/news/Press-releases/2025/2025-01-31-fx/,Norges Bank,2025-01-31,10:00,p,7,77,https___www_norges_bank_no_en_news_events_news_Press_releases_2025_2025_01_31_fx_,https___www_norges_bank_no_en_news_events_news_Press_releases_2025_2025_01_31_fx__p7,2025,1
Institusjonelt ansvar / mandat,Institutional accountability / mandate,Valutakurs og eksterne forhold,Exchange rate and external conditions,Press release,https://www.norges-bank.no/en/news-events/news/Press-releases/2025/2025-01-31-fx/,Norges Bank,2025-01-31,10:00,p,8,17,https___www_norges_bank_no_en_news_events_news_Press_releases_2025_2025_01_31_fx_,https___www_norges_bank_no_en_news_events_news_Press_releases_2025_2025_01_31_fx__p8,2025,1
Utsikter / fremoverskuende signal,Outlook / forward guidance,Rente og pengepolitisk linje,Interest rates and monetary stance,Press release,https://www.norges-bank.no/en/news-events/news/Press-releases/2025/2025-01-23-rate/,Norges Bank,2025-01-23,10:00,li,5,6,https___www_norges_bank_no_en_news_events_news_Press_releases_2025_2025_01_23_rate_,https___www_norges_bank_no_en_news_events_news_Press_releases_2025_2025_01_23_rate__p5,2025,1
Institusjonelt ansvar / mandat,Institutional accountability / mandate,Rente og pengepolitisk linje,Interest rates and monetary stance,Press release,https://www.norges-bank.no/en/news-events/news/Press-releases/2025/2025-01-23-rate/,Norges Bank,2025-01-23,10:00,p,6,24,https___www_norges_bank_no_en_news_events_news_Press_releases_2025_2025_01_23_rate_,https___www_norges_bank_no_en_news_events_news_Press_releases_2025_2025_01_23_rate__p6,2025,1
Utsikter / fremoverskuende signal,Outlook / forward guidance,Rente og pengepolitisk linje,Interest rates and monetary stance,Press release,https://www.norges-bank.no/en/news-events/news/Press-releases/2025/2025-01-23-rate/,Norges Bank,2025-01-23,10:00,p,7,14,https___www_norges_bank_no_en_news_events_news_Press_releases_2025_2025_01_23_rate_,https___www_norges_bank_no_en_news_events_news_Press_releases_2025_2025_01_23_rate__p7,2025,1
Politikkforklaring / begrunnelse,Policy explanation / justification,Inflasjon og priser,Inflation and prices,Press release,https://www.norges-bank.no/en/news-events/news/Press-releases/2025/2025-01-23-rate/,Norges Bank,2025-01-23,10:00,p,8,72,https___www_norges_bank_no_en_news_events_news_Press_releases_2025_2025_01_23_rate_,https___www_norges_bank_no_en_news_events_news_Press_releases_2025_2025_01_23_rate__p8,2025,1
Utsikter / fremoverskuende signal,Outlook / forward guidance,Inflasjon og priser,Inflation and prices,Press release,https://www.norges-bank.no/en/news-events/news/Press-releases/2025/2025-01-23-rate/,Norges Bank,2025-01-23,10:00,p,9,70,https___www_norges_bank_no_en_news_events_news_Press_releases_2025_2025_01_23_rate_,https___www_norges_bank_no_en_news_events_news_Press_releases_2025_2025_01_23_rate__p9,2025,1
Risiko / usikkerhet,Risk / uncertainty,Valutakurs og eksterne forhold,Exchange rate and external conditions,Press release,https://www.norges-bank.no/en/news-events/news/Press-releases/2025/2025-01-23-rate/,Norges Bank,2025-01-23,10:00,p,10,45,https___www_norges_bank_no_en_news_events_news_Press_releases_2025_2025_01_23_rate_,https___www_norges_bank_no_en_news_events_news_Press_releases_2025_2025_01_23_rate__p10,2025,1
Utsikter / fremoverskuende signal,Outlook / forward guidance,Økonomisk aktivitet og arbeidsmarked,Economic activity and labor market,Press release,https://www.norges-bank.no/en/news-events/news/Press-releases/2025/2025-01-23-rate/,Norges Bank,2025-01-23,10:00,p,11,25,https___www_norges_bank_no_en_news_events_news_Press_releases_2025_2025_01_23_rate_,https___www_norges_bank_no_en_news_events_news_Press_releases_2025_2025_01_23_rate__p11,2025,1
Utsikter / fremoverskuende signal,Outlook / forward guidance,Annet / administrativt / ikke kodbar,Other / administrative / not codable,Press release,https://www.norges-bank.no/en/news-events/news/Press-releases/2025/2025-01-23-rate/,Norges Bank,2025-01-23,10:00,p,12,28,https___www_norges_bank_no_en_news_events_news_Press_releases_2025_2025_01_23_rate_,https___www_norges_bank_no_en_news_events_news_Press_releases_2025_2025_01_23_rate__p12,2025,1
Utsikter / fremoverskuende signal,Outlook / forward guidance,Rente og pengepolitisk linje,Interest rates and monetary stance,Press release,https://www.norges-bank.no/en/news-events/news/Press-releases/2025/2025-01-23-rate/,Norges Bank,2025-01-23,10:00,li,13,4,https___www_norges_bank_no_en_news_events_news_Press_releases_2025_2025_01_23_rate_,https___www_norges_bank_no_en_news_events_news_Press_releases_2025_2025_01_23_rate__p13,2025,1
Institusjonelt ansvar / mandat,Institutional accountability / mandate,Finansiell stabilitet og bank,Financial stability and banking,Press release,https://www.norges-bank.no/en/news-events/news/Press-releases/2025/2025-01-22/,Norges Bank,2025-01-22,08:54,li,5,4,https___www_norges_bank_no_en_news_events_news_Press_releases_2025_2025_01_22_,https___www_norges_bank_no_en_news_events_news_Press_releases_2025_2025_01_22__p5,2025,1
Institusjonelt ansvar / mandat,Institutional accountability / mandate,Finansiell stabilitet og bank,Financial stability and banking,Press release,https://www.norges-bank.no/en/news-events/news/Press-releases/2025/2025-01-22/,Norges Bank,2025-01-22,08:54,p,6,47,https___www_norges_bank_no_en_news_events_news_Press_releases_2025_2025_01_22_,https___www_norges_bank_no_en_news_events_news_Press_releases_2025_2025_01_22__p6,2025,1
Risiko / usikkerhet,Risk / uncertainty,Valutakurs og eksterne forhold,Exchange rate and external conditions,Press release,https://www.norges-bank.no/en/news-events/news/Press-releases/2025/2025-01-22/,Norges Bank,2025-01-22,08:54,p,7,36,https___www_norges_bank_no_en_news_events_news_Press_releases_2025_2025_01_22_,https___www_norges_bank_no_en_news_events_news_Press_releases_2025_2025_01_22__p7,2025,1
Institusjonelt ansvar / mandat,Institutional accountability / mandate,Rente og pengepolitisk linje,Interest rates and monetary stance,Press release,https://www.norges-bank.no/en/news-events/news/Press-releases/2025/2025-01-22/,Norges Bank,2025-01-22,08:54,p,8,51,https___www_norges_bank_no_en_news_events_news_Press_releases_2025_2025_01_22_,https___www_norges_bank_no_en_news_events_news_Press_releases_2025_2025_01_22__p8,2025,1
Institusjonelt ansvar / mandat,Institutional accountability / mandate,Finansiell stabilitet og bank,Financial stability and banking,Press release,https://www.norges-bank.no/en/news-events/news/Press-releases/2025/2025-01-22/,Norges Bank,2025-01-22,08:54,p,9,57,https___www_norges_bank_no_en_news_events_news_Press_releases_2025_2025_01_22_,https___www_norges_bank_no_en_news_events_news_Press_releases_2025_2025_01_22__p9,2025,1
Institusjonelt ansvar / mandat,Institutional accountability / mandate,Finansiell stabilitet og bank,Financial stability and banking,Press release,https://www.norges-bank.no/en/news-events/news/Press-releases/2025/2025-01-22/,Norges Bank,2025-01-22,08:54,p,10,39,https___www_norges_bank_no_en_news_events_news_Press_releases_2025_2025_01_22_,https___www_norges_bank_no_en_news_events_news_Press_releases_2025_2025_01_22__p10,2025,1
Institusjonelt ansvar / mandat,Institutional accountability / mandate,Finansiell stabilitet og bank,Financial stability and banking,Press release,https://www.norges-bank.no/en/news-events/news/Press-releases/2025/2025-01-22/,Norges Bank,2025-01-22,08:54,p,11,16,https___www_norges_bank_no_en_news_events_news_Press_releases_2025_2025_01_22_,https___www_norges_bank_no_en_news_events_news_Press_releases_2025_2025_01_22__p11,2025,1
Institusjonelt ansvar / mandat,Institutional accountability / mandate,Finansiell stabilitet og bank,Financial stability and banking,Press release,https://www.norges-bank.no/en/news-events/news/Press-releases/2025/2025-01-22/,Norges Bank,2025-01-22,08:54,p,12,29,https___www_norges_bank_no_en_news_events_news_Press_releases_2025_2025_01_22_,https___www_norges_bank_no_en_news_events_news_Press_releases_2025_2025_01_22__p12,2025,1
Institusjonelt ansvar / mandat,Institutional accountability / mandate,Valutakurs og eksterne forhold,Exchange rate and external conditions,Press release,https://www.norges-bank.no/en/news-events/news/Press-releases/2024/2024-12-30-fx/,Norges Bank,2024-12-30,10:00,li,5,4,https___www_norges_bank_no_en_news_events_news_Press_releases_2024_2024_12_30_fx_,https___www_norges_bank_no_en_news_events_news_Press_releases_2024_2024_12_30_fx__p5,2024,12
Politikkforklaring / begrunnelse,Policy explanation / justification,Valutakurs og eksterne forhold,Exchange rate and external conditions,Press release,https://www.norges-bank.no/en/news-events/news/Press-releases/2024/2024-12-30-fx/,Norges Bank,2024-12-30,10:00,p,6,21,https___www_norges_bank_no_en_news_events_news_Press_releases_2024_2024_12_30_fx_,https___www_norges_bank_no_en_news_events_news_Press_releases_2024_2024_12_30_fx__p6,2024,12
Institusjonelt ansvar / mandat,Institutional accountability / mandate,Valutakurs og eksterne forhold,Exchange rate and external conditions,Press release,https://www.norges-bank.no/en/news-events/news/Press-releases/2024/2024-12-30-fx/,Norges Bank,2024-12-30,10:00,p,7,77,https___www_norges_bank_no_en_news_events_news_Press_releases_2024_2024_12_30_fx_,https___www_norges_bank_no_en_news_events_news_Press_releases_2024_2024_12_30_fx__p7,2024,12
Institusjonelt ansvar / mandat,Institutional accountability / mandate,Valutakurs og eksterne forhold,Exchange rate and external conditions,Press release,https://www.norges-bank.no/en/news-events/news/Press-releases/2024/2024-12-30-fx/,Norges Bank,2024-12-30,10:00,p,8,16,https___www_norges_bank_no_en_news_events_news_Press_releases_2024_2024_12_30_fx_,https___www_norges_bank_no_en_news_events_news_Press_releases_2024_2024_12_30_fx__p8,2024,12
Politikkforklaring / begrunnelse,Policy explanation / justification,Rente og pengepolitisk linje,Interest rates and monetary stance,Press release,https://www.norges-bank.no/en/news-events/news/Press-releases/2024/2024-12-19-rate/,Norges Bank,2024-12-19,10:00,li,5,6,https___www_norges_bank_no_en_news_events_news_Press_releases_2024_2024_12_19_rate_,https___www_norges_bank_no_en_news_events_news_Press_releases_2024_2024_12_19_rate__p5,2024,12
Utsikter / fremoverskuende signal,Outlook / forward guidance,Rente og pengepolitisk linje,Interest rates and monetary stance,Press release,https://www.norges-bank.no/en/news-events/news/Press-releases/2024/2024-12-19-rate/,Norges Bank,2024-12-19,10:00,p,6,44,https___www_norges_bank_no_en_news_events_news_Press_releases_2024_2024_12_19_rate_,https___www_norges_bank_no_en_news_events_news_Press_releases_2024_2024_12_19_rate__p6,2024,12
Politikkforklaring / begrunnelse,Policy explanation / justification,Inflasjon og priser,Inflation and prices,Press release,https://www.norges-bank.no/en/news-events/news/Press-releases/2024/2024-12-19-rate/,Norges Bank,2024-12-19,10:00,p,7,69,https___www_norges_bank_no_en_news_events_news_Press_releases_2024_2024_12_19_rate_,https___www_norges_bank_no_en_news_events_news_Press_releases_2024_2024_12_19_rate__p7,2024,12
Utsikter / fremoverskuende signal,Outlook / forward guidance,Rente og pengepolitisk linje,Interest rates and monetary stance,Press release,https://www.norges-bank.no/en/news-events/news/Press-releases/2024/2024-12-19-rate/,Norges Bank,2024-12-19,10:00,p,8,33,https___www_norges_bank_no_en_news_events_news_Press_releases_2024_2024_12_19_rate_,https___www_norges_bank_no_en_news_events_news_Press_releases_2024_2024_12_19_rate__p8,2024,12
Utsikter / fremoverskuende signal,Outlook / forward guidance,Økonomisk aktivitet og arbeidsmarked,Economic activity and labor market,Press release,https://www.norges-bank.no/en/news-events/news/Press-releases/2024/2024-12-19-rate/,Norges Bank,2024-12-19,10:00,p,9,67,https___www_norges_bank_no_en_news_events_news_Press_releases_2024_2024_12_19_rate_,https___www_norges_bank_no_en_news_events_news_Press_releases_2024_2024_12_19_rate__p9,2024,12
Utsikter / fremoverskuende signal,Outlook / forward guidance,Rente og pengepolitisk linje,Interest rates and monetary stance,Press release,https://www.norges-bank.no/en/news-events/news/Press-releases/2024/2024-12-19-rate/,Norges Bank,2024-12-19,10:00,p,10,64,https___www_norges_bank_no_en_news_events_news_Press_releases_2024_2024_12_19_rate_,https___www_norges_bank_no_en_news_events_news_Press_releases_2024_2024_12_19_rate__p10,2024,12
Risiko / usikkerhet,Risk / uncertainty,Økonomisk aktivitet og arbeidsmarked,Economic activity and labor market,Press release,https://www.norges-bank.no/en/news-events/news/Press-releases/2024/2024-12-19-rate/,Norges Bank,2024-12-19,10:00,p,11,120,https___www_norges_bank_no_en_news_events_news_Press_releases_2024_2024_12_19_rate_,https___www_norges_bank_no_en_news_events_news_Press_releases_2024_2024_12_19_rate__p11,2024,12
Institusjonelt ansvar / mandat,Institutional accountability / mandate,Annet / administrativt / ikke kodbar,Other / administrative / not codable,Press release,https://www.norges-bank.no/en/news-events/news/Press-releases/2024/2024-12-19-rate/,Norges Bank,2024-12-19,10:00,p,12,15,https___www_norges_bank_no_en_news_events_news_Press_releases_2024_2024_12_19_rate_,https___www_norges_bank_no_en_news_events_news_Press_releases_2024_2024_12_19_rate__p12,2024,12
Utsikter / fremoverskuende signal,Outlook / forward guidance,Rente og pengepolitisk linje,Interest rates and monetary stance,Press release,https://www.norges-bank.no/en/news-events/news/Press-releases/2024/2024-12-19-rate/,Norges Bank,2024-12-19,10:00,li,13,4,https___www_norges_bank_no_en_news_events_news_Press_releases_2024_2024_12_19_rate_,https___www_norges_bank_no_en_news_events_news_Press_releases_2024_2024_12_19_rate__p13,2024,12
Utsikter / fremoverskuende signal,Outlook / forward guidance,Rente og pengepolitisk linje,Interest rates and monetary stance,Speech,https://www.norges-bank.no/en/news-events/news/Speeches/2026/2026-03-26-pk/,Norges Bank,2026-03-26,10:30,li,5,6,https___www_norges_bank_no_en_news_events_news_Speeches_2026_2026_03_26_pk_,https___www_norges_bank_no_en_news_events_news_Speeches_2026_2026_03_26_pk__p5,2026,3
Institusjonelt ansvar / mandat,Institutional accountability / mandate,Rente og pengepolitisk linje,Interest rates and monetary stance,Speech,https://www.norges-bank.no/en/news-events/news/Speeches/2026/2026-03-26-pk/,Norges Bank,2026-03-26,10:30,p,6,22,https___www_norges_bank_no_en_news_events_news_Speeches_2026_2026_03_26_pk_,https___www_norges_bank_no_en_news_events_news_Speeches_2026_2026_03_26_pk__p6,2026,3
Politikkforklaring / begrunnelse,Policy explanation / justification,Rente og pengepolitisk linje,Interest rates and monetary stance,Speech,https://www.norges-bank.no/en/news-events/news/Speeches/2026/2026-03-26-pk/,Norges Bank,2026-03-26,10:30,p,7,17,https___www_norges_bank_no_en_news_events_news_Speeches_2026_2026_03_26_pk_,https___www_norges_bank_no_en_news_events_news_Speeches_2026_2026_03_26_pk__p7,2026,3
Politikkforklaring / begrunnelse,Policy explanation / justification,Inflasjon og priser,Inflation and prices,Speech,https://www.norges-bank.no/en/news-events/news/Speeches/2026/2026-03-26-pk/,Norges Bank,2026-03-26,10:30,p,8,70,https___www_norges_bank_no_en_news_events_news_Speeches_2026_2026_03_26_pk_,https___www_norges_bank_no_en_news_events_news_Speeches_2026_2026_03_26_pk__p8,2026,3
Institusjonelt ansvar / mandat,Institutional accountability / mandate,Annet / administrativt / ikke kodbar,Other / administrative / not codable,Speech,https://www.norges-bank.no/en/news-events/news/Speeches/2026/2026-03-26-pk/,Norges Bank,2026-03-26,10:30,p,9,16,https___www_norges_bank_no_en_news_events_news_Speeches_2026_2026_03_26_pk_,https___www_norges_bank_no_en_news_events_news_Speeches_2026_2026_03_26_pk__p9,2026,3
Utsikter / fremoverskuende signal,Outlook / forward guidance,Inflasjon og priser,Inflation and prices,Speech,https://www.norges-bank.no/en/news-events/news/Speeches/2026/2026-03-26-pk/,Norges Bank,2026-03-26,10:30,p,10,61,https___www_norges_bank_no_en_news_events_news_Speeches_2026_2026_03_26_pk_,https___www_norges_bank_no_en_news_events_news_Speeches_2026_2026_03_26_pk__p10,2026,3
Utsikter / fremoverskuende signal,Outlook / forward guidance,Inflasjon og priser,Inflation and prices,Speech,https://www.norges-bank.no/en/news-events/news/Speeches/2026/2026-03-26-pk/,Norges Bank,2026-03-26,10:30,p,11,90,https___www_norges_bank_no_en_news_events_news_Speeches_2026_2026_03_26_pk_,https___www_norges_bank_no_en_news_events_news_Speeches_2026_2026_03_26_pk__p11,2026,3
Utsikter / fremoverskuende signal,Outlook / forward guidance,Økonomisk aktivitet og arbeidsmarked,Economic activity and labor market,Speech,https://www.norges-bank.no/en/news-events/news/Speeches/2026/2026-03-26-pk/,Norges Bank,2026-03-26,10:30,p,12,43,https___www_norges_bank_no_en_news_events_news_Speeches_2026_2026_03_26_pk_,https___www_norges_bank_no_en_news_events_news_Speeches_2026_2026_03_26_pk__p12,2026,3
Utsikter / fremoverskuende signal,Outlook / forward guidance,Økonomisk aktivitet og arbeidsmarked,Economic activity and labor market,Speech,https://www.norges-bank.no/en/news-events/news/Speeches/2026/2026-03-26-pk/,Norges Bank,2026-03-26,10:30,p,13,54,https___www_norges_bank_no_en_news_events_news_Speeches_2026_2026_03_26_pk_,https___www_norges_bank_no_en_news_events_news_Speeches_2026_2026_03_26_pk__p13,2026,3
Økonomisk situasjonsbeskrivelse / diagnose,Economic assessment / diagnosis,Inflasjon og priser,Inflation and prices,Speech,https://www.norges-bank.no/en/news-events/news/Speeches/2026/2026-03-26-pk/,Norges Bank,2026-03-26,10:30,p,14,32,https___www_norges_bank_no_en_news_events_news_Speeches_2026_2026_03_26_pk_,https___www_norges_bank_no_en_news_events_news_Speeches_2026_2026_03_26_pk__p14,2026,3
Utsikter / fremoverskuende signal,Outlook / forward guidance,Rente og pengepolitisk linje,Interest rates and monetary stance,Speech,https://www.norges-bank.no/en/news-events/news/Speeches/2026/2026-03-26-pk/,Norges Bank,2026-03-26,10:30,p,15,74,https___www_norges_bank_no_en_news_events_news_Speeches_2026_2026_03_26_pk_,https___www_norges_bank_no_en_news_events_news_Speeches_2026_2026_03_26_pk__p15,2026,3
Utsikter / fremoverskuende signal,Outlook / forward guidance,Rente og pengepolitisk linje,Interest rates and monetary stance,Speech,https://www.norges-bank.no/en/news-events/news/Speeches/2026/2026-03-26-pk/,Norges Bank,2026-03-26,10:30,p,16,26,https___www_norges_bank_no_en_news_events_news_Speeches_2026_2026_03_26_pk_,https___www_norges_bank_no_en_news_events_news_Speeches_2026_2026_03_26_pk__p16,2026,3
Utsikter / fremoverskuende signal,Outlook / forward guidance,Økonomisk aktivitet og arbeidsmarked,Economic activity and labor market,Speech,https://www.norges-bank.no/en/news-events/news/Speeches/2026/2026-03-26-pk/,Norges Bank,2026-03-26,10:30,p,17,62,https___www_norges_bank_no_en_news_events_news_Speeches_2026_2026_03_26_pk_,https___www_norges_bank_no_en_news_events_news_Speeches_2026_2026_03_26_pk__p17,2026,3
Utsikter / fremoverskuende signal,Outlook / forward guidance,Rente og pengepolitisk linje,Interest rates and monetary stance,Speech,https://www.norges-bank.no/en/news-events/news/Speeches/2026/2026-03-26-pk/,Norges Bank,2026-03-26,10:30,p,18,82,https___www_norges_bank_no_en_news_events_news_Speeches_2026_2026_03_26_pk_,https___www_norges_bank_no_en_news_events_news_Speeches_2026_2026_03_26_pk__p18,2026,3
Institusjonelt ansvar / mandat,Institutional accountability / mandate,Økonomisk aktivitet og arbeidsmarked,Economic activity and labor market,Speech,https://www.norges-bank.no/en/news-events/news/Speeches/2026/2026-02-24-pal-longva/,Norges Bank,2026-02-25,10:00,li,5,5,https___www_norges_bank_no_en_news_events_news_Speeches_2026_2026_02_24_pal_longva_,https___www_norges_bank_no_en_news_events_news_Speeches_2026_2026_02_24_pal_longva__p5,2026,2
Institusjonelt ansvar / mandat,Institutional accountability / mandate,Økonomisk aktivitet og arbeidsmarked,Economic activity and labor market,Speech,https://www.norges-bank.no/en/news-events/news/Speeches/2026/2026-02-24-pal-longva/,Norges Bank,2026-02-25,10:00,p,6,12,https___www_norges_bank_no_en_news_events_news_Speeches_2026_2026_02_24_pal_longva_,https___www_norges_bank_no_en_news_events_news_Speeches_2026_2026_02_24_pal_longva__p6,2026,2
Institusjonelt ansvar / mandat,Institutional accountability / mandate,Rente og pengepolitisk linje,Interest rates and monetary stance,Speech,https://www.norges-bank.no/en/news-events/news/Speeches/2026/2026-02-24-pal-longva/,Norges Bank,2026-02-25,10:00,blockquote,7,50,https___www_norges_bank_no_en_news_events_news_Speeches_2026_2026_02_24_pal_longva_,https___www_norges_bank_no_en_news_events_news_Speeches_2026_2026_02_24_pal_longva__p7,2026,2
Institusjonelt ansvar / mandat,Institutional accountability / mandate,Annet / administrativt / ikke kodbar,Other / administrative / not codable,Speech,https://www.norges-bank.no/en/news-events/news/Speeches/2026/2026-02-24-pal-longva/,Norges Bank,2026-02-25,10:00,p,8,32,https___www_norges_bank_no_en_news_events_news_Speeches_2026_2026_02_24_pal_longva_,https___www_norges_bank_no_en_news_events_news_Speeches_2026_2026_02_24_pal_longva__p8,2026,2
Institusjonelt ansvar / mandat,Institutional accountability / mandate,Annet / administrativt / ikke kodbar,Other / administrative / not codable,Speech,https://www.norges-bank.no/en/news-events/news/Speeches/2026/2026-02-24-pal-longva/,Norges Bank,2026-02-25,10:00,p,9,15,https___www_norges_bank_no_en_news_events_news_Speeches_2026_2026_02_24_pal_longva_,https___www_norges_bank_no_en_news_events_news_Speeches_2026_2026_02_24_pal_longva__p9,2026,2
Politikkforklaring / begrunnelse,Policy explanation / justification,Rente og pengepolitisk linje,Interest rates and monetary stance,Speech,https://www.norges-bank.no/en/news-events/news/Speeches/2026/2026-02-24-pal-longva/,Norges Bank,2026-02-25,10:00,p,10,43,https___www_norges_bank_no_en_news_events_news_Speeches_2026_2026_02_24_pal_longva_,https___www_norges_bank_no_en_news_events_news_Speeches_2026_2026_02_24_pal_longva__p10,2026,2
Institusjonelt ansvar / mandat,Institutional accountability / mandate,Rente og pengepolitisk linje,Interest rates and monetary stance,Speech,https://www.norges-bank.no/en/news-events/news/Speeches/2026/2026-02-24-pal-longva/,Norges Bank,2026-02-25,10:00,p,11,32,https___www_norges_bank_no_en_news_events_news_Speeches_2026_2026_02_24_pal_longva_,https___www_norges_bank_no_en_news_events_news_Speeches_2026_2026_02_24_pal_longva__p11,2026,2
Institusjonelt ansvar / mandat,Institutional accountability / mandate,Rente og pengepolitisk linje,Interest rates and monetary stance,Speech,https://www.norges-bank.no/en/news-events/news/Speeches/2026/2026-02-24-pal-longva/,Norges Bank,2026-02-25,10:00,p,12,62,https___www_norges_bank_no_en_news_events_news_Speeches_2026_2026_02_24_pal_longva_,https___www_norges_bank_no_en_news_events_news_Speeches_2026_2026_02_24_pal_longva__p12,2026,2
Utsikter / fremoverskuende signal,Outlook / forward guidance,Inflasjon og priser,Inflation and prices,Speech,https://www.norges-bank.no/en/news-events/news/Speeches/2026/2026-02-24-pal-longva/,Norges Bank,2026-02-25,10:00,p,13,82,https___www_norges_bank_no_en_news_events_news_Speeches_2026_2026_02_24_pal_longva_,https___www_norges_bank_no_en_news_events_news_Speeches_2026_2026_02_24_pal_longva__p13,2026,2
Politikkforklaring / begrunnelse,Policy explanation / justification,Rente og pengepolitisk linje,Interest rates and monetary stance,Speech,https://www.norges-bank.no/en/news-events/news/Speeches/2026/2026-02-24-pal-longva/,Norges Bank,2026-02-25,10:00,p,14,66,https___www_norges_bank_no_en_news_events_news_Speeches_2026_2026_02_24_pal_longva_,https___www_norges_bank_no_en_news_events_news_Speeches_2026_2026_02_24_pal_longva__p14,2026,2
Risiko / usikkerhet,Risk / uncertainty,Finansiell stabilitet og bank,Financial stability and banking,Speech,https://www.norges-bank.no/en/news-events/news/Speeches/2026/2026-02-24-pal-longva/,Norges Bank,2026-02-25,10:00,p,15,47,https___www_norges_bank_no_en_news_events_news_Speeches_2026_2026_02_24_pal_longva_,https___www_norges_bank_no_en_news_events_news_Speeches_2026_2026_02_24_pal_longva__p15,2026,2
Institusjonelt ansvar / mandat,Institutional accountability / mandate,Finansiell stabilitet og bank,Financial stability and banking,Speech,https://www.norges-bank.no/en/news-events/news/Speeches/2026/2026-02-24-pal-longva/,Norges Bank,2026-02-25,10:00,p,16,30,https___www_norges_bank_no_en_news_events_news_Speeches_2026_2026_02_24_pal_longva_,https___www_norges_bank_no_en_news_events_news_Speeches_2026_2026_02_24_pal_longva__p16,2026,2
Institusjonelt ansvar / mandat,Institutional accountability / mandate,Finansiell stabilitet og bank,Financial stability and banking,Speech,https://www.norges-bank.no/en/news-events/news/Speeches/2026/2026-02-24-pal-longva/,Norges Bank,2026-02-25,10:00,p,17,47,https___www_norges_bank_no_en_news_events_news_Speeches_2026_2026_02_24_pal_longva_,https___www_norges_bank_no_en_news_events_news_Speeches_2026_2026_02_24_pal_longva__p17,2026,2
Institusjonelt ansvar / mandat,Institutional accountability / mandate,Rente og pengepolitisk linje,Interest rates and monetary stance,Speech,https://www.norges-bank.no/en/news-events/news/Speeches/2026/2026-02-24-pal-longva/,Norges Bank,2026-02-25,10:00,p,18,165,https___www_norges_bank_no_en_news_events_news_Speeches_2026_2026_02_24_pal_longva_,https___www_norges_bank_no_en_news_events_news_Speeches_2026_2026_02_24_pal_longva__p18,2026,2
Institusjonelt ansvar / mandat,Institutional accountability / mandate,Rente og pengepolitisk linje,Interest rates and monetary stance,Speech,https://www.norges-bank.no/en/news-events/news/Speeches/2026/2026-02-24-pal-longva/,Norges Bank,2026-02-25,10:00,p,19,112,https___www_norges_bank_no_en_news_events_news_Speeches_2026_2026_02_24_pal_longva_,https___www_norges_bank_no_en_news_events_news_Speeches_2026_2026_02_24_pal_longva__p19,2026,2
Institusjonelt ansvar / mandat,Institutional accountability / mandate,Annet / administrativt / ikke kodbar,Other / administrative / not codable,Speech,https://www.norges-bank.no/en/news-events/news/Speeches/2026/2026-02-24-pal-longva/,Norges Bank,2026-02-25,10:00,p,20,55,https___www_norges_bank_no_en_news_events_news_Speeches_2026_2026_02_24_pal_longva_,https___www_norges_bank_no_en_news_events_news_Speeches_2026_2026_02_24_pal_longva__p20,2026,2
Utsikter / fremoverskuende signal,Outlook / forward guidance,Annet / administrativt / ikke kodbar,Other / administrative / not codable,Speech,https://www.norges-bank.no/en/news-events/news/Speeches/2026/2026-02-24-pal-longva/,Norges Bank,2026-02-25,10:00,p,21,41,https___www_norges_bank_no_en_news_events_news_Speeches_2026_2026_02_24_pal_longva_,https___www_norges_bank_no_en_news_events_news_Speeches_2026_2026_02_24_pal_longva__p21,2026,2
Institusjonelt ansvar / mandat,Institutional accountability / mandate,Annet / administrativt / ikke kodbar,Other / administrative / not codable,Speech,https://www.norges-bank.no/en/news-events/news/Speeches/2026/2026-02-24-pal-longva/,Norges Bank,2026-02-25,10:00,p,22,42,https___www_norges_bank_no_en_news_events_news_Speeches_2026_2026_02_24_pal_longva_,https___www_norges_bank_no_en_news_events_news_Speeches_2026_2026_02_24_pal_longva__p22,2026,2
Politikkforklaring / begrunnelse,Policy explanation / justification,Rente og pengepolitisk linje,Interest rates and monetary stance,Speech,https://www.norges-bank.no/en/news-events/news/Speeches/2026/2026-02-24-pal-longva/,Norges Bank,2026-02-25,10:00,p,23,52,https___www_norges_bank_no_en_news_events_news_Speeches_2026_2026_02_24_pal_longva_,https___www_norges_bank_no_en_news_events_news_Speeches_2026_2026_02_24_pal_longva__p23,2026,2
Politikkforklaring / begrunnelse,Policy explanation / justification,Rente og pengepolitisk linje,Interest rates and monetary stance,Speech,https://www.norges-bank.no/en/news-events/news/Speeches/2026/2026-02-24-pal-longva/,Norges Bank,2026-02-25,10:00,p,24,93,https___www_norges_bank_no_en_news_events_news_Speeches_2026_2026_02_24_pal_longva_,https___www_norges_bank_no_en_news_events_news_Speeches_2026_2026_02_24_pal_longva__p24,2026,2
Risiko / usikkerhet,Risk / uncertainty,Annet / administrativt / ikke kodbar,Other / administrative / not codable,Speech,https://www.norges-bank.no/en/news-events/news/Speeches/2026/2026-02-24-pal-longva/,Norges Bank,2026-02-25,10:00,p,25,8,https___www_norges_bank_no_en_news_events_news_Speeches_2026_2026_02_24_pal_longva_,https___www_norges_bank_no_en_news_events_news_Speeches_2026_2026_02_24_pal_longva__p25,2026,2
Institusjonelt ansvar / mandat,Institutional accountability / mandate,Rente og pengepolitisk linje,Interest rates and monetary stance,Speech,https://www.norges-bank.no/en/news-events/news/Speeches/2026/2026-02-24-pal-longva/,Norges Bank,2026-02-25,10:00,p,26,125,https___www_norges_bank_no_en_news_events_news_Speeches_2026_2026_02_24_pal_longva_,https___www_norges_bank_no_en_news_events_news_Speeches_2026_2026_02_24_pal_longva__p26,2026,2
Politikkforklaring / begrunnelse,Policy explanation / justification,Rente og pengepolitisk linje,Interest rates and monetary stance,Speech,https://www.norges-bank.no/en/news-events/news/Speeches/2026/2026-02-24-pal-longva/,Norges Bank,2026-02-25,10:00,p,27,84,https___www_norges_bank_no_en_news_events_news_Speeches_2026_2026_02_24_pal_longva_,https___www_norges_bank_no_en_news_events_news_Speeches_2026_2026_02_24_pal_longva__p27,2026,2
Institusjonelt ansvar / mandat,Institutional accountability / mandate,Valutakurs og eksterne forhold,Exchange rate and external conditions,Speech,https://www.norges-bank.no/en/news-events/news/Speeches/2026/2026-02-24-pal-longva/,Norges Bank,2026-02-25,10:00,p,28,71,https___www_norges_bank_no_en_news_events_news_Speeches_2026_2026_02_24_pal_longva_,https___www_norges_bank_no_en_news_events_news_Speeches_2026_2026_02_24_pal_longva__p28,2026,2
Institusjonelt ansvar / mandat,Institutional accountability / mandate,Valutakurs og eksterne forhold,Exchange rate and external conditions,Speech,https://www.norges-bank.no/en/news-events/news/Speeches/2026/2026-02-24-pal-longva/,Norges Bank,2026-02-25,10:00,p,29,91,https___www_norges_bank_no_en_news_events_news_Speeches_2026_2026_02_24_pal_longva_,https___www_norges_bank_no_en_news_events_news_Speeches_2026_2026_02_24_pal_longva__p29,2026,2
Institusjonelt ansvar / mandat,Institutional accountability / mandate,Annet / administrativt / ikke kodbar,Other / administrative / not codable,Speech,https://www.norges-bank.no/en/news-events/news/Speeches/2026/2026-02-24-pal-longva/,Norges Bank,2026-02-25,10:00,p,30,66,https___www_norges_bank_no_en_news_events_news_Speeches_2026_2026_02_24_pal_longva_,https___www_norges_bank_no_en_news_events_news_Speeches_2026_2026_02_24_pal_longva__p30,2026,2
Institusjonelt ansvar / mandat,Institutional accountability / mandate,Annet / administrativt / ikke kodbar,Other / administrative / not codable,Speech,https://www.norges-bank.no/en/news-events/news/Speeches/2026/2026-02-24-pal-longva/,Norges Bank,2026-02-25,10:00,p,31,19,https___www_norges_bank_no_en_news_events_news_Speeches_2026_2026_02_24_pal_longva_,https___www_norges_bank_no_en_news_events_news_Speeches_2026_2026_02_24_pal_longva__p31,2026,2
Institusjonelt ansvar / mandat,Institutional accountability / mandate,Annet / administrativt / ikke kodbar,Other / administrative / not codable,Speech,https://www.norges-bank.no/en/news-events/news/Speeches/2026/2026-02-12-annual-address/,Norges Bank,2026-02-12,18:00,p,6,22,https___www_norges_bank_no_en_news_events_news_Speeches_2026_2026_02_12_annual_address_,https___www_norges_bank_no_en_news_events_news_Speeches_2026_2026_02_12_annual_address__p6,2026,2
Risiko / usikkerhet,Risk / uncertainty,Annet / administrativt / ikke kodbar,Other / administrative / not codable,Speech,https://www.norges-bank.no/en/news-events/news/Speeches/2026/2026-02-12-annual-address/,Norges Bank,2026-02-12,18:00,p,7,37,https___www_norges_bank_no_en_news_events_news_Speeches_2026_2026_02_12_annual_address_,https___www_norges_bank_no_en_news_events_news_Speeches_2026_2026_02_12_annual_address__p7,2026,2
Annet / administrativt / ikke kodbar,Other / administrative / not codable,Annet / administrativt / ikke kodbar,Other / administrative / not codable,Speech,https://www.norges-bank.no/en/news-events/news/Speeches/2026/2026-02-12-annual-address/,Norges Bank,2026-02-12,18:00,p,8,6,https___www_norges_bank_no_en_news_events_news_Speeches_2026_2026_02_12_annual_address_,https___www_norges_bank_no_en_news_events_news_Speeches_2026_2026_02_12_annual_address__p8,2026,2
Institusjonelt ansvar / mandat,Institutional accountability / mandate,Valutakurs og eksterne forhold,Exchange rate and external conditions,Speech,https://www.norges-bank.no/en/news-events/news/Speeches/2026/2026-02-12-annual-address/,Norges Bank,2026-02-12,18:00,p,9,45,https___www_norges_bank_no_en_news_events_news_Speeches_2026_2026_02_12_annual_address_,https___www_norges_bank_no_en_news_events_news_Speeches_2026_2026_02_12_annual_address__p9,2026,2
Utsikter / fremoverskuende signal,Outlook / forward guidance,Annet / administrativt / ikke kodbar,Other / administrative / not codable,Speech,https://www.norges-bank.no/en/news-events/news/Speeches/2026/2026-02-12-annual-address/,Norges Bank,2026-02-12,18:00,p,10,26,https___www_norges_bank_no_en_news_events_news_Speeches_2026_2026_02_12_annual_address_,https___www_norges_bank_no_en_news_events_news_Speeches_2026_2026_02_12_annual_address__p10,2026,2
Utsikter / fremoverskuende signal,Outlook / forward guidance,Økonomisk aktivitet og arbeidsmarked,Economic activity and labor market,Speech,https://www.norges-bank.no/en/news-events/news/Speeches/2026/2026-02-12-annual-address/,Norges Bank,2026-02-12,18:00,p,11,47,https___www_norges_bank_no_en_news_events_news_Speeches_2026_2026_02_12_annual_address_,https___www_norges_bank_no_en_news_events_news_Speeches_2026_2026_02_12_annual_address__p11,2026,2
Politikkforklaring / begrunnelse,Policy explanation / justification,Økonomisk aktivitet og arbeidsmarked,Economic activity and labor market,Speech,https://www.norges-bank.no/en/news-events/news/Speeches/2026/2026-02-12-annual-address/,Norges Bank,2026-02-12,18:00,p,12,62,https___www_norges_bank_no_en_news_events_news_Speeches_2026_2026_02_12_annual_address_,https___www_norges_bank_no_en_news_events_news_Speeches_2026_2026_02_12_annual_address__p12,2026,2
Utsikter / fremoverskuende signal,Outlook / forward guidance,Valutakurs og eksterne forhold,Exchange rate and external conditions,Speech,https://www.norges-bank.no/en/news-events/news/Speeches/2026/2026-02-12-annual-address/,Norges Bank,2026-02-12,18:00,p,13,50,https___www_norges_bank_no_en_news_events_news_Speeches_2026_2026_02_12_annual_address_,https___www_norges_bank_no_en_news_events_news_Speeches_2026_2026_02_12_annual_address__p13,2026,2
Risiko / usikkerhet,Risk / uncertainty,Økonomisk aktivitet og arbeidsmarked,Economic activity and labor market,Speech,https://www.norges-bank.no/en/news-events/news/Speeches/2026/2026-02-12-annual-address/,Norges Bank,2026-02-12,18:00,p,14,28,https___www_norges_bank_no_en_news_events_news_Speeches_2026_2026_02_12_annual_address_,https___www_norges_bank_no_en_news_events_news_Speeches_2026_2026_02_12_annual_address__p14,2026,2
Utsikter / fremoverskuende signal,Outlook / forward guidance,Valutakurs og eksterne forhold,Exchange rate and external conditions,Speech,https://www.norges-bank.no/en/news-events/news/Speeches/2026/2026-02-12-annual-address/,Norges Bank,2026-02-12,18:00,p,15,44,https___www_norges_bank_no_en_news_events_news_Speeches_2026_2026_02_12_annual_address_,https___www_norges_bank_no_en_news_events_news_Speeches_2026_2026_02_12_annual_address__p15,2026,2
Utsikter / fremoverskuende signal,Outlook / forward guidance,Økonomisk aktivitet og arbeidsmarked,Economic activity and labor market,Speech,https://www.norges-bank.no/en/news-events/news/Speeches/2026/2026-02-12-annual-address/,Norges Bank,2026-02-12,18:00,p,16,29,https___www_norges_bank_no_en_news_events_news_Speeches_2026_2026_02_12_annual_address_,https___www_norges_bank_no_en_news_events_news_Speeches_2026_2026_02_12_annual_address__p16,2026,2
Utsikter / fremoverskuende signal,Outlook / forward guidance,Valutakurs og eksterne forhold,Exchange rate and external conditions,Speech,https://www.norges-bank.no/en/news-events/news/Speeches/2026/2026-02-12-annual-address/,Norges Bank,2026-02-12,18:00,p,17,52,https___www_norges_bank_no_en_news_events_news_Speeches_2026_2026_02_12_annual_address_,https___www_norges_bank_no_en_news_events_news_Speeches_2026_2026_02_12_annual_address__p17,2026,2
Utsikter / fremoverskuende signal,Outlook / forward guidance,Økonomisk aktivitet og arbeidsmarked,Economic activity and labor market,Speech,https://www.norges-bank.no/en/news-events/news/Speeches/2026/2026-02-12-annual-address/,Norges Bank,2026-02-12,18:00,p,18,12,https___www_norges_bank_no_en_news_events_news_Speeches_2026_2026_02_12_annual_address_,https___www_norges_bank_no_en_news_events_news_Speeches_2026_2026_02_12_annual_address__p18,2026,2
Institusjonelt ansvar / mandat,Institutional accountability / mandate,Økonomisk aktivitet og arbeidsmarked,Economic activity and labor market,Speech,https://www.norges-bank.no/en/news-events/news/Speeches/2026/2026-02-12-annual-address/,Norges Bank,2026-02-12,18:00,p,19,4,https___www_norges_bank_no_en_news_events_news_Speeches_2026_2026_02_12_annual_address_,https___www_norges_bank_no_en_news_events_news_Speeches_2026_2026_02_12_annual_address__p19,2026,2
Institusjonelt ansvar / mandat,Institutional accountability / mandate,Valutakurs og eksterne forhold,Exchange rate and external conditions,Speech,https://www.norges-bank.no/en/news-events/news/Speeches/2026/2026-02-12-annual-address/,Norges Bank,2026-02-12,18:00,p,20,13,https___www_norges_bank_no_en_news_events_news_Speeches_2026_2026_02_12_annual_address_,https___www_norges_bank_no_en_news_events_news_Speeches_2026_2026_02_12_annual_address__p20,2026,2
Økonomisk situasjonsbeskrivelse / diagnose,Economic assessment / diagnosis,Økonomisk aktivitet og arbeidsmarked,Economic activity and labor market,Speech,https://www.norges-bank.no/en/news-events/news/Speeches/2026/2026-02-12-annual-address/,Norges Bank,2026-02-12,18:00,p,21,54,https___www_norges_bank_no_en_news_events_news_Speeches_2026_2026_02_12_annual_address_,https___www_norges_bank_no_en_news_events_news_Speeches_2026_2026_02_12_annual_address__p21,2026,2
Utsikter / fremoverskuende signal,Outlook / forward guidance,Økonomisk aktivitet og arbeidsmarked,Economic activity and labor market,Speech,https://www.norges-bank.no/en/news-events/news/Speeches/2026/2026-02-12-annual-address/,Norges Bank,2026-02-12,18:00,p,22,6,https___www_norges_bank_no_en_news_events_news_Speeches_2026_2026_02_12_annual_address_,https___www_norges_bank_no_en_news_events_news_Speeches_2026_2026_02_12_annual_address__p22,2026,2
Utsikter / fremoverskuende signal,Outlook / forward guidance,Valutakurs og eksterne forhold,Exchange rate and external conditions,Speech,https://www.norges-bank.no/en/news-events/news/Speeches/2026/2026-02-12-annual-address/,Norges Bank,2026-02-12,18:00,p,23,5,https___www_norges_bank_no_en_news_events_news_Speeches_2026_2026_02_12_annual_address_,https___www_norges_bank_no_en_news_events_news_Speeches_2026_2026_02_12_annual_address__p23,2026,2
Økonomisk situasjonsbeskrivelse / diagnose,Economic assessment / diagnosis,Økonomisk aktivitet og arbeidsmarked,Economic activity and labor market,Speech,https://www.norges-bank.no/en/news-events/news/Speeches/2026/2026-02-12-annual-address/,Norges Bank,2026-02-12,18:00,p,24,56,https___www_norges_bank_no_en_news_events_news_Speeches_2026_2026_02_12_annual_address_,https___www_norges_bank_no_en_news_events_news_Speeches_2026_2026_02_12_annual_address__p24,2026,2
Utsikter / fremoverskuende signal,Outlook / forward guidance,Økonomisk aktivitet og arbeidsmarked,Economic activity and labor market,Speech,https://www.norges-bank.no/en/news-events/news/Speeches/2026/2026-02-12-annual-address/,Norges Bank,2026-02-12,18:00,p,25,27,https___www_norges_bank_no_en_news_events_news_Speeches_2026_2026_02_12_annual_address_,https___www_norges_bank_no_en_news_events_news_Speeches_2026_2026_02_12_annual_address__p25,2026,2
Risiko / usikkerhet,Risk / uncertainty,Annet / administrativt / ikke kodbar,Other / administrative / not codable,Speech,https://www.norges-bank.no/en/news-events/news/Speeches/2026/2026-02-12-annual-address/,Norges Bank,2026-02-12,18:00,p,26,26,https___www_norges_bank_no_en_news_events_news_Speeches_2026_2026_02_12_annual_address_,https___www_norges_bank_no_en_news_events_news_Speeches_2026_2026_02_12_annual_address__p26,2026,2
Risiko / usikkerhet,Risk / uncertainty,Økonomisk aktivitet og arbeidsmarked,Economic activity and labor market,Speech,https://www.norges-bank.no/en/news-events/news/Speeches/2026/2026-02-12-annual-address/,Norges Bank,2026-02-12,18:00,p,27,78,https___www_norges_bank_no_en_news_events_news_Speeches_2026_2026_02_12_annual_address_,https___www_norges_bank_no_en_news_events_news_Speeches_2026_2026_02_12_annual_address__p27,2026,2
Risiko / usikkerhet,Risk / uncertainty,Økonomisk aktivitet og arbeidsmarked,Economic activity and labor market,Speech,https://www.norges-bank.no/en/news-events/news/Speeches/2026/2026-02-12-annual-address/,Norges Bank,2026-02-12,18:00,p,28,25,https___www_norges_bank_no_en_news_events_news_Speeches_2026_2026_02_12_annual_address_,https___www_norges_bank_no_en_news_events_news_Speeches_2026_2026_02_12_annual_address__p28,2026,2
Risiko / usikkerhet,Risk / uncertainty,Annet / administrativt / ikke kodbar,Other / administrative / not codable,Speech,https://www.norges-bank.no/en/news-events/news/Speeches/2026/2026-02-12-annual-address/,Norges Bank,2026-02-12,18:00,p,29,19,https___www_norges_bank_no_en_news_events_news_Speeches_2026_2026_02_12_annual_address_,https___www_norges_bank_no_en_news_events_news_Speeches_2026_2026_02_12_annual_address__p29,2026,2
Risiko / usikkerhet,Risk / uncertainty,Valutakurs og eksterne forhold,Exchange rate and external conditions,Speech,https://www.norges-bank.no/en/news-events/news/Speeches/2026/2026-02-12-annual-address/,Norges Bank,2026-02-12,18:00,p,30,20,https___www_norges_bank_no_en_news_events_news_Speeches_2026_2026_02_12_annual_address_,https___www_norges_bank_no_en_news_events_news_Speeches_2026_2026_02_12_annual_address__p30,2026,2
Utsikter / fremoverskuende signal,Outlook / forward guidance,Økonomisk aktivitet og arbeidsmarked,Economic activity and labor market,Speech,https://www.norges-bank.no/en/news-events/news/Speeches/2026/2026-02-12-annual-address/,Norges Bank,2026-02-12,18:00,p,31,83,https___www_norges_bank_no_en_news_events_news_Speeches_2026_2026_02_12_annual_address_,https___www_norges_bank_no_en_news_events_news_Speeches_2026_2026_02_12_annual_address__p31,2026,2
Risiko / usikkerhet,Risk / uncertainty,Økonomisk aktivitet og arbeidsmarked,Economic activity and labor market,Speech,https://www.norges-bank.no/en/news-events/news/Speeches/2026/2026-02-12-annual-address/,Norges Bank,2026-02-12,18:00,p,32,37,https___www_norges_bank_no_en_news_events_news_Speeches_2026_2026_02_12_annual_address_,https___www_norges_bank_no_en_news_events_news_Speeches_2026_2026_02_12_annual_address__p32,2026,2
Utsikter / fremoverskuende signal,Outlook / forward guidance,Økonomisk aktivitet og arbeidsmarked,Economic activity and labor market,Speech,https://www.norges-bank.no/en/news-events/news/Speeches/2026/2026-02-12-annual-address/,Norges Bank,2026-02-12,18:00,p,33,30,https___www_norges_bank_no_en_news_events_news_Speeches_2026_2026_02_12_annual_address_,https___www_norges_bank_no_en_news_events_news_Speeches_2026_2026_02_12_annual_address__p33,2026,2
Økonomisk situasjonsbeskrivelse / diagnose,Economic assessment / diagnosis,Økonomisk aktivitet og arbeidsmarked,Economic activity and labor market,Speech,https://www.norges-bank.no/en/news-events/news/Speeches/2026/2026-02-12-annual-address/,Norges Bank,2026-02-12,18:00,p,34,40,https___www_norges_bank_no_en_news_events_news_Speeches_2026_2026_02_12_annual_address_,https___www_norges_bank_no_en_news_events_news_Speeches_2026_2026_02_12_annual_address__p34,2026,2
Utsikter / fremoverskuende signal,Outlook / forward guidance,Økonomisk aktivitet og arbeidsmarked,Economic activity and labor market,Speech,https://www.norges-bank.no/en/news-events/news/Speeches/2026/2026-02-12-annual-address/,Norges Bank,2026-02-12,18:00,p,35,63,https___www_norges_bank_no_en_news_events_news_Speeches_2026_2026_02_12_annual_address_,https___www_norges_bank_no_en_news_events_news_Speeches_2026_2026_02_12_annual_address__p35,2026,2
Utsikter / fremoverskuende signal,Outlook / forward guidance,Økonomisk aktivitet og arbeidsmarked,Economic activity and labor market,Speech,https://www.norges-bank.no/en/news-events/news/Speeches/2026/2026-02-12-annual-address/,Norges Bank,2026-02-12,18:00,p,36,38,https___www_norges_bank_no_en_news_events_news_Speeches_2026_2026_02_12_annual_address_,https___www_norges_bank_no_en_news_events_news_Speeches_2026_2026_02_12_annual_address__p36,2026,2
Utsikter / fremoverskuende signal,Outlook / forward guidance,Økonomisk aktivitet og arbeidsmarked,Economic activity and labor market,Speech,https://www.norges-bank.no/en/news-events/news/Speeches/2026/2026-02-12-annual-address/,Norges Bank,2026-02-12,18:00,p,37,11,https___www_norges_bank_no_en_news_events_news_Speeches_2026_2026_02_12_annual_address_,https___www_norges_bank_no_en_news_events_news_Speeches_2026_2026_02_12_annual_address__p37,2026,2
Utsikter / fremoverskuende signal,Outlook / forward guidance,Økonomisk aktivitet og arbeidsmarked,Economic activity and labor market,Speech,https://www.norges-bank.no/en/news-events/news/Speeches/2026/2026-02-12-annual-address/,Norges Bank,2026-02-12,18:00,p,39,122,https___www_norges_bank_no_en_news_events_news_Speeches_2026_2026_02_12_annual_address_,https___www_norges_bank_no_en_news_events_news_Speeches_2026_2026_02_12_annual_address__p39,2026,2
Utsikter / fremoverskuende signal,Outlook / forward guidance,Økonomisk aktivitet og arbeidsmarked,Economic activity and labor market,Speech,https://www.norges-bank.no/en/news-events/news/Speeches/2026/2026-02-12-annual-address/,Norges Bank,2026-02-12,18:00,p,40,49,https___www_norges_bank_no_en_news_events_news_Speeches_2026_2026_02_12_annual_address_,https___www_norges_bank_no_en_news_events_news_Speeches_2026_2026_02_12_annual_address__p40,2026,2
Utsikter / fremoverskuende signal,Outlook / forward guidance,Rente og pengepolitisk linje,Interest rates and monetary stance,Speech,https://www.norges-bank.no/en/news-events/news/Speeches/2026/2026-02-12-annual-address/,Norges Bank,2026-02-12,18:00,p,41,23,https___www_norges_bank_no_en_news_events_news_Speeches_2026_2026_02_12_annual_address_,https___www_norges_bank_no_en_news_events_news_Speeches_2026_2026_02_12_annual_address__p41,2026,2
Utsikter / fremoverskuende signal,Outlook / forward guidance,Økonomisk aktivitet og arbeidsmarked,Economic activity and labor market,Speech,https://www.norges-bank.no/en/news-events/news/Speeches/2026/2026-02-12-annual-address/,Norges Bank,2026-02-12,18:00,p,42,38,https___www_norges_bank_no_en_news_events_news_Speeches_2026_2026_02_12_annual_address_,https___www_norges_bank_no_en_news_events_news_Speeches_2026_2026_02_12_annual_address__p42,2026,2
Utsikter / fremoverskuende signal,Outlook / forward guidance,Inflasjon og priser,Inflation and prices,Speech,https://www.norges-bank.no/en/news-events/news/Speeches/2026/2026-02-12-annual-address/,Norges Bank,2026-02-12,18:00,p,43,60,https___www_norges_bank_no_en_news_events_news_Speeches_2026_2026_02_12_annual_address_,https___www_norges_bank_no_en_news_events_news_Speeches_2026_2026_02_12_annual_address__p43,2026,2
Utsikter / fremoverskuende signal,Outlook / forward guidance,Økonomisk aktivitet og arbeidsmarked,Economic activity and labor market,Speech,https://www.norges-bank.no/en/news-events/news/Speeches/2026/2026-02-12-annual-address/,Norges Bank,2026-02-12,18:00,p,44,26,https___www_norges_bank_no_en_news_events_news_Speeches_2026_2026_02_12_annual_address_,https___www_norges_bank_no_en_news_events_news_Speeches_2026_2026_02_12_annual_address__p44,2026,2
Utsikter / fremoverskuende signal,Outlook / forward guidance,Økonomisk aktivitet og arbeidsmarked,Economic activity and labor market,Speech,https://www.norges-bank.no/en/news-events/news/Speeches/2026/2026-02-12-annual-address/,Norges Bank,2026-02-12,18:00,p,45,55,https___www_norges_bank_no_en_news_events_news_Speeches_2026_2026_02_12_annual_address_,https___www_norges_bank_no_en_news_events_news_Speeches_2026_2026_02_12_annual_address__p45,2026,2
Politikkforklaring / begrunnelse,Policy explanation / justification,Økonomisk aktivitet og arbeidsmarked,Economic activity and labor market,Speech,https://www.norges-bank.no/en/news-events/news/Speeches/2026/2026-02-12-annual-address/,Norges Bank,2026-02-12,18:00,p,46,57,https___www_norges_bank_no_en_news_events_news_Speeches_2026_2026_02_12_annual_address_,https___www_norges_bank_no_en_news_events_news_Speeches_2026_2026_02_12_annual_address__p46,2026,2
Utsikter / fremoverskuende signal,Outlook / forward guidance,Økonomisk aktivitet og arbeidsmarked,Economic activity and labor market,Speech,https://www.norges-bank.no/en/news-events/news/Speeches/2026/2026-02-12-annual-address/,Norges Bank,2026-02-12,18:00,p,47,47,https___www_norges_bank_no_en_news_events_news_Speeches_2026_2026_02_12_annual_address_,https___www_norges_bank_no_en_news_events_news_Speeches_2026_2026_02_12_annual_address__p47,2026,2
Utsikter / fremoverskuende signal,Outlook / forward guidance,Finansiell stabilitet og bank,Financial stability and banking,Speech,https://www.norges-bank.no/en/news-events/news/Speeches/2026/2026-02-12-annual-address/,Norges Bank,2026-02-12,18:00,p,48,43,https___www_norges_bank_no_en_news_events_news_Speeches_2026_2026_02_12_annual_address_,https___www_norges_bank_no_en_news_events_news_Speeches_2026_2026_02_12_annual_address__p48,2026,2
Institusjonelt ansvar / mandat,Institutional accountability / mandate,Valutakurs og eksterne forhold,Exchange rate and external conditions,Speech,https://www.norges-bank.no/en/news-events/news/Speeches/2026/2026-02-12-annual-address/,Norges Bank,2026-02-12,18:00,p,49,156,https___www_norges_bank_no_en_news_events_news_Speeches_2026_2026_02_12_annual_address_,https___www_norges_bank_no_en_news_events_news_Speeches_2026_2026_02_12_annual_address__p49,2026,2
Institusjonelt ansvar / mandat,Institutional accountability / mandate,Annet / administrativt / ikke kodbar,Other / administrative / not codable,Speech,https://www.norges-bank.no/en/news-events/news/Speeches/2026/2026-02-12-annual-address/,Norges Bank,2026-02-12,18:00,p,50,103,https___www_norges_bank_no_en_news_events_news_Speeches_2026_2026_02_12_annual_address_,https___www_norges_bank_no_en_news_events_news_Speeches_2026_2026_02_12_annual_address__p50,2026,2
Institusjonelt ansvar / mandat,Institutional accountability / mandate,Finansiell stabilitet og bank,Financial stability and banking,Speech,https://www.norges-bank.no/en/news-events/news/Speeches/2026/2026-02-12-annual-address/,Norges Bank,2026-02-12,18:00,p,51,93,https___www_norges_bank_no_en_news_events_news_Speeches_2026_2026_02_12_annual_address_,https___www_norges_bank_no_en_news_events_news_Speeches_2026_2026_02_12_annual_address__p51,2026,2
Utsikter / fremoverskuende signal,Outlook / forward guidance,Finansiell stabilitet og bank,Financial stability and banking,Speech,https://www.norges-bank.no/en/news-events/news/Speeches/2026/2026-02-12-annual-address/,Norges Bank,2026-02-12,18:00,p,52,62,https___www_norges_bank_no_en_news_events_news_Speeches_2026_2026_02_12_annual_address_,https___www_norges_bank_no_en_news_events_news_Speeches_2026_2026_02_12_annual_address__p52,2026,2
Risiko / usikkerhet,Risk / uncertainty,Finansiell stabilitet og bank,Financial stability and banking,Speech,https://www.norges-bank.no/en/news-events/news/Speeches/2026/2026-02-12-annual-address/,Norges Bank,2026-02-12,18:00,p,53,117,https___www_norges_bank_no_en_news_events_news_Speeches_2026_2026_02_12_annual_address_,https___www_norges_bank_no_en_news_events_news_Speeches_2026_2026_02_12_annual_address__p53,2026,2
Risiko / usikkerhet,Risk / uncertainty,Valutakurs og eksterne forhold,Exchange rate and external conditions,Speech,https://www.norges-bank.no/en/news-events/news/Speeches/2026/2026-02-12-annual-address/,Norges Bank,2026-02-12,18:00,p,54,12,https___www_norges_bank_no_en_news_events_news_Speeches_2026_2026_02_12_annual_address_,https___www_norges_bank_no_en_news_events_news_Speeches_2026_2026_02_12_annual_address__p54,2026,2
Politikkforklaring / begrunnelse,Policy explanation / justification,Finansiell stabilitet og bank,Financial stability and banking,Speech,https://www.norges-bank.no/en/news-events/news/Speeches/2026/2026-02-12-annual-address/,Norges Bank,2026-02-12,18:00,p,55,83,https___www_norges_bank_no_en_news_events_news_Speeches_2026_2026_02_12_annual_address_,https___www_norges_bank_no_en_news_events_news_Speeches_2026_2026_02_12_annual_address__p55,2026,2
Annet / administrativt / ikke kodbar,Other / administrative / not codable,Valutakurs og eksterne forhold,Exchange rate and external conditions,Speech,https://www.norges-bank.no/en/news-events/news/Speeches/2026/2026-02-12-annual-address/,Norges Bank,2026-02-12,18:00,p,56,6,https___www_norges_bank_no_en_news_events_news_Speeches_2026_2026_02_12_annual_address_,https___www_norges_bank_no_en_news_events_news_Speeches_2026_2026_02_12_annual_address__p56,2026,2
Annet / administrativt / ikke kodbar,Other / administrative / not codable,Finansiell stabilitet og bank,Financial stability and banking,Speech,https://www.norges-bank.no/en/news-events/news/Speeches/2026/2026-02-12-annual-address/,Norges Bank,2026-02-12,18:00,p,57,7,https___www_norges_bank_no_en_news_events_news_Speeches_2026_2026_02_12_annual_address_,https___www_norges_bank_no_en_news_events_news_Speeches_2026_2026_02_12_annual_address__p57,2026,2
Politikkforklaring / begrunnelse,Policy explanation / justification,Finansiell stabilitet og bank,Financial stability and banking,Speech,https://www.norges-bank.no/en/news-events/news/Speeches/2026/2026-02-12-annual-address/,Norges Bank,2026-02-12,18:00,p,58,77,https___www_norges_bank_no_en_news_events_news_Speeches_2026_2026_02_12_annual_address_,https___www_norges_bank_no_en_news_events_news_Speeches_2026_2026_02_12_annual_address__p58,2026,2
Utsikter / fremoverskuende signal,Outlook / forward guidance,Finansiell stabilitet og bank,Financial stability and banking,Speech,https://www.norges-bank.no/en/news-events/news/Speeches/2026/2026-02-12-annual-address/,Norges Bank,2026-02-12,18:00,p,59,60,https___www_norges_bank_no_en_news_events_news_Speeches_2026_2026_02_12_annual_address_,https___www_norges_bank_no_en_news_events_news_Speeches_2026_2026_02_12_annual_address__p59,2026,2
Utsikter / fremoverskuende signal,Outlook / forward guidance,Finansiell stabilitet og bank,Financial stability and banking,Speech,https://www.norges-bank.no/en/news-events/news/Speeches/2026/2026-02-12-annual-address/,Norges Bank,2026-02-12,18:00,p,60,60,https___www_norges_bank_no_en_news_events_news_Speeches_2026_2026_02_12_annual_address_,https___www_norges_bank_no_en_news_events_news_Speeches_2026_2026_02_12_annual_address__p60,2026,2
Utsikter / fremoverskuende signal,Outlook / forward guidance,Økonomisk aktivitet og arbeidsmarked,Economic activity and labor market,Speech,https://www.norges-bank.no/en/news-events/news/Speeches/2026/2026-02-12-annual-address/,Norges Bank,2026-02-12,18:00,p,61,15,https___www_norges_bank_no_en_news_events_news_Speeches_2026_2026_02_12_annual_address_,https___www_norges_bank_no_en_news_events_news_Speeches_2026_2026_02_12_annual_address__p61,2026,2
Utsikter / fremoverskuende signal,Outlook / forward guidance,Valutakurs og eksterne forhold,Exchange rate and external conditions,Speech,https://www.norges-bank.no/en/news-events/news/Speeches/2026/2026-02-12-annual-address/,Norges Bank,2026-02-12,18:00,p,62,65,https___www_norges_bank_no_en_news_events_news_Speeches_2026_2026_02_12_annual_address_,https___www_norges_bank_no_en_news_events_news_Speeches_2026_2026_02_12_annual_address__p62,2026,2
Risiko / usikkerhet,Risk / uncertainty,Finansiell stabilitet og bank,Financial stability and banking,Speech,https://www.norges-bank.no/en/news-events/news/Speeches/2026/2026-02-12-annual-address/,Norges Bank,2026-02-12,18:00,p,63,53,https___www_norges_bank_no_en_news_events_news_Speeches_2026_2026_02_12_annual_address_,https___www_norges_bank_no_en_news_events_news_Speeches_2026_2026_02_12_annual_address__p63,2026,2
Institusjonelt ansvar / mandat,Institutional accountability / mandate,Finansiell stabilitet og bank,Financial stability and banking,Speech,https://www.norges-bank.no/en/news-events/news/Speeches/2026/2026-02-12-annual-address/,Norges Bank,2026-02-12,18:00,p,64,75,https___www_norges_bank_no_en_news_events_news_Speeches_2026_2026_02_12_annual_address_,https___www_norges_bank_no_en_news_events_news_Speeches_2026_2026_02_12_annual_address__p64,2026,2
Institusjonelt ansvar / mandat,Institutional accountability / mandate,Finansiell stabilitet og bank,Financial stability and banking,Speech,https://www.norges-bank.no/en/news-events/news/Speeches/2026/2026-02-12-annual-address/,Norges Bank,2026-02-12,18:00,p,65,92,https___www_norges_bank_no_en_news_events_news_Speeches_2026_2026_02_12_annual_address_,https___www_norges_bank_no_en_news_events_news_Speeches_2026_2026_02_12_annual_address__p65,2026,2
Utsikter / fremoverskuende signal,Outlook / forward guidance,Valutakurs og eksterne forhold,Exchange rate and external conditions,Speech,https://www.norges-bank.no/en/news-events/news/Speeches/2026/2026-02-12-annual-address/,Norges Bank,2026-02-12,18:00,p,66,61,https___www_norges_bank_no_en_news_events_news_Speeches_2026_2026_02_12_annual_address_,https___www_norges_bank_no_en_news_events_news_Speeches_2026_2026_02_12_annual_address__p66,2026,2
Utsikter / fremoverskuende signal,Outlook / forward guidance,Finansiell stabilitet og bank,Financial stability and banking,Speech,https://www.norges-bank.no/en/news-events/news/Speeches/2026/2026-02-12-annual-address/,Norges Bank,2026-02-12,18:00,p,67,75,https___www_norges_bank_no_en_news_events_news_Speeches_2026_2026_02_12_annual_address_,https___www_norges_bank_no_en_news_events_news_Speeches_2026_2026_02_12_annual_address__p67,2026,2
Institusjonelt ansvar / mandat,Institutional accountability / mandate,Valutakurs og eksterne forhold,Exchange rate and external conditions,Speech,https://www.norges-bank.no/en/news-events/news/Speeches/2026/2026-02-12-annual-address/,Norges Bank,2026-02-12,18:00,p,68,53,https___www_norges_bank_no_en_news_events_news_Speeches_2026_2026_02_12_annual_address_,https___www_norges_bank_no_en_news_events_news_Speeches_2026_2026_02_12_annual_address__p68,2026,2
Institusjonelt ansvar / mandat,Institutional accountability / mandate,Finansiell stabilitet og bank,Financial stability and banking,Speech,https://www.norges-bank.no/en/news-events/news/Speeches/2026/2026-02-12-annual-address/,Norges Bank,2026-02-12,18:00,p,69,90,https___www_norges_bank_no_en_news_events_news_Speeches_2026_2026_02_12_annual_address_,https___www_norges_bank_no_en_news_events_news_Speeches_2026_2026_02_12_annual_address__p69,2026,2
Institusjonelt ansvar / mandat,Institutional accountability / mandate,Rente og pengepolitisk linje,Interest rates and monetary stance,Speech,https://www.norges-bank.no/en/news-events/news/Speeches/2026/2026-02-12-annual-address/,Norges Bank,2026-02-12,18:00,p,70,58,https___www_norges_bank_no_en_news_events_news_Speeches_2026_2026_02_12_annual_address_,https___www_norges_bank_no_en_news_events_news_Speeches_2026_2026_02_12_annual_address__p70,2026,2
Institusjonelt ansvar / mandat,Institutional accountability / mandate,Rente og pengepolitisk linje,Interest rates and monetary stance,Speech,https://www.norges-bank.no/en/news-events/news/Speeches/2026/2026-02-12-annual-address/,Norges Bank,2026-02-12,18:00,p,71,58,https___www_norges_bank_no_en_news_events_news_Speeches_2026_2026_02_12_annual_address_,https___www_norges_bank_no_en_news_events_news_Speeches_2026_2026_02_12_annual_address__p71,2026,2
Institusjonelt ansvar / mandat,Institutional accountability / mandate,Økonomisk aktivitet og arbeidsmarked,Economic activity and labor market,Speech,https://www.norges-bank.no/en/news-events/news/Speeches/2026/2026-02-12-annual-address/,Norges Bank,2026-02-12,18:00,p,72,132,https___www_norges_bank_no_en_news_events_news_Speeches_2026_2026_02_12_annual_address_,https___www_norges_bank_no_en_news_events_news_Speeches_2026_2026_02_12_annual_address__p72,2026,2
Institusjonelt ansvar / mandat,Institutional accountability / mandate,Rente og pengepolitisk linje,Interest rates and monetary stance,Speech,https://www.norges-bank.no/en/news-events/news/Speeches/2026/2026-02-12-annual-address/,Norges Bank,2026-02-12,18:00,p,73,28,https___www_norges_bank_no_en_news_events_news_Speeches_2026_2026_02_12_annual_address_,https___www_norges_bank_no_en_news_events_news_Speeches_2026_2026_02_12_annual_address__p73,2026,2
Institusjonelt ansvar / mandat,Institutional accountability / mandate,Økonomisk aktivitet og arbeidsmarked,Economic activity and labor market,Speech,https://www.norges-bank.no/en/news-events/news/Speeches/2026/2026-02-12-annual-address/,Norges Bank,2026-02-12,18:00,p,74,38,https___www_norges_bank_no_en_news_events_news_Speeches_2026_2026_02_12_annual_address_,https___www_norges_bank_no_en_news_events_news_Speeches_2026_2026_02_12_annual_address__p74,2026,2
Institusjonelt ansvar / mandat,Institutional accountability / mandate,Annet / administrativt / ikke kodbar,Other / administrative / not codable,Speech,https://www.norges-bank.no/en/news-events/news/Speeches/2026/2026-02-12-annual-address/,Norges Bank,2026-02-12,18:00,p,75,41,https___www_norges_bank_no_en_news_events_news_Speeches_2026_2026_02_12_annual_address_,https___www_norges_bank_no_en_news_events_news_Speeches_2026_2026_02_12_annual_address__p75,2026,2
Institusjonelt ansvar / mandat,Institutional accountability / mandate,Rente og pengepolitisk linje,Interest rates and monetary stance,Speech,https://www.norges-bank.no/en/news-events/news/Speeches/2026/2026-02-12-annual-address/,Norges Bank,2026-02-12,18:00,p,76,102,https___www_norges_bank_no_en_news_events_news_Speeches_2026_2026_02_12_annual_address_,https___www_norges_bank_no_en_news_events_news_Speeches_2026_2026_02_12_annual_address__p76,2026,2
Utsikter / fremoverskuende signal,Outlook / forward guidance,Inflasjon og priser,Inflation and prices,Speech,https://www.norges-bank.no/en/news-events/news/Speeches/2026/2026-02-12-annual-address/,Norges Bank,2026-02-12,18:00,p,77,3,https___www_norges_bank_no_en_news_events_news_Speeches_2026_2026_02_12_annual_address_,https___www_norges_bank_no_en_news_events_news_Speeches_2026_2026_02_12_annual_address__p77,2026,2
Økonomisk situasjonsbeskrivelse / diagnose,Economic assessment / diagnosis,Økonomisk aktivitet og arbeidsmarked,Economic activity and labor market,Speech,https://www.norges-bank.no/en/news-events/news/Speeches/2026/2026-02-12-annual-address/,Norges Bank,2026-02-12,18:00,p,78,3,https___www_norges_bank_no_en_news_events_news_Speeches_2026_2026_02_12_annual_address_,https___www_norges_bank_no_en_news_events_news_Speeches_2026_2026_02_12_annual_address__p78,2026,2
Politikkforklaring / begrunnelse,Policy explanation / justification,Inflasjon og priser,Inflation and prices,Speech,https://www.norges-bank.no/en/news-events/news/Speeches/2026/2026-02-12-annual-address/,Norges Bank,2026-02-12,18:00,p,79,47,https___www_norges_bank_no_en_news_events_news_Speeches_2026_2026_02_12_annual_address_,https___www_norges_bank_no_en_news_events_news_Speeches_2026_2026_02_12_annual_address__p79,2026,2
Politikkforklaring / begrunnelse,Policy explanation / justification,Inflasjon og priser,Inflation and prices,Speech,https://www.norges-bank.no/en/news-events/news/Speeches/2026/2026-02-12-annual-address/,Norges Bank,2026-02-12,18:00,p,80,67,https___www_norges_bank_no_en_news_events_news_Speeches_2026_2026_02_12_annual_address_,https___www_norges_bank_no_en_news_events_news_Speeches_2026_2026_02_12_annual_address__p80,2026,2
Utsikter / fremoverskuende signal,Outlook / forward guidance,Annet / administrativt / ikke kodbar,Other / administrative / not codable,Speech,https://www.norges-bank.no/en/news-events/news/Speeches/2026/2026-02-12-annual-address/,Norges Bank,2026-02-12,18:00,p,81,3,https___www_norges_bank_no_en_news_events_news_Speeches_2026_2026_02_12_annual_address_,https___www_norges_bank_no_en_news_events_news_Speeches_2026_2026_02_12_annual_address__p81,2026,2
Risiko / usikkerhet,Risk / uncertainty,Valutakurs og eksterne forhold,Exchange rate and external conditions,Speech,https://www.norges-bank.no/en/news-events/news/Speeches/2026/2026-02-12-annual-address/,Norges Bank,2026-02-12,18:00,p,82,6,https___www_norges_bank_no_en_news_events_news_Speeches_2026_2026_02_12_annual_address_,https___www_norges_bank_no_en_news_events_news_Speeches_2026_2026_02_12_annual_address__p82,2026,2
Politikkforklaring / begrunnelse,Policy explanation / justification,Finansiell stabilitet og bank,Financial stability and banking,Speech,https://www.norges-bank.no/en/news-events/news/Speeches/2026/2026-02-12-annual-address/,Norges Bank,2026-02-12,18:00,p,83,44,https___www_norges_bank_no_en_news_events_news_Speeches_2026_2026_02_12_annual_address_,https___www_norges_bank_no_en_news_events_news_Speeches_2026_2026_02_12_annual_address__p83,2026,2
Institusjonelt ansvar / mandat,Institutional accountability / mandate,Finansiell stabilitet og bank,Financial stability and banking,Speech,https://www.norges-bank.no/en/news-events/news/Speeches/2026/2026-02-12-annual-address/,Norges Bank,2026-02-12,18:00,p,84,62,https___www_norges_bank_no_en_news_events_news_Speeches_2026_2026_02_12_annual_address_,https___www_norges_bank_no_en_news_events_news_Speeches_2026_2026_02_12_annual_address__p84,2026,2
Utsikter / fremoverskuende signal,Outlook / forward guidance,Rente og pengepolitisk linje,Interest rates and monetary stance,Speech,https://www.norges-bank.no/en/news-events/news/Speeches/2026/2026-02-12-annual-address/,Norges Bank,2026-02-12,18:00,p,85,61,https___www_norges_bank_no_en_news_events_news_Speeches_2026_2026_02_12_annual_address_,https___www_norges_bank_no_en_news_events_news_Speeches_2026_2026_02_12_annual_address__p85,2026,2
Annet / administrativt / ikke kodbar,Other / administrative / not codable,Annet / administrativt / ikke kodbar,Other / administrative / not codable,Speech,https://www.norges-bank.no/en/news-events/news/Speeches/2026/2026-02-12-annual-address/,Norges Bank,2026-02-12,18:00,p,86,5,https___www_norges_bank_no_en_news_events_news_Speeches_2026_2026_02_12_annual_address_,https___www_norges_bank_no_en_news_events_news_Speeches_2026_2026_02_12_annual_address__p86,2026,2
Institusjonelt ansvar / mandat,Institutional accountability / mandate,Rente og pengepolitisk linje,Interest rates and monetary stance,Speech,https://www.norges-bank.no/en/news-events/news/Speeches/2026/2026-01-29-ocbm/,Norges Bank,2026-02-02,12:05,li,5,6,https___www_norges_bank_no_en_news_events_news_Speeches_2026_2026_01_29_ocbm_,https___www_norges_bank_no_en_news_events_news_Speeches_2026_2026_01_29_ocbm__p5,2026,2
Institusjonelt ansvar / mandat,Institutional accountability / mandate,Valutakurs og eksterne forhold,Exchange rate and external conditions,Speech,https://www.norges-bank.no/en/news-events/news/Speeches/2026/2026-01-29-ocbm/,Norges Bank,2026-02-02,12:05,p,6,24,https___www_norges_bank_no_en_news_events_news_Speeches_2026_2026_01_29_ocbm_,https___www_norges_bank_no_en_news_events_news_Speeches_2026_2026_01_29_ocbm__p6,2026,2
Utsikter / fremoverskuende signal,Outlook / forward guidance,Rente og pengepolitisk linje,Interest rates and monetary stance,Speech,https://www.norges-bank.no/en/news-events/news/Speeches/2026/2026-01-22-pc/,Norges Bank,2026-01-22,10:30,li,5,4,https___www_norges_bank_no_en_news_events_news_Speeches_2026_2026_01_22_pc_,https___www_norges_bank_no_en_news_events_news_Speeches_2026_2026_01_22_pc__p5,2026,1
Institusjonelt ansvar / mandat,Institutional accountability / mandate,Rente og pengepolitisk linje,Interest rates and monetary stance,Speech,https://www.norges-bank.no/en/news-events/news/Speeches/2026/2026-01-22-pc/,Norges Bank,2026-01-22,10:30,p,6,22,https___www_norges_bank_no_en_news_events_news_Speeches_2026_2026_01_22_pc_,https___www_norges_bank_no_en_news_events_news_Speeches_2026_2026_01_22_pc__p6,2026,1
Politikkforklaring / begrunnelse,Policy explanation / justification,Rente og pengepolitisk linje,Interest rates and monetary stance,Speech,https://www.norges-bank.no/en/news-events/news/Speeches/2026/2026-01-22-pc/,Norges Bank,2026-01-22,10:30,p,8,6,https___www_norges_bank_no_en_news_events_news_Speeches_2026_2026_01_22_pc_,https___www_norges_bank_no_en_news_events_news_Speeches_2026_2026_01_22_pc__p8,2026,1
Utsikter / fremoverskuende signal,Outlook / forward guidance,Rente og pengepolitisk linje,Interest rates and monetary stance,Speech,https://www.norges-bank.no/en/news-events/news/Speeches/2026/2026-01-22-pc/,Norges Bank,2026-01-22,10:30,p,9,38,https___www_norges_bank_no_en_news_events_news_Speeches_2026_2026_01_22_pc_,https___www_norges_bank_no_en_news_events_news_Speeches_2026_2026_01_22_pc__p9,2026,1
Institusjonelt ansvar / mandat,Institutional accountability / mandate,Økonomisk aktivitet og arbeidsmarked,Economic activity and labor market,Speech,https://www.norges-bank.no/en/news-events/news/Speeches/2026/2026-01-22-pc/,Norges Bank,2026-01-22,10:30,p,10,39,https___www_norges_bank_no_en_news_events_news_Speeches_2026_2026_01_22_pc_,https___www_norges_bank_no_en_news_events_news_Speeches_2026_2026_01_22_pc__p10,2026,1
Politikkforklaring / begrunnelse,Policy explanation / justification,Rente og pengepolitisk linje,Interest rates and monetary stance,Speech,https://www.norges-bank.no/en/news-events/news/Speeches/2026/2026-01-22-pc/,Norges Bank,2026-01-22,10:30,p,11,58,https___www_norges_bank_no_en_news_events_news_Speeches_2026_2026_01_22_pc_,https___www_norges_bank_no_en_news_events_news_Speeches_2026_2026_01_22_pc__p11,2026,1
Politikkforklaring / begrunnelse,Policy explanation / justification,Inflasjon og priser,Inflation and prices,Speech,https://www.norges-bank.no/en/news-events/news/Speeches/2026/2026-01-22-pc/,Norges Bank,2026-01-22,10:30,p,12,54,https___www_norges_bank_no_en_news_events_news_Speeches_2026_2026_01_22_pc_,https___www_norges_bank_no_en_news_events_news_Speeches_2026_2026_01_22_pc__p12,2026,1
Institusjonelt ansvar / mandat,Institutional accountability / mandate,Annet / administrativt / ikke kodbar,Other / administrative / not codable,Speech,https://www.norges-bank.no/en/news-events/news/Speeches/2026/2026-01-22-pc/,Norges Bank,2026-01-22,10:30,p,13,13,https___www_norges_bank_no_en_news_events_news_Speeches_2026_2026_01_22_pc_,https___www_norges_bank_no_en_news_events_news_Speeches_2026_2026_01_22_pc__p13,2026,1
Risiko / usikkerhet,Risk / uncertainty,Valutakurs og eksterne forhold,Exchange rate and external conditions,Speech,https://www.norges-bank.no/en/news-events/news/Speeches/2026/2026-01-22-pc/,Norges Bank,2026-01-22,10:30,p,14,79,https___www_norges_bank_no_en_news_events_news_Speeches_2026_2026_01_22_pc_,https___www_norges_bank_no_en_news_events_news_Speeches_2026_2026_01_22_pc__p14,2026,1
Utsikter / fremoverskuende signal,Outlook / forward guidance,Inflasjon og priser,Inflation and prices,Speech,https://www.norges-bank.no/en/news-events/news/Speeches/2026/2026-01-22-pc/,Norges Bank,2026-01-22,10:30,p,15,7,https___www_norges_bank_no_en_news_events_news_Speeches_2026_2026_01_22_pc_,https___www_norges_bank_no_en_news_events_news_Speeches_2026_2026_01_22_pc__p15,2026,1
Økonomisk situasjonsbeskrivelse / diagnose,Economic assessment / diagnosis,Inflasjon og priser,Inflation and prices,Speech,https://www.norges-bank.no/en/news-events/news/Speeches/2026/2026-01-22-pc/,Norges Bank,2026-01-22,10:30,p,16,77,https___www_norges_bank_no_en_news_events_news_Speeches_2026_2026_01_22_pc_,https___www_norges_bank_no_en_news_events_news_Speeches_2026_2026_01_22_pc__p16,2026,1
Økonomisk situasjonsbeskrivelse / diagnose,Economic assessment / diagnosis,Økonomisk aktivitet og arbeidsmarked,Economic activity and labor market,Speech,https://www.norges-bank.no/en/news-events/news/Speeches/2026/2026-01-22-pc/,Norges Bank,2026-01-22,10:30,p,17,9,https___www_norges_bank_no_en_news_events_news_Speeches_2026_2026_01_22_pc_,https___www_norges_bank_no_en_news_events_news_Speeches_2026_2026_01_22_pc__p17,2026,1
Økonomisk situasjonsbeskrivelse / diagnose,Economic assessment / diagnosis,Økonomisk aktivitet og arbeidsmarked,Economic activity and labor market,Speech,https://www.norges-bank.no/en/news-events/news/Speeches/2026/2026-01-22-pc/,Norges Bank,2026-01-22,10:30,p,18,49,https___www_norges_bank_no_en_news_events_news_Speeches_2026_2026_01_22_pc_,https___www_norges_bank_no_en_news_events_news_Speeches_2026_2026_01_22_pc__p18,2026,1
Utsikter / fremoverskuende signal,Outlook / forward guidance,Rente og pengepolitisk linje,Interest rates and monetary stance,Speech,https://www.norges-bank.no/en/news-events/news/Speeches/2026/2026-01-22-pc/,Norges Bank,2026-01-22,10:30,p,19,13,https___www_norges_bank_no_en_news_events_news_Speeches_2026_2026_01_22_pc_,https___www_norges_bank_no_en_news_events_news_Speeches_2026_2026_01_22_pc__p19,2026,1
Utsikter / fremoverskuende signal,Outlook / forward guidance,Rente og pengepolitisk linje,Interest rates and monetary stance,Speech,https://www.norges-bank.no/en/news-events/news/Speeches/2026/2026-01-22-pc/,Norges Bank,2026-01-22,10:30,p,20,44,https___www_norges_bank_no_en_news_events_news_Speeches_2026_2026_01_22_pc_,https___www_norges_bank_no_en_news_events_news_Speeches_2026_2026_01_22_pc__p20,2026,1
Utsikter / fremoverskuende signal,Outlook / forward guidance,Økonomisk aktivitet og arbeidsmarked,Economic activity and labor market,Speech,https://www.norges-bank.no/en/news-events/news/Speeches/2026/2026-01-22-pc/,Norges Bank,2026-01-22,10:30,p,21,37,https___www_norges_bank_no_en_news_events_news_Speeches_2026_2026_01_22_pc_,https___www_norges_bank_no_en_news_events_news_Speeches_2026_2026_01_22_pc__p21,2026,1
Utsikter / fremoverskuende signal,Outlook / forward guidance,Rente og pengepolitisk linje,Interest rates and monetary stance,Speech,https://www.norges-bank.no/en/news-events/news/Speeches/2026/2026-01-22-pc/,Norges Bank,2026-01-22,10:30,li,22,5,https___www_norges_bank_no_en_news_events_news_Speeches_2026_2026_01_22_pc_,https___www_norges_bank_no_en_news_events_news_Speeches_2026_2026_01_22_pc__p22,2026,1
Politikkforklaring / begrunnelse,Policy explanation / justification,Rente og pengepolitisk linje,Interest rates and monetary stance,Speech,https://www.norges-bank.no/en/news-events/news/Speeches/2025/2025-12-18-pc/,Norges Bank,2025-12-18,10:30,li,5,6,https___www_norges_bank_no_en_news_events_news_Speeches_2025_2025_12_18_pc_,https___www_norges_bank_no_en_news_events_news_Speeches_2025_2025_12_18_pc__p5,2025,12
Institusjonelt ansvar / mandat,Institutional accountability / mandate,Rente og pengepolitisk linje,Interest rates and monetary stance,Speech,https://www.norges-bank.no/en/news-events/news/Speeches/2025/2025-12-18-pc/,Norges Bank,2025-12-18,10:30,p,6,22,https___www_norges_bank_no_en_news_events_news_Speeches_2025_2025_12_18_pc_,https___www_norges_bank_no_en_news_events_news_Speeches_2025_2025_12_18_pc__p6,2025,12
Politikkforklaring / begrunnelse,Policy explanation / justification,Rente og pengepolitisk linje,Interest rates and monetary stance,Speech,https://www.norges-bank.no/en/news-events/news/Speeches/2025/2025-12-18-pc/,Norges Bank,2025-12-18,10:30,p,7,9,https___www_norges_bank_no_en_news_events_news_Speeches_2025_2025_12_18_pc_,https___www_norges_bank_no_en_news_events_news_Speeches_2025_2025_12_18_pc__p7,2025,12
Utsikter / fremoverskuende signal,Outlook / forward guidance,Rente og pengepolitisk linje,Interest rates and monetary stance,Speech,https://www.norges-bank.no/en/news-events/news/Speeches/2025/2025-12-18-pc/,Norges Bank,2025-12-18,10:30,p,8,40,https___www_norges_bank_no_en_news_events_news_Speeches_2025_2025_12_18_pc_,https___www_norges_bank_no_en_news_events_news_Speeches_2025_2025_12_18_pc__p8,2025,12
Institusjonelt ansvar / mandat,Institutional accountability / mandate,Økonomisk aktivitet og arbeidsmarked,Economic activity and labor market,Speech,https://www.norges-bank.no/en/news-events/news/Speeches/2025/2025-12-18-pc/,Norges Bank,2025-12-18,10:30,p,9,39,https___www_norges_bank_no_en_news_events_news_Speeches_2025_2025_12_18_pc_,https___www_norges_bank_no_en_news_events_news_Speeches_2025_2025_12_18_pc__p9,2025,12
Politikkforklaring / begrunnelse,Policy explanation / justification,Rente og pengepolitisk linje,Interest rates and monetary stance,Speech,https://www.norges-bank.no/en/news-events/news/Speeches/2025/2025-12-18-pc/,Norges Bank,2025-12-18,10:30,p,10,60,https___www_norges_bank_no_en_news_events_news_Speeches_2025_2025_12_18_pc_,https___www_norges_bank_no_en_news_events_news_Speeches_2025_2025_12_18_pc__p10,2025,12
Politikkforklaring / begrunnelse,Policy explanation / justification,Inflasjon og priser,Inflation and prices,Speech,https://www.norges-bank.no/en/news-events/news/Speeches/2025/2025-12-18-pc/,Norges Bank,2025-12-18,10:30,p,11,52,https___www_norges_bank_no_en_news_events_news_Speeches_2025_2025_12_18_pc_,https___www_norges_bank_no_en_news_events_news_Speeches_2025_2025_12_18_pc__p11,2025,12
Utsikter / fremoverskuende signal,Outlook / forward guidance,Rente og pengepolitisk linje,Interest rates and monetary stance,Speech,https://www.norges-bank.no/en/news-events/news/Speeches/2025/2025-12-18-pc/,Norges Bank,2025-12-18,10:30,p,12,13,https___www_norges_bank_no_en_news_events_news_Speeches_2025_2025_12_18_pc_,https___www_norges_bank_no_en_news_events_news_Speeches_2025_2025_12_18_pc__p12,2025,12
Utsikter / fremoverskuende signal,Outlook / forward guidance,Rente og pengepolitisk linje,Interest rates and monetary stance,Speech,https://www.norges-bank.no/en/news-events/news/Speeches/2025/2025-12-18-pc/,Norges Bank,2025-12-18,10:30,p,13,83,https___www_norges_bank_no_en_news_events_news_Speeches_2025_2025_12_18_pc_,https___www_norges_bank_no_en_news_events_news_Speeches_2025_2025_12_18_pc__p13,2025,12
Institusjonelt ansvar / mandat,Institutional accountability / mandate,Annet / administrativt / ikke kodbar,Other / administrative / not codable,Speech,https://www.norges-bank.no/en/news-events/news/Speeches/2025/2025-12-18-pc/,Norges Bank,2025-12-18,10:30,p,14,17,https___www_norges_bank_no_en_news_events_news_Speeches_2025_2025_12_18_pc_,https___www_norges_bank_no_en_news_events_news_Speeches_2025_2025_12_18_pc__p14,2025,12
Utsikter / fremoverskuende signal,Outlook / forward guidance,Inflasjon og priser,Inflation and prices,Speech,https://www.norges-bank.no/en/news-events/news/Speeches/2025/2025-12-18-pc/,Norges Bank,2025-12-18,10:30,p,15,11,https___www_norges_bank_no_en_news_events_news_Speeches_2025_2025_12_18_pc_,https___www_norges_bank_no_en_news_events_news_Speeches_2025_2025_12_18_pc__p15,2025,12
Økonomisk situasjonsbeskrivelse / diagnose,Economic assessment / diagnosis,Inflasjon og priser,Inflation and prices,Speech,https://www.norges-bank.no/en/news-events/news/Speeches/2025/2025-12-18-pc/,Norges Bank,2025-12-18,10:30,p,16,32,https___www_norges_bank_no_en_news_events_news_Speeches_2025_2025_12_18_pc_,https___www_norges_bank_no_en_news_events_news_Speeches_2025_2025_12_18_pc__p16,2025,12
Utsikter / fremoverskuende signal,Outlook / forward guidance,Inflasjon og priser,Inflation and prices,Speech,https://www.norges-bank.no/en/news-events/news/Speeches/2025/2025-12-18-pc/,Norges Bank,2025-12-18,10:30,p,17,104,https___www_norges_bank_no_en_news_events_news_Speeches_2025_2025_12_18_pc_,https___www_norges_bank_no_en_news_events_news_Speeches_2025_2025_12_18_pc__p17,2025,12
Utsikter / fremoverskuende signal,Outlook / forward guidance,Økonomisk aktivitet og arbeidsmarked,Economic activity and labor market,Speech,https://www.norges-bank.no/en/news-events/news/Speeches/2025/2025-12-18-pc/,Norges Bank,2025-12-18,10:30,p,18,12,https___www_norges_bank_no_en_news_events_news_Speeches_2025_2025_12_18_pc_,https___www_norges_bank_no_en_news_events_news_Speeches_2025_2025_12_18_pc__p18,2025,12
Økonomisk situasjonsbeskrivelse / diagnose,Economic assessment / diagnosis,Økonomisk aktivitet og arbeidsmarked,Economic activity and labor market,Speech,https://www.norges-bank.no/en/news-events/news/Speeches/2025/2025-12-18-pc/,Norges Bank,2025-12-18,10:30,p,19,44,https___www_norges_bank_no_en_news_events_news_Speeches_2025_2025_12_18_pc_,https___www_norges_bank_no_en_news_events_news_Speeches_2025_2025_12_18_pc__p19,2025,12
Økonomisk situasjonsbeskrivelse / diagnose,Economic assessment / diagnosis,Økonomisk aktivitet og arbeidsmarked,Economic activity and labor market,Speech,https://www.norges-bank.no/en/news-events/news/Speeches/2025/2025-12-18-pc/,Norges Bank,2025-12-18,10:30,p,20,79,https___www_norges_bank_no_en_news_events_news_Speeches_2025_2025_12_18_pc_,https___www_norges_bank_no_en_news_events_news_Speeches_2025_2025_12_18_pc__p20,2025,12
Utsikter / fremoverskuende signal,Outlook / forward guidance,Inflasjon og priser,Inflation and prices,Speech,https://www.norges-bank.no/en/news-events/news/Speeches/2025/2025-12-18-pc/,Norges Bank,2025-12-18,10:30,p,21,12,https___www_norges_bank_no_en_news_events_news_Speeches_2025_2025_12_18_pc_,https___www_norges_bank_no_en_news_events_news_Speeches_2025_2025_12_18_pc__p21,2025,12
Utsikter / fremoverskuende signal,Outlook / forward guidance,Økonomisk aktivitet og arbeidsmarked,Economic activity and labor market,Speech,https://www.norges-bank.no/en/news-events/news/Speeches/2025/2025-12-18-pc/,Norges Bank,2025-12-18,10:30,p,22,42,https___www_norges_bank_no_en_news_events_news_Speeches_2025_2025_12_18_pc_,https___www_norges_bank_no_en_news_events_news_Speeches_2025_2025_12_18_pc__p22,2025,12
Utsikter / fremoverskuende signal,Outlook / forward guidance,Økonomisk aktivitet og arbeidsmarked,Economic activity and labor market,Speech,https://www.norges-bank.no/en/news-events/news/Speeches/2025/2025-12-18-pc/,Norges Bank,2025-12-18,10:30,p,23,88,https___www_norges_bank_no_en_news_events_news_Speeches_2025_2025_12_18_pc_,https___www_norges_bank_no_en_news_events_news_Speeches_2025_2025_12_18_pc__p23,2025,12
Risiko / usikkerhet,Risk / uncertainty,Økonomisk aktivitet og arbeidsmarked,Economic activity and labor market,Speech,https://www.norges-bank.no/en/news-events/news/Speeches/2025/2025-12-18-pc/,Norges Bank,2025-12-18,10:30,p,24,45,https___www_norges_bank_no_en_news_events_news_Speeches_2025_2025_12_18_pc_,https___www_norges_bank_no_en_news_events_news_Speeches_2025_2025_12_18_pc__p24,2025,12
Utsikter / fremoverskuende signal,Outlook / forward guidance,Økonomisk aktivitet og arbeidsmarked,Economic activity and labor market,Speech,https://www.norges-bank.no/en/news-events/news/Speeches/2025/2025-12-18-pc/,Norges Bank,2025-12-18,10:30,p,25,66,https___www_norges_bank_no_en_news_events_news_Speeches_2025_2025_12_18_pc_,https___www_norges_bank_no_en_news_events_news_Speeches_2025_2025_12_18_pc__p25,2025,12
Utsikter / fremoverskuende signal,Outlook / forward guidance,Inflasjon og priser,Inflation and prices,Speech,https://www.norges-bank.no/en/news-events/news/Speeches/2025/2025-12-18-pc/,Norges Bank,2025-12-18,10:30,p,26,23,https___www_norges_bank_no_en_news_events_news_Speeches_2025_2025_12_18_pc_,https___www_norges_bank_no_en_news_events_news_Speeches_2025_2025_12_18_pc__p26,2025,12
Politikkforklaring / begrunnelse,Policy explanation / justification,Rente og pengepolitisk linje,Interest rates and monetary stance,Speech,https://www.norges-bank.no/en/news-events/news/Speeches/2025/2025-11-26-fellesforbundet/,Norges Bank,2025-11-26,11:00,li,5,5,https___www_norges_bank_no_en_news_events_news_Speeches_2025_2025_11_26_fellesforbundet_,https___www_norges_bank_no_en_news_events_news_Speeches_2025_2025_11_26_fellesforbundet__p5,2025,11
Institusjonelt ansvar / mandat,Institutional accountability / mandate,Økonomisk aktivitet og arbeidsmarked,Economic activity and labor market,Speech,https://www.norges-bank.no/en/news-events/news/Speeches/2025/2025-11-26-fellesforbundet/,Norges Bank,2025-11-26,11:00,p,6,20,https___www_norges_bank_no_en_news_events_news_Speeches_2025_2025_11_26_fellesforbundet_,https___www_norges_bank_no_en_news_events_news_Speeches_2025_2025_11_26_fellesforbundet__p6,2025,11
Institusjonelt ansvar / mandat,Institutional accountability / mandate,Annet / administrativt / ikke kodbar,Other / administrative / not codable,Speech,https://www.norges-bank.no/en/news-events/news/Speeches/2025/2025-11-26-fellesforbundet/,Norges Bank,2025-11-26,11:00,p,7,15,https___www_norges_bank_no_en_news_events_news_Speeches_2025_2025_11_26_fellesforbundet_,https___www_norges_bank_no_en_news_events_news_Speeches_2025_2025_11_26_fellesforbundet__p7,2025,11
Utsikter / fremoverskuende signal,Outlook / forward guidance,Annet / administrativt / ikke kodbar,Other / administrative / not codable,Speech,https://www.norges-bank.no/en/news-events/news/Speeches/2025/2025-11-26-fellesforbundet/,Norges Bank,2025-11-26,11:00,p,8,7,https___www_norges_bank_no_en_news_events_news_Speeches_2025_2025_11_26_fellesforbundet_,https___www_norges_bank_no_en_news_events_news_Speeches_2025_2025_11_26_fellesforbundet__p8,2025,11
Institusjonelt ansvar / mandat,Institutional accountability / mandate,Økonomisk aktivitet og arbeidsmarked,Economic activity and labor market,Speech,https://www.norges-bank.no/en/news-events/news/Speeches/2025/2025-11-26-fellesforbundet/,Norges Bank,2025-11-26,11:00,li,9,6,https___www_norges_bank_no_en_news_events_news_Speeches_2025_2025_11_26_fellesforbundet_,https___www_norges_bank_no_en_news_events_news_Speeches_2025_2025_11_26_fellesforbundet__p9,2025,11
Utsikter / fremoverskuende signal,Outlook / forward guidance,Økonomisk aktivitet og arbeidsmarked,Economic activity and labor market,Speech,https://www.norges-bank.no/en/news-events/news/Speeches/2025/2025-11-26-fellesforbundet/,Norges Bank,2025-11-26,11:00,li,10,9,https___www_norges_bank_no_en_news_events_news_Speeches_2025_2025_11_26_fellesforbundet_,https___www_norges_bank_no_en_news_events_news_Speeches_2025_2025_11_26_fellesforbundet__p10,2025,11
Institusjonelt ansvar / mandat,Institutional accountability / mandate,Økonomisk aktivitet og arbeidsmarked,Economic activity and labor market,Speech,https://www.norges-bank.no/en/news-events/news/Speeches/2025/2025-11-26-fellesforbundet/,Norges Bank,2025-11-26,11:00,li,11,13,https___www_norges_bank_no_en_news_events_news_Speeches_2025_2025_11_26_fellesforbundet_,https___www_norges_bank_no_en_news_events_news_Speeches_2025_2025_11_26_fellesforbundet__p11,2025,11
Institusjonelt ansvar / mandat,Institutional accountability / mandate,Annet / administrativt / ikke kodbar,Other / administrative / not codable,Speech,https://www.norges-bank.no/en/news-events/news/Speeches/2025/2025-11-26-fellesforbundet/,Norges Bank,2025-11-26,11:00,p,12,11,https___www_norges_bank_no_en_news_events_news_Speeches_2025_2025_11_26_fellesforbundet_,https___www_norges_bank_no_en_news_events_news_Speeches_2025_2025_11_26_fellesforbundet__p12,2025,11
Institusjonelt ansvar / mandat,Institutional accountability / mandate,Annet / administrativt / ikke kodbar,Other / administrative / not codable,Speech,https://www.norges-bank.no/en/news-events/news/Speeches/2025/2025-11-26-fellesforbundet/,Norges Bank,2025-11-26,11:00,p,13,58,https___www_norges_bank_no_en_news_events_news_Speeches_2025_2025_11_26_fellesforbundet_,https___www_norges_bank_no_en_news_events_news_Speeches_2025_2025_11_26_fellesforbundet__p13,2025,11
Institusjonelt ansvar / mandat,Institutional accountability / mandate,Inflasjon og priser,Inflation and prices,Speech,https://www.norges-bank.no/en/news-events/news/Speeches/2025/2025-11-26-fellesforbundet/,Norges Bank,2025-11-26,11:00,p,14,22,https___www_norges_bank_no_en_news_events_news_Speeches_2025_2025_11_26_fellesforbundet_,https___www_norges_bank_no_en_news_events_news_Speeches_2025_2025_11_26_fellesforbundet__p14,2025,11
Politikkforklaring / begrunnelse,Policy explanation / justification,Inflasjon og priser,Inflation and prices,Speech,https://www.norges-bank.no/en/news-events/news/Speeches/2025/2025-11-26-fellesforbundet/,Norges Bank,2025-11-26,11:00,p,15,76,https___www_norges_bank_no_en_news_events_news_Speeches_2025_2025_11_26_fellesforbundet_,https___www_norges_bank_no_en_news_events_news_Speeches_2025_2025_11_26_fellesforbundet__p15,2025,11
Institusjonelt ansvar / mandat,Institutional accountability / mandate,Økonomisk aktivitet og arbeidsmarked,Economic activity and labor market,Speech,https://www.norges-bank.no/en/news-events/news/Speeches/2025/2025-11-26-fellesforbundet/,Norges Bank,2025-11-26,11:00,p,16,31,https___www_norges_bank_no_en_news_events_news_Speeches_2025_2025_11_26_fellesforbundet_,https___www_norges_bank_no_en_news_events_news_Speeches_2025_2025_11_26_fellesforbundet__p16,2025,11
Risiko / usikkerhet,Risk / uncertainty,Økonomisk aktivitet og arbeidsmarked,Economic activity and labor market,Speech,https://www.norges-bank.no/en/news-events/news/Speeches/2025/2025-11-26-fellesforbundet/,Norges Bank,2025-11-26,11:00,p,17,34,https___www_norges_bank_no_en_news_events_news_Speeches_2025_2025_11_26_fellesforbundet_,https___www_norges_bank_no_en_news_events_news_Speeches_2025_2025_11_26_fellesforbundet__p17,2025,11
Utsikter / fremoverskuende signal,Outlook / forward guidance,Økonomisk aktivitet og arbeidsmarked,Economic activity and labor market,Speech,https://www.norges-bank.no/en/news-events/news/Speeches/2025/2025-11-26-fellesforbundet/,Norges Bank,2025-11-26,11:00,p,18,96,https___www_norges_bank_no_en_news_events_news_Speeches_2025_2025_11_26_fellesforbundet_,https___www_norges_bank_no_en_news_events_news_Speeches_2025_2025_11_26_fellesforbundet__p18,2025,11
Politikkforklaring / begrunnelse,Policy explanation / justification,Rente og pengepolitisk linje,Interest rates and monetary stance,Speech,https://www.norges-bank.no/en/news-events/news/Speeches/2025/2025-11-26-fellesforbundet/,Norges Bank,2025-11-26,11:00,p,19,140,https___www_norges_bank_no_en_news_events_news_Speeches_2025_2025_11_26_fellesforbundet_,https___www_norges_bank_no_en_news_events_news_Speeches_2025_2025_11_26_fellesforbundet__p19,2025,11
Politikkforklaring / begrunnelse,Policy explanation / justification,Valutakurs og eksterne forhold,Exchange rate and external conditions,Speech,https://www.norges-bank.no/en/news-events/news/Speeches/2025/2025-11-26-fellesforbundet/,Norges Bank,2025-11-26,11:00,p,20,54,https___www_norges_bank_no_en_news_events_news_Speeches_2025_2025_11_26_fellesforbundet_,https___www_norges_bank_no_en_news_events_news_Speeches_2025_2025_11_26_fellesforbundet__p20,2025,11
Utsikter / fremoverskuende signal,Outlook / forward guidance,Rente og pengepolitisk linje,Interest rates and monetary stance,Speech,https://www.norges-bank.no/en/news-events/news/Speeches/2025/2025-11-26-fellesforbundet/,Norges Bank,2025-11-26,11:00,p,21,112,https___www_norges_bank_no_en_news_events_news_Speeches_2025_2025_11_26_fellesforbundet_,https___www_norges_bank_no_en_news_events_news_Speeches_2025_2025_11_26_fellesforbundet__p21,2025,11
Politikkforklaring / begrunnelse,Policy explanation / justification,Inflasjon og priser,Inflation and prices,Speech,https://www.norges-bank.no/en/news-events/news/Speeches/2025/2025-11-26-fellesforbundet/,Norges Bank,2025-11-26,11:00,p,22,45,https___www_norges_bank_no_en_news_events_news_Speeches_2025_2025_11_26_fellesforbundet_,https___www_norges_bank_no_en_news_events_news_Speeches_2025_2025_11_26_fellesforbundet__p22,2025,11
Utsikter / fremoverskuende signal,Outlook / forward guidance,Annet / administrativt / ikke kodbar,Other / administrative / not codable,Speech,https://www.norges-bank.no/en/news-events/news/Speeches/2025/2025-11-26-fellesforbundet/,Norges Bank,2025-11-26,11:00,p,23,8,https___www_norges_bank_no_en_news_events_news_Speeches_2025_2025_11_26_fellesforbundet_,https___www_norges_bank_no_en_news_events_news_Speeches_2025_2025_11_26_fellesforbundet__p23,2025,11
Utsikter / fremoverskuende signal,Outlook / forward guidance,Økonomisk aktivitet og arbeidsmarked,Economic activity and labor market,Speech,https://www.norges-bank.no/en/news-events/news/Speeches/2025/2025-11-26-fellesforbundet/,Norges Bank,2025-11-26,11:00,p,24,27,https___www_norges_bank_no_en_news_events_news_Speeches_2025_2025_11_26_fellesforbundet_,https___www_norges_bank_no_en_news_events_news_Speeches_2025_2025_11_26_fellesforbundet__p24,2025,11
Økonomisk situasjonsbeskrivelse / diagnose,Economic assessment / diagnosis,Økonomisk aktivitet og arbeidsmarked,Economic activity and labor market,Speech,https://www.norges-bank.no/en/news-events/news/Speeches/2025/2025-11-26-fellesforbundet/,Norges Bank,2025-11-26,11:00,p,25,54,https___www_norges_bank_no_en_news_events_news_Speeches_2025_2025_11_26_fellesforbundet_,https___www_norges_bank_no_en_news_events_news_Speeches_2025_2025_11_26_fellesforbundet__p25,2025,11
Utsikter / fremoverskuende signal,Outlook / forward guidance,Økonomisk aktivitet og arbeidsmarked,Economic activity and labor market,Speech,https://www.norges-bank.no/en/news-events/news/Speeches/2025/2025-11-26-fellesforbundet/,Norges Bank,2025-11-26,11:00,p,26,56,https___www_norges_bank_no_en_news_events_news_Speeches_2025_2025_11_26_fellesforbundet_,https___www_norges_bank_no_en_news_events_news_Speeches_2025_2025_11_26_fellesforbundet__p26,2025,11
Økonomisk situasjonsbeskrivelse / diagnose,Economic assessment / diagnosis,Økonomisk aktivitet og arbeidsmarked,Economic activity and labor market,Speech,https://www.norges-bank.no/en/news-events/news/Speeches/2025/2025-11-26-fellesforbundet/,Norges Bank,2025-11-26,11:00,p,27,69,https___www_norges_bank_no_en_news_events_news_Speeches_2025_2025_11_26_fellesforbundet_,https___www_norges_bank_no_en_news_events_news_Speeches_2025_2025_11_26_fellesforbundet__p27,2025,11
Politikkforklaring / begrunnelse,Policy explanation / justification,Økonomisk aktivitet og arbeidsmarked,Economic activity and labor market,Speech,https://www.norges-bank.no/en/news-events/news/Speeches/2025/2025-11-26-fellesforbundet/,Norges Bank,2025-11-26,11:00,p,28,115,https___www_norges_bank_no_en_news_events_news_Speeches_2025_2025_11_26_fellesforbundet_,https___www_norges_bank_no_en_news_events_news_Speeches_2025_2025_11_26_fellesforbundet__p28,2025,11
Utsikter / fremoverskuende signal,Outlook / forward guidance,Økonomisk aktivitet og arbeidsmarked,Economic activity and labor market,Speech,https://www.norges-bank.no/en/news-events/news/Speeches/2025/2025-11-26-fellesforbundet/,Norges Bank,2025-11-26,11:00,p,29,49,https___www_norges_bank_no_en_news_events_news_Speeches_2025_2025_11_26_fellesforbundet_,https___www_norges_bank_no_en_news_events_news_Speeches_2025_2025_11_26_fellesforbundet__p29,2025,11
Utsikter / fremoverskuende signal,Outlook / forward guidance,Inflasjon og priser,Inflation and prices,Speech,https://www.norges-bank.no/en/news-events/news/Speeches/2025/2025-11-26-fellesforbundet/,Norges Bank,2025-11-26,11:00,p,30,34,https___www_norges_bank_no_en_news_events_news_Speeches_2025_2025_11_26_fellesforbundet_,https___www_norges_bank_no_en_news_events_news_Speeches_2025_2025_11_26_fellesforbundet__p30,2025,11
Utsikter / fremoverskuende signal,Outlook / forward guidance,Annet / administrativt / ikke kodbar,Other / administrative / not codable,Speech,https://www.norges-bank.no/en/news-events/news/Speeches/2025/2025-11-26-fellesforbundet/,Norges Bank,2025-11-26,11:00,p,31,9,https___www_norges_bank_no_en_news_events_news_Speeches_2025_2025_11_26_fellesforbundet_,https___www_norges_bank_no_en_news_events_news_Speeches_2025_2025_11_26_fellesforbundet__p31,2025,11
Institusjonelt ansvar / mandat,Institutional accountability / mandate,Økonomisk aktivitet og arbeidsmarked,Economic activity and labor market,Speech,https://www.norges-bank.no/en/news-events/news/Speeches/2025/2025-11-26-fellesforbundet/,Norges Bank,2025-11-26,11:00,p,32,28,https___www_norges_bank_no_en_news_events_news_Speeches_2025_2025_11_26_fellesforbundet_,https___www_norges_bank_no_en_news_events_news_Speeches_2025_2025_11_26_fellesforbundet__p32,2025,11
Politikkforklaring / begrunnelse,Policy explanation / justification,Økonomisk aktivitet og arbeidsmarked,Economic activity and labor market,Speech,https://www.norges-bank.no/en/news-events/news/Speeches/2025/2025-11-26-fellesforbundet/,Norges Bank,2025-11-26,11:00,p,33,43,https___www_norges_bank_no_en_news_events_news_Speeches_2025_2025_11_26_fellesforbundet_,https___www_norges_bank_no_en_news_events_news_Speeches_2025_2025_11_26_fellesforbundet__p33,2025,11
Økonomisk situasjonsbeskrivelse / diagnose,Economic assessment / diagnosis,Økonomisk aktivitet og arbeidsmarked,Economic activity and labor market,Speech,https://www.norges-bank.no/en/news-events/news/Speeches/2025/2025-11-26-fellesforbundet/,Norges Bank,2025-11-26,11:00,p,34,37,https___www_norges_bank_no_en_news_events_news_Speeches_2025_2025_11_26_fellesforbundet_,https___www_norges_bank_no_en_news_events_news_Speeches_2025_2025_11_26_fellesforbundet__p34,2025,11
Politikkforklaring / begrunnelse,Policy explanation / justification,Økonomisk aktivitet og arbeidsmarked,Economic activity and labor market,Speech,https://www.norges-bank.no/en/news-events/news/Speeches/2025/2025-11-26-fellesforbundet/,Norges Bank,2025-11-26,11:00,p,35,53,https___www_norges_bank_no_en_news_events_news_Speeches_2025_2025_11_26_fellesforbundet_,https___www_norges_bank_no_en_news_events_news_Speeches_2025_2025_11_26_fellesforbundet__p35,2025,11
Politikkforklaring / begrunnelse,Policy explanation / justification,Økonomisk aktivitet og arbeidsmarked,Economic activity and labor market,Speech,https://www.norges-bank.no/en/news-events/news/Speeches/2025/2025-11-26-fellesforbundet/,Norges Bank,2025-11-26,11:00,p,36,34,https___www_norges_bank_no_en_news_events_news_Speeches_2025_2025_11_26_fellesforbundet_,https___www_norges_bank_no_en_news_events_news_Speeches_2025_2025_11_26_fellesforbundet__p36,2025,11
Politikkforklaring / begrunnelse,Policy explanation / justification,Økonomisk aktivitet og arbeidsmarked,Economic activity and labor market,Speech,https://www.norges-bank.no/en/news-events/news/Speeches/2025/2025-11-26-fellesforbundet/,Norges Bank,2025-11-26,11:00,p,37,38,https___www_norges_bank_no_en_news_events_news_Speeches_2025_2025_11_26_fellesforbundet_,https___www_norges_bank_no_en_news_events_news_Speeches_2025_2025_11_26_fellesforbundet__p37,2025,11
Økonomisk situasjonsbeskrivelse / diagnose,Economic assessment / diagnosis,Økonomisk aktivitet og arbeidsmarked,Economic activity and labor market,Speech,https://www.norges-bank.no/en/news-events/news/Speeches/2025/2025-11-26-fellesforbundet/,Norges Bank,2025-11-26,11:00,p,38,106,https___www_norges_bank_no_en_news_events_news_Speeches_2025_2025_11_26_fellesforbundet_,https___www_norges_bank_no_en_news_events_news_Speeches_2025_2025_11_26_fellesforbundet__p38,2025,11
Økonomisk situasjonsbeskrivelse / diagnose,Economic assessment / diagnosis,Økonomisk aktivitet og arbeidsmarked,Economic activity and labor market,Speech,https://www.norges-bank.no/en/news-events/news/Speeches/2025/2025-11-26-fellesforbundet/,Norges Bank,2025-11-26,11:00,p,39,50,https___www_norges_bank_no_en_news_events_news_Speeches_2025_2025_11_26_fellesforbundet_,https___www_norges_bank_no_en_news_events_news_Speeches_2025_2025_11_26_fellesforbundet__p39,2025,11
Økonomisk situasjonsbeskrivelse / diagnose,Economic assessment / diagnosis,Økonomisk aktivitet og arbeidsmarked,Economic activity and labor market,Speech,https://www.norges-bank.no/en/news-events/news/Speeches/2025/2025-11-26-fellesforbundet/,Norges Bank,2025-11-26,11:00,p,40,87,https___www_norges_bank_no_en_news_events_news_Speeches_2025_2025_11_26_fellesforbundet_,https___www_norges_bank_no_en_news_events_news_Speeches_2025_2025_11_26_fellesforbundet__p40,2025,11
Økonomisk situasjonsbeskrivelse / diagnose,Economic assessment / diagnosis,Økonomisk aktivitet og arbeidsmarked,Economic activity and labor market,Speech,https://www.norges-bank.no/en/news-events/news/Speeches/2025/2025-11-26-fellesforbundet/,Norges Bank,2025-11-26,11:00,p,41,55,https___www_norges_bank_no_en_news_events_news_Speeches_2025_2025_11_26_fellesforbundet_,https___www_norges_bank_no_en_news_events_news_Speeches_2025_2025_11_26_fellesforbundet__p41,2025,11
Politikkforklaring / begrunnelse,Policy explanation / justification,Rente og pengepolitisk linje,Interest rates and monetary stance,Speech,https://www.norges-bank.no/en/news-events/news/Speeches/2025/2025-11-26-fellesforbundet/,Norges Bank,2025-11-26,11:00,p,42,57,https___www_norges_bank_no_en_news_events_news_Speeches_2025_2025_11_26_fellesforbundet_,https___www_norges_bank_no_en_news_events_news_Speeches_2025_2025_11_26_fellesforbundet__p42,2025,11
Politikkforklaring / begrunnelse,Policy explanation / justification,Økonomisk aktivitet og arbeidsmarked,Economic activity and labor market,Speech,https://www.norges-bank.no/en/news-events/news/Speeches/2025/2025-11-26-fellesforbundet/,Norges Bank,2025-11-26,11:00,p,43,53,https___www_norges_bank_no_en_news_events_news_Speeches_2025_2025_11_26_fellesforbundet_,https___www_norges_bank_no_en_news_events_news_Speeches_2025_2025_11_26_fellesforbundet__p43,2025,11
Politikkforklaring / begrunnelse,Policy explanation / justification,Økonomisk aktivitet og arbeidsmarked,Economic activity and labor market,Speech,https://www.norges-bank.no/en/news-events/news/Speeches/2025/2025-11-26-fellesforbundet/,Norges Bank,2025-11-26,11:00,p,44,23,https___www_norges_bank_no_en_news_events_news_Speeches_2025_2025_11_26_fellesforbundet_,https___www_norges_bank_no_en_news_events_news_Speeches_2025_2025_11_26_fellesforbundet__p44,2025,11
Utsikter / fremoverskuende signal,Outlook / forward guidance,Inflasjon og priser,Inflation and prices,Speech,https://www.norges-bank.no/en/news-events/news/Speeches/2025/2025-11-26-fellesforbundet/,Norges Bank,2025-11-26,11:00,p,45,34,https___www_norges_bank_no_en_news_events_news_Speeches_2025_2025_11_26_fellesforbundet_,https___www_norges_bank_no_en_news_events_news_Speeches_2025_2025_11_26_fellesforbundet__p45,2025,11
Annet / administrativt / ikke kodbar,Other / administrative / not codable,Økonomisk aktivitet og arbeidsmarked,Economic activity and labor market,Speech,https://www.norges-bank.no/en/news-events/news/Speeches/2025/2025-11-26-fellesforbundet/,Norges Bank,2025-11-26,11:00,p,46,3,https___www_norges_bank_no_en_news_events_news_Speeches_2025_2025_11_26_fellesforbundet_,https___www_norges_bank_no_en_news_events_news_Speeches_2025_2025_11_26_fellesforbundet__p46,2025,11
Institusjonelt ansvar / mandat,Institutional accountability / mandate,Inflasjon og priser,Inflation and prices,Speech,https://www.norges-bank.no/en/news-events/news/Speeches/2025/2025-11-26-fellesforbundet/,Norges Bank,2025-11-26,11:00,li,47,31,https___www_norges_bank_no_en_news_events_news_Speeches_2025_2025_11_26_fellesforbundet_,https___www_norges_bank_no_en_news_events_news_Speeches_2025_2025_11_26_fellesforbundet__p47,2025,11
Politikkforklaring / begrunnelse,Policy explanation / justification,Økonomisk aktivitet og arbeidsmarked,Economic activity and labor market,Speech,https://www.norges-bank.no/en/news-events/news/Speeches/2025/2025-11-26-fellesforbundet/,Norges Bank,2025-11-26,11:00,li,48,34,https___www_norges_bank_no_en_news_events_news_Speeches_2025_2025_11_26_fellesforbundet_,https___www_norges_bank_no_en_news_events_news_Speeches_2025_2025_11_26_fellesforbundet__p48,2025,11
Politikkforklaring / begrunnelse,Policy explanation / justification,Økonomisk aktivitet og arbeidsmarked,Economic activity and labor market,Speech,https://www.norges-bank.no/en/news-events/news/Speeches/2025/2025-11-26-fellesforbundet/,Norges Bank,2025-11-26,11:00,li,49,42,https___www_norges_bank_no_en_news_events_news_Speeches_2025_2025_11_26_fellesforbundet_,https___www_norges_bank_no_en_news_events_news_Speeches_2025_2025_11_26_fellesforbundet__p49,2025,11
Utsikter / fremoverskuende signal,Outlook / forward guidance,Økonomisk aktivitet og arbeidsmarked,Economic activity and labor market,Speech,https://www.norges-bank.no/en/news-events/news/Speeches/2025/2025-11-26-fellesforbundet/,Norges Bank,2025-11-26,11:00,p,50,39,https___www_norges_bank_no_en_news_events_news_Speeches_2025_2025_11_26_fellesforbundet_,https___www_norges_bank_no_en_news_events_news_Speeches_2025_2025_11_26_fellesforbundet__p50,2025,11
Risiko / usikkerhet,Risk / uncertainty,Økonomisk aktivitet og arbeidsmarked,Economic activity and labor market,Speech,https://www.norges-bank.no/en/news-events/news/Speeches/2025/2025-11-26-fellesforbundet/,Norges Bank,2025-11-26,11:00,p,51,81,https___www_norges_bank_no_en_news_events_news_Speeches_2025_2025_11_26_fellesforbundet_,https___www_norges_bank_no_en_news_events_news_Speeches_2025_2025_11_26_fellesforbundet__p51,2025,11
Institusjonelt ansvar / mandat,Institutional accountability / mandate,Økonomisk aktivitet og arbeidsmarked,Economic activity and labor market,Speech,https://www.norges-bank.no/en/news-events/news/Speeches/2025/2025-11-26-fellesforbundet/,Norges Bank,2025-11-26,11:00,p,52,48,https___www_norges_bank_no_en_news_events_news_Speeches_2025_2025_11_26_fellesforbundet_,https___www_norges_bank_no_en_news_events_news_Speeches_2025_2025_11_26_fellesforbundet__p52,2025,11
Annet / administrativt / ikke kodbar,Other / administrative / not codable,Annet / administrativt / ikke kodbar,Other / administrative / not codable,Speech,https://www.norges-bank.no/en/news-events/news/Speeches/2025/2025-11-26-fellesforbundet/,Norges Bank,2025-11-26,11:00,p,53,8,https___www_norges_bank_no_en_news_events_news_Speeches_2025_2025_11_26_fellesforbundet_,https___www_norges_bank_no_en_news_events_news_Speeches_2025_2025_11_26_fellesforbundet__p53,2025,11
Institusjonelt ansvar / mandat,Institutional accountability / mandate,Økonomisk aktivitet og arbeidsmarked,Economic activity and labor market,Speech,https://www.norges-bank.no/en/news-events/news/Speeches/2025/2025-11-21-iwb/,Norges Bank,2025-11-21,17:05,li,5,5,https___www_norges_bank_no_en_news_events_news_Speeches_2025_2025_11_21_iwb_,https___www_norges_bank_no_en_news_events_news_Speeches_2025_2025_11_21_iwb__p5,2025,11
Institusjonelt ansvar / mandat,Institutional accountability / mandate,Annet / administrativt / ikke kodbar,Other / administrative / not codable,Speech,https://www.norges-bank.no/en/news-events/news/Speeches/2025/2025-11-21-iwb/,Norges Bank,2025-11-21,17:05,p,6,38,https___www_norges_bank_no_en_news_events_news_Speeches_2025_2025_11_21_iwb_,https___www_norges_bank_no_en_news_events_news_Speeches_2025_2025_11_21_iwb__p6,2025,11
Institusjonelt ansvar / mandat,Institutional accountability / mandate,Annet / administrativt / ikke kodbar,Other / administrative / not codable,Speech,https://www.norges-bank.no/en/news-events/news/Speeches/2025/2025-11-21-iwb/,Norges Bank,2025-11-21,17:05,p,7,33,https___www_norges_bank_no_en_news_events_news_Speeches_2025_2025_11_21_iwb_,https___www_norges_bank_no_en_news_events_news_Speeches_2025_2025_11_21_iwb__p7,2025,11
Institusjonelt ansvar / mandat,Institutional accountability / mandate,Valutakurs og eksterne forhold,Exchange rate and external conditions,Speech,https://www.norges-bank.no/en/news-events/news/Speeches/2025/2025-11-21-iwb/,Norges Bank,2025-11-21,17:05,p,8,93,https___www_norges_bank_no_en_news_events_news_Speeches_2025_2025_11_21_iwb_,https___www_norges_bank_no_en_news_events_news_Speeches_2025_2025_11_21_iwb__p8,2025,11
Utsikter / fremoverskuende signal,Outlook / forward guidance,Valutakurs og eksterne forhold,Exchange rate and external conditions,Speech,https://www.norges-bank.no/en/news-events/news/Speeches/2025/2025-11-21-iwb/,Norges Bank,2025-11-21,17:05,p,9,49,https___www_norges_bank_no_en_news_events_news_Speeches_2025_2025_11_21_iwb_,https___www_norges_bank_no_en_news_events_news_Speeches_2025_2025_11_21_iwb__p9,2025,11
Økonomisk situasjonsbeskrivelse / diagnose,Economic assessment / diagnosis,Inflasjon og priser,Inflation and prices,Speech,https://www.norges-bank.no/en/news-events/news/Speeches/2025/2025-11-21-iwb/,Norges Bank,2025-11-21,17:05,p,10,54,https___www_norges_bank_no_en_news_events_news_Speeches_2025_2025_11_21_iwb_,https___www_norges_bank_no_en_news_events_news_Speeches_2025_2025_11_21_iwb__p10,2025,11
Politikkforklaring / begrunnelse,Policy explanation / justification,Inflasjon og priser,Inflation and prices,Speech,https://www.norges-bank.no/en/news-events/news/Speeches/2025/2025-11-21-iwb/,Norges Bank,2025-11-21,17:05,p,11,102,https___www_norges_bank_no_en_news_events_news_Speeches_2025_2025_11_21_iwb_,https___www_norges_bank_no_en_news_events_news_Speeches_2025_2025_11_21_iwb__p11,2025,11
Risiko / usikkerhet,Risk / uncertainty,Valutakurs og eksterne forhold,Exchange rate and external conditions,Speech,https://www.norges-bank.no/en/news-events/news/Speeches/2025/2025-11-21-iwb/,Norges Bank,2025-11-21,17:05,p,12,97,https___www_norges_bank_no_en_news_events_news_Speeches_2025_2025_11_21_iwb_,https___www_norges_bank_no_en_news_events_news_Speeches_2025_2025_11_21_iwb__p12,2025,11
Politikkforklaring / begrunnelse,Policy explanation / justification,Inflasjon og priser,Inflation and prices,Speech,https://www.norges-bank.no/en/news-events/news/Speeches/2025/2025-11-21-iwb/,Norges Bank,2025-11-21,17:05,p,13,95,https___www_norges_bank_no_en_news_events_news_Speeches_2025_2025_11_21_iwb_,https___www_norges_bank_no_en_news_events_news_Speeches_2025_2025_11_21_iwb__p13,2025,11
Politikkforklaring / begrunnelse,Policy explanation / justification,Økonomisk aktivitet og arbeidsmarked,Economic activity and labor market,Speech,https://www.norges-bank.no/en/news-events/news/Speeches/2025/2025-11-21-iwb/,Norges Bank,2025-11-21,17:05,p,14,103,https___www_norges_bank_no_en_news_events_news_Speeches_2025_2025_11_21_iwb_,https___www_norges_bank_no_en_news_events_news_Speeches_2025_2025_11_21_iwb__p14,2025,11
Institusjonelt ansvar / mandat,Institutional accountability / mandate,Rente og pengepolitisk linje,Interest rates and monetary stance,Speech,https://www.norges-bank.no/en/news-events/news/Speeches/2025/2025-11-21-iwb/,Norges Bank,2025-11-21,17:05,p,15,133,https___www_norges_bank_no_en_news_events_news_Speeches_2025_2025_11_21_iwb_,https___www_norges_bank_no_en_news_events_news_Speeches_2025_2025_11_21_iwb__p15,2025,11
Institusjonelt ansvar / mandat,Institutional accountability / mandate,Rente og pengepolitisk linje,Interest rates and monetary stance,Speech,https://www.norges-bank.no/en/news-events/news/Speeches/2025/2025-11-21-iwb/,Norges Bank,2025-11-21,17:05,p,16,98,https___www_norges_bank_no_en_news_events_news_Speeches_2025_2025_11_21_iwb_,https___www_norges_bank_no_en_news_events_news_Speeches_2025_2025_11_21_iwb__p16,2025,11
Risiko / usikkerhet,Risk / uncertainty,Rente og pengepolitisk linje,Interest rates and monetary stance,Speech,https://www.norges-bank.no/en/news-events/news/Speeches/2025/2025-11-21-iwb/,Norges Bank,2025-11-21,17:05,p,17,32,https___www_norges_bank_no_en_news_events_news_Speeches_2025_2025_11_21_iwb_,https___www_norges_bank_no_en_news_events_news_Speeches_2025_2025_11_21_iwb__p17,2025,11
Institusjonelt ansvar / mandat,Institutional accountability / mandate,Økonomisk aktivitet og arbeidsmarked,Economic activity and labor market,Speech,https://www.norges-bank.no/en/news-events/news/Speeches/2025/2025-11-11-iwb/,Norges Bank,2025-11-11,15:30,li,5,6,https___www_norges_bank_no_en_news_events_news_Speeches_2025_2025_11_11_iwb_,https___www_norges_bank_no_en_news_events_news_Speeches_2025_2025_11_11_iwb__p5,2025,11
Institusjonelt ansvar / mandat,Institutional accountability / mandate,Annet / administrativt / ikke kodbar,Other / administrative / not codable,Speech,https://www.norges-bank.no/en/news-events/news/Speeches/2025/2025-11-11-iwb/,Norges Bank,2025-11-11,15:30,p,6,25,https___www_norges_bank_no_en_news_events_news_Speeches_2025_2025_11_11_iwb_,https___www_norges_bank_no_en_news_events_news_Speeches_2025_2025_11_11_iwb__p6,2025,11
Annet / administrativt / ikke kodbar,Other / administrative / not codable,Annet / administrativt / ikke kodbar,Other / administrative / not codable,Speech,https://www.norges-bank.no/en/news-events/news/Speeches/2025/2025-11-11-iwb/,Norges Bank,2025-11-11,15:30,p,7,24,https___www_norges_bank_no_en_news_events_news_Speeches_2025_2025_11_11_iwb_,https___www_norges_bank_no_en_news_events_news_Speeches_2025_2025_11_11_iwb__p7,2025,11
Utsikter / fremoverskuende signal,Outlook / forward guidance,Valutakurs og eksterne forhold,Exchange rate and external conditions,Speech,https://www.norges-bank.no/en/news-events/news/Speeches/2025/2025-11-11-iwb/,Norges Bank,2025-11-11,15:30,p,8,75,https___www_norges_bank_no_en_news_events_news_Speeches_2025_2025_11_11_iwb_,https___www_norges_bank_no_en_news_events_news_Speeches_2025_2025_11_11_iwb__p8,2025,11
Institusjonelt ansvar / mandat,Institutional accountability / mandate,Finansiell stabilitet og bank,Financial stability and banking,Speech,https://www.norges-bank.no/en/news-events/news/Speeches/2025/2025-11-11-iwb/,Norges Bank,2025-11-11,15:30,p,9,112,https___www_norges_bank_no_en_news_events_news_Speeches_2025_2025_11_11_iwb_,https___www_norges_bank_no_en_news_events_news_Speeches_2025_2025_11_11_iwb__p9,2025,11
Institusjonelt ansvar / mandat,Institutional accountability / mandate,Rente og pengepolitisk linje,Interest rates and monetary stance,Speech,https://www.norges-bank.no/en/news-events/news/Speeches/2025/2025-11-11-iwb/,Norges Bank,2025-11-11,15:30,p,10,57,https___www_norges_bank_no_en_news_events_news_Speeches_2025_2025_11_11_iwb_,https___www_norges_bank_no_en_news_events_news_Speeches_2025_2025_11_11_iwb__p10,2025,11
Utsikter / fremoverskuende signal,Outlook / forward guidance,Inflasjon og priser,Inflation and prices,Speech,https://www.norges-bank.no/en/news-events/news/Speeches/2025/2025-11-11-iwb/,Norges Bank,2025-11-11,15:30,p,11,83,https___www_norges_bank_no_en_news_events_news_Speeches_2025_2025_11_11_iwb_,https___www_norges_bank_no_en_news_events_news_Speeches_2025_2025_11_11_iwb__p11,2025,11
Utsikter / fremoverskuende signal,Outlook / forward guidance,Inflasjon og priser,Inflation and prices,Speech,https://www.norges-bank.no/en/news-events/news/Speeches/2025/2025-11-11-iwb/,Norges Bank,2025-11-11,15:30,p,12,59,https___www_norges_bank_no_en_news_events_news_Speeches_2025_2025_11_11_iwb_,https___www_norges_bank_no_en_news_events_news_Speeches_2025_2025_11_11_iwb__p12,2025,11
Politikkforklaring / begrunnelse,Policy explanation / justification,Inflasjon og priser,Inflation and prices,Speech,https://www.norges-bank.no/en/news-events/news/Speeches/2025/2025-11-11-iwb/,Norges Bank,2025-11-11,15:30,p,13,81,https___www_norges_bank_no_en_news_events_news_Speeches_2025_2025_11_11_iwb_,https___www_norges_bank_no_en_news_events_news_Speeches_2025_2025_11_11_iwb__p13,2025,11
Politikkforklaring / begrunnelse,Policy explanation / justification,Annet / administrativt / ikke kodbar,Other / administrative / not codable,Speech,https://www.norges-bank.no/en/news-events/news/Speeches/2025/2025-11-11-iwb/,Norges Bank,2025-11-11,15:30,p,14,116,https___www_norges_bank_no_en_news_events_news_Speeches_2025_2025_11_11_iwb_,https___www_norges_bank_no_en_news_events_news_Speeches_2025_2025_11_11_iwb__p14,2025,11
Politikkforklaring / begrunnelse,Policy explanation / justification,Rente og pengepolitisk linje,Interest rates and monetary stance,Speech,https://www.norges-bank.no/en/news-events/news/Speeches/2025/2025-11-11-iwb/,Norges Bank,2025-11-11,15:30,p,15,109,https___www_norges_bank_no_en_news_events_news_Speeches_2025_2025_11_11_iwb_,https___www_norges_bank_no_en_news_events_news_Speeches_2025_2025_11_11_iwb__p15,2025,11
Institusjonelt ansvar / mandat,Institutional accountability / mandate,Rente og pengepolitisk linje,Interest rates and monetary stance,Speech,https://www.norges-bank.no/en/news-events/news/Speeches/2025/2025-11-11-iwb/,Norges Bank,2025-11-11,15:30,p,16,132,https___www_norges_bank_no_en_news_events_news_Speeches_2025_2025_11_11_iwb_,https___www_norges_bank_no_en_news_events_news_Speeches_2025_2025_11_11_iwb__p16,2025,11
Politikkforklaring / begrunnelse,Policy explanation / justification,Rente og pengepolitisk linje,Interest rates and monetary stance,Speech,https://www.norges-bank.no/en/news-events/news/Speeches/2025/2025-11-11-iwb/,Norges Bank,2025-11-11,15:30,p,17,182,https___www_norges_bank_no_en_news_events_news_Speeches_2025_2025_11_11_iwb_,https___www_norges_bank_no_en_news_events_news_Speeches_2025_2025_11_11_iwb__p17,2025,11
Politikkforklaring / begrunnelse,Policy explanation / justification,Rente og pengepolitisk linje,Interest rates and monetary stance,Speech,https://www.norges-bank.no/en/news-events/news/Speeches/2025/2025-11-11-iwb/,Norges Bank,2025-11-11,15:30,p,18,43,https___www_norges_bank_no_en_news_events_news_Speeches_2025_2025_11_11_iwb_,https___www_norges_bank_no_en_news_events_news_Speeches_2025_2025_11_11_iwb__p18,2025,11
Risiko / usikkerhet,Risk / uncertainty,Finansiell stabilitet og bank,Financial stability and banking,Speech,https://www.norges-bank.no/en/news-events/news/Speeches/2025/2025-11-11-iwb/,Norges Bank,2025-11-11,15:30,p,19,136,https___www_norges_bank_no_en_news_events_news_Speeches_2025_2025_11_11_iwb_,https___www_norges_bank_no_en_news_events_news_Speeches_2025_2025_11_11_iwb__p19,2025,11
Politikkforklaring / begrunnelse,Policy explanation / justification,Rente og pengepolitisk linje,Interest rates and monetary stance,Speech,https://www.norges-bank.no/en/news-events/news/Speeches/2025/2025-11-11-iwb/,Norges Bank,2025-11-11,15:30,p,20,76,https___www_norges_bank_no_en_news_events_news_Speeches_2025_2025_11_11_iwb_,https___www_norges_bank_no_en_news_events_news_Speeches_2025_2025_11_11_iwb__p20,2025,11
Utsikter / fremoverskuende signal,Outlook / forward guidance,Rente og pengepolitisk linje,Interest rates and monetary stance,Speech,https://www.norges-bank.no/en/news-events/news/Speeches/2025/2025-11-06-pc/,Norges Bank,2025-11-06,10:30,li,5,6,https___www_norges_bank_no_en_news_events_news_Speeches_2025_2025_11_06_pc_,https___www_norges_bank_no_en_news_events_news_Speeches_2025_2025_11_06_pc__p5,2025,11
Institusjonelt ansvar / mandat,Institutional accountability / mandate,Rente og pengepolitisk linje,Interest rates and monetary stance,Speech,https://www.norges-bank.no/en/news-events/news/Speeches/2025/2025-11-06-pc/,Norges Bank,2025-11-06,10:30,p,6,22,https___www_norges_bank_no_en_news_events_news_Speeches_2025_2025_11_06_pc_,https___www_norges_bank_no_en_news_events_news_Speeches_2025_2025_11_06_pc__p6,2025,11
Politikkforklaring / begrunnelse,Policy explanation / justification,Rente og pengepolitisk linje,Interest rates and monetary stance,Speech,https://www.norges-bank.no/en/news-events/news/Speeches/2025/2025-11-06-pc/,Norges Bank,2025-11-06,10:30,p,7,18,https___www_norges_bank_no_en_news_events_news_Speeches_2025_2025_11_06_pc_,https___www_norges_bank_no_en_news_events_news_Speeches_2025_2025_11_06_pc__p7,2025,11
Institusjonelt ansvar / mandat,Institutional accountability / mandate,Økonomisk aktivitet og arbeidsmarked,Economic activity and labor market,Speech,https://www.norges-bank.no/en/news-events/news/Speeches/2025/2025-11-06-pc/,Norges Bank,2025-11-06,10:30,p,8,39,https___www_norges_bank_no_en_news_events_news_Speeches_2025_2025_11_06_pc_,https___www_norges_bank_no_en_news_events_news_Speeches_2025_2025_11_06_pc__p8,2025,11
Utsikter / fremoverskuende signal,Outlook / forward guidance,Rente og pengepolitisk linje,Interest rates and monetary stance,Speech,https://www.norges-bank.no/en/news-events/news/Speeches/2025/2025-11-06-pc/,Norges Bank,2025-11-06,10:30,p,9,14,https___www_norges_bank_no_en_news_events_news_Speeches_2025_2025_11_06_pc_,https___www_norges_bank_no_en_news_events_news_Speeches_2025_2025_11_06_pc__p9,2025,11
Utsikter / fremoverskuende signal,Outlook / forward guidance,Rente og pengepolitisk linje,Interest rates and monetary stance,Speech,https://www.norges-bank.no/en/news-events/news/Speeches/2025/2025-11-06-pc/,Norges Bank,2025-11-06,10:30,p,10,87,https___www_norges_bank_no_en_news_events_news_Speeches_2025_2025_11_06_pc_,https___www_norges_bank_no_en_news_events_news_Speeches_2025_2025_11_06_pc__p10,2025,11
Utsikter / fremoverskuende signal,Outlook / forward guidance,Rente og pengepolitisk linje,Interest rates and monetary stance,Speech,https://www.norges-bank.no/en/news-events/news/Speeches/2025/2025-11-06-pc/,Norges Bank,2025-11-06,10:30,p,11,59,https___www_norges_bank_no_en_news_events_news_Speeches_2025_2025_11_06_pc_,https___www_norges_bank_no_en_news_events_news_Speeches_2025_2025_11_06_pc__p11,2025,11
Utsikter / fremoverskuende signal,Outlook / forward guidance,Inflasjon og priser,Inflation and prices,Speech,https://www.norges-bank.no/en/news-events/news/Speeches/2025/2025-11-06-pc/,Norges Bank,2025-11-06,10:30,p,12,8,https___www_norges_bank_no_en_news_events_news_Speeches_2025_2025_11_06_pc_,https___www_norges_bank_no_en_news_events_news_Speeches_2025_2025_11_06_pc__p12,2025,11
Økonomisk situasjonsbeskrivelse / diagnose,Economic assessment / diagnosis,Inflasjon og priser,Inflation and prices,Speech,https://www.norges-bank.no/en/news-events/news/Speeches/2025/2025-11-06-pc/,Norges Bank,2025-11-06,10:30,p,13,88,https___www_norges_bank_no_en_news_events_news_Speeches_2025_2025_11_06_pc_,https___www_norges_bank_no_en_news_events_news_Speeches_2025_2025_11_06_pc__p13,2025,11
Utsikter / fremoverskuende signal,Outlook / forward guidance,Økonomisk aktivitet og arbeidsmarked,Economic activity and labor market,Speech,https://www.norges-bank.no/en/news-events/news/Speeches/2025/2025-11-06-pc/,Norges Bank,2025-11-06,10:30,p,14,9,https___www_norges_bank_no_en_news_events_news_Speeches_2025_2025_11_06_pc_,https___www_norges_bank_no_en_news_events_news_Speeches_2025_2025_11_06_pc__p14,2025,11
Økonomisk situasjonsbeskrivelse / diagnose,Economic assessment / diagnosis,Økonomisk aktivitet og arbeidsmarked,Economic activity and labor market,Speech,https://www.norges-bank.no/en/news-events/news/Speeches/2025/2025-11-06-pc/,Norges Bank,2025-11-06,10:30,p,15,73,https___www_norges_bank_no_en_news_events_news_Speeches_2025_2025_11_06_pc_,https___www_norges_bank_no_en_news_events_news_Speeches_2025_2025_11_06_pc__p15,2025,11
Utsikter / fremoverskuende signal,Outlook / forward guidance,Inflasjon og priser,Inflation and prices,Speech,https://www.norges-bank.no/en/news-events/news/Speeches/2025/2025-11-06-pc/,Norges Bank,2025-11-06,10:30,p,16,12,https___www_norges_bank_no_en_news_events_news_Speeches_2025_2025_11_06_pc_,https___www_norges_bank_no_en_news_events_news_Speeches_2025_2025_11_06_pc__p16,2025,11
Utsikter / fremoverskuende signal,Outlook / forward guidance,Inflasjon og priser,Inflation and prices,Speech,https://www.norges-bank.no/en/news-events/news/Speeches/2025/2025-11-06-pc/,Norges Bank,2025-11-06,10:30,p,17,85,https___www_norges_bank_no_en_news_events_news_Speeches_2025_2025_11_06_pc_,https___www_norges_bank_no_en_news_events_news_Speeches_2025_2025_11_06_pc__p17,2025,11
Utsikter / fremoverskuende signal,Outlook / forward guidance,Inflasjon og priser,Inflation and prices,Speech,https://www.norges-bank.no/en/news-events/news/Speeches/2025/2025-11-06-pc/,Norges Bank,2025-11-06,10:30,p,18,41,https___www_norges_bank_no_en_news_events_news_Speeches_2025_2025_11_06_pc_,https___www_norges_bank_no_en_news_events_news_Speeches_2025_2025_11_06_pc__p18,2025,11
Utsikter / fremoverskuende signal,Outlook / forward guidance,Rente og pengepolitisk linje,Interest rates and monetary stance,Speech,https://www.norges-bank.no/en/news-events/news/Speeches/2025/2025-11-06-pc/,Norges Bank,2025-11-06,10:30,li,19,5,https___www_norges_bank_no_en_news_events_news_Speeches_2025_2025_11_06_pc_,https___www_norges_bank_no_en_news_events_news_Speeches_2025_2025_11_06_pc__p19,2025,11
Institusjonelt ansvar / mandat,Institutional accountability / mandate,Finansiell stabilitet og bank,Financial stability and banking,Speech,https://www.norges-bank.no/en/news-events/news/Speeches/2025/2025-11-04-speech/,Norges Bank,2025-11-04,11:05,li,5,4,https___www_norges_bank_no_en_news_events_news_Speeches_2025_2025_11_04_speech_,https___www_norges_bank_no_en_news_events_news_Speeches_2025_2025_11_04_speech__p5,2025,11
Institusjonelt ansvar / mandat,Institutional accountability / mandate,Finansiell stabilitet og bank,Financial stability and banking,Speech,https://www.norges-bank.no/en/news-events/news/Speeches/2025/2025-11-04-speech/,Norges Bank,2025-11-04,11:05,p,6,16,https___www_norges_bank_no_en_news_events_news_Speeches_2025_2025_11_04_speech_,https___www_norges_bank_no_en_news_events_news_Speeches_2025_2025_11_04_speech__p6,2025,11
Utsikter / fremoverskuende signal,Outlook / forward guidance,Økonomisk aktivitet og arbeidsmarked,Economic activity and labor market,Speech,https://www.norges-bank.no/en/news-events/news/Speeches/2025/2025-11-04-speech/,Norges Bank,2025-11-04,11:05,p,7,13,https___www_norges_bank_no_en_news_events_news_Speeches_2025_2025_11_04_speech_,https___www_norges_bank_no_en_news_events_news_Speeches_2025_2025_11_04_speech__p7,2025,11
Institusjonelt ansvar / mandat,Institutional accountability / mandate,Finansiell stabilitet og bank,Financial stability and banking,Speech,https://www.norges-bank.no/en/news-events/news/Speeches/2025/2025-11-04-speech/,Norges Bank,2025-11-04,11:05,p,8,82,https___www_norges_bank_no_en_news_events_news_Speeches_2025_2025_11_04_speech_,https___www_norges_bank_no_en_news_events_news_Speeches_2025_2025_11_04_speech__p8,2025,11
Institusjonelt ansvar / mandat,Institutional accountability / mandate,Finansiell stabilitet og bank,Financial stability and banking,Speech,https://www.norges-bank.no/en/news-events/news/Speeches/2025/2025-11-04-speech/,Norges Bank,2025-11-04,11:05,p,9,71,https___www_norges_bank_no_en_news_events_news_Speeches_2025_2025_11_04_speech_,https___www_norges_bank_no_en_news_events_news_Speeches_2025_2025_11_04_speech__p9,2025,11
Institusjonelt ansvar / mandat,Institutional accountability / mandate,Annet / administrativt / ikke kodbar,Other / administrative / not codable,Speech,https://www.norges-bank.no/en/news-events/news/Speeches/2025/2025-11-04-speech/,Norges Bank,2025-11-04,11:05,p,10,90,https___www_norges_bank_no_en_news_events_news_Speeches_2025_2025_11_04_speech_,https___www_norges_bank_no_en_news_events_news_Speeches_2025_2025_11_04_speech__p10,2025,11
Risiko / usikkerhet,Risk / uncertainty,Annet / administrativt / ikke kodbar,Other / administrative / not codable,Speech,https://www.norges-bank.no/en/news-events/news/Speeches/2025/2025-11-04-speech/,Norges Bank,2025-11-04,11:05,p,11,30,https___www_norges_bank_no_en_news_events_news_Speeches_2025_2025_11_04_speech_,https___www_norges_bank_no_en_news_events_news_Speeches_2025_2025_11_04_speech__p11,2025,11
Annet / administrativt / ikke kodbar,Other / administrative / not codable,Finansiell stabilitet og bank,Financial stability and banking,Speech,https://www.norges-bank.no/en/news-events/news/Speeches/2025/2025-11-04-speech/,Norges Bank,2025-11-04,11:05,p,12,73,https___www_norges_bank_no_en_news_events_news_Speeches_2025_2025_11_04_speech_,https___www_norges_bank_no_en_news_events_news_Speeches_2025_2025_11_04_speech__p12,2025,11
Risiko / usikkerhet,Risk / uncertainty,Finansiell stabilitet og bank,Financial stability and banking,Speech,https://www.norges-bank.no/en/news-events/news/Speeches/2025/2025-11-04-speech/,Norges Bank,2025-11-04,11:05,p,13,74,https___www_norges_bank_no_en_news_events_news_Speeches_2025_2025_11_04_speech_,https___www_norges_bank_no_en_news_events_news_Speeches_2025_2025_11_04_speech__p13,2025,11
Politikkforklaring / begrunnelse,Policy explanation / justification,Finansiell stabilitet og bank,Financial stability and banking,Speech,https://www.norges-bank.no/en/news-events/news/Speeches/2025/2025-11-04-speech/,Norges Bank,2025-11-04,11:05,p,14,70,https___www_norges_bank_no_en_news_events_news_Speeches_2025_2025_11_04_speech_,https___www_norges_bank_no_en_news_events_news_Speeches_2025_2025_11_04_speech__p14,2025,11
Annet / administrativt / ikke kodbar,Other / administrative / not codable,Finansiell stabilitet og bank,Financial stability and banking,Speech,https://www.norges-bank.no/en/news-events/news/Speeches/2025/2025-11-04-speech/,Norges Bank,2025-11-04,11:05,p,15,68,https___www_norges_bank_no_en_news_events_news_Speeches_2025_2025_11_04_speech_,https___www_norges_bank_no_en_news_events_news_Speeches_2025_2025_11_04_speech__p15,2025,11
Politikkforklaring / begrunnelse,Policy explanation / justification,Finansiell stabilitet og bank,Financial stability and banking,Speech,https://www.norges-bank.no/en/news-events/news/Speeches/2025/2025-11-04-speech/,Norges Bank,2025-11-04,11:05,p,16,98,https___www_norges_bank_no_en_news_events_news_Speeches_2025_2025_11_04_speech_,https___www_norges_bank_no_en_news_events_news_Speeches_2025_2025_11_04_speech__p16,2025,11
Utsikter / fremoverskuende signal,Outlook / forward guidance,Rente og pengepolitisk linje,Interest rates and monetary stance,Speech,https://www.norges-bank.no/en/news-events/news/Speeches/2025/2025-11-04-speech/,Norges Bank,2025-11-04,11:05,p,17,87,https___www_norges_bank_no_en_news_events_news_Speeches_2025_2025_11_04_speech_,https___www_norges_bank_no_en_news_events_news_Speeches_2025_2025_11_04_speech__p17,2025,11
Utsikter / fremoverskuende signal,Outlook / forward guidance,Finansiell stabilitet og bank,Financial stability and banking,Speech,https://www.norges-bank.no/en/news-events/news/Speeches/2025/2025-11-04-speech/,Norges Bank,2025-11-04,11:05,p,18,34,https___www_norges_bank_no_en_news_events_news_Speeches_2025_2025_11_04_speech_,https___www_norges_bank_no_en_news_events_news_Speeches_2025_2025_11_04_speech__p18,2025,11
Utsikter / fremoverskuende signal,Outlook / forward guidance,Valutakurs og eksterne forhold,Exchange rate and external conditions,Speech,https://www.norges-bank.no/en/news-events/news/Speeches/2025/2025-11-04-speech/,Norges Bank,2025-11-04,11:05,p,19,85,https___www_norges_bank_no_en_news_events_news_Speeches_2025_2025_11_04_speech_,https___www_norges_bank_no_en_news_events_news_Speeches_2025_2025_11_04_speech__p19,2025,11
Utsikter / fremoverskuende signal,Outlook / forward guidance,Valutakurs og eksterne forhold,Exchange rate and external conditions,Speech,https://www.norges-bank.no/en/news-events/news/Speeches/2025/2025-11-04-speech/,Norges Bank,2025-11-04,11:05,p,20,100,https___www_norges_bank_no_en_news_events_news_Speeches_2025_2025_11_04_speech_,https___www_norges_bank_no_en_news_events_news_Speeches_2025_2025_11_04_speech__p20,2025,11
Politikkforklaring / begrunnelse,Policy explanation / justification,Valutakurs og eksterne forhold,Exchange rate and external conditions,Speech,https://www.norges-bank.no/en/news-events/news/Speeches/2025/2025-11-04-speech/,Norges Bank,2025-11-04,11:05,p,21,68,https___www_norges_bank_no_en_news_events_news_Speeches_2025_2025_11_04_speech_,https___www_norges_bank_no_en_news_events_news_Speeches_2025_2025_11_04_speech__p21,2025,11
Utsikter / fremoverskuende signal,Outlook / forward guidance,Finansiell stabilitet og bank,Financial stability and banking,Speech,https://www.norges-bank.no/en/news-events/news/Speeches/2025/2025-11-04-speech/,Norges Bank,2025-11-04,11:05,p,22,75,https___www_norges_bank_no_en_news_events_news_Speeches_2025_2025_11_04_speech_,https___www_norges_bank_no_en_news_events_news_Speeches_2025_2025_11_04_speech__p22,2025,11
Institusjonelt ansvar / mandat,Institutional accountability / mandate,Valutakurs og eksterne forhold,Exchange rate and external conditions,Speech,https://www.norges-bank.no/en/news-events/news/Speeches/2025/2025-11-04-speech/,Norges Bank,2025-11-04,11:05,p,23,134,https___www_norges_bank_no_en_news_events_news_Speeches_2025_2025_11_04_speech_,https___www_norges_bank_no_en_news_events_news_Speeches_2025_2025_11_04_speech__p23,2025,11
Risiko / usikkerhet,Risk / uncertainty,Valutakurs og eksterne forhold,Exchange rate and external conditions,Speech,https://www.norges-bank.no/en/news-events/news/Speeches/2025/2025-11-04-speech/,Norges Bank,2025-11-04,11:05,p,24,58,https___www_norges_bank_no_en_news_events_news_Speeches_2025_2025_11_04_speech_,https___www_norges_bank_no_en_news_events_news_Speeches_2025_2025_11_04_speech__p24,2025,11
Risiko / usikkerhet,Risk / uncertainty,Valutakurs og eksterne forhold,Exchange rate and external conditions,Speech,https://www.norges-bank.no/en/news-events/news/Speeches/2025/2025-11-04-speech/,Norges Bank,2025-11-04,11:05,p,25,38,https___www_norges_bank_no_en_news_events_news_Speeches_2025_2025_11_04_speech_,https___www_norges_bank_no_en_news_events_news_Speeches_2025_2025_11_04_speech__p25,2025,11
Risiko / usikkerhet,Risk / uncertainty,Finansiell stabilitet og bank,Financial stability and banking,Speech,https://www.norges-bank.no/en/news-events/news/Speeches/2025/2025-11-04-speech/,Norges Bank,2025-11-04,11:05,li,26,102,https___www_norges_bank_no_en_news_events_news_Speeches_2025_2025_11_04_speech_,https___www_norges_bank_no_en_news_events_news_Speeches_2025_2025_11_04_speech__p26,2025,11
Risiko / usikkerhet,Risk / uncertainty,Finansiell stabilitet og bank,Financial stability and banking,Speech,https://www.norges-bank.no/en/news-events/news/Speeches/2025/2025-11-04-speech/,Norges Bank,2025-11-04,11:05,li,27,30,https___www_norges_bank_no_en_news_events_news_Speeches_2025_2025_11_04_speech_,https___www_norges_bank_no_en_news_events_news_Speeches_2025_2025_11_04_speech__p27,2025,11
Risiko / usikkerhet,Risk / uncertainty,Finansiell stabilitet og bank,Financial stability and banking,Speech,https://www.norges-bank.no/en/news-events/news/Speeches/2025/2025-11-04-speech/,Norges Bank,2025-11-04,11:05,li,28,21,https___www_norges_bank_no_en_news_events_news_Speeches_2025_2025_11_04_speech_,https___www_norges_bank_no_en_news_events_news_Speeches_2025_2025_11_04_speech__p28,2025,11
Risiko / usikkerhet,Risk / uncertainty,Finansiell stabilitet og bank,Financial stability and banking,Speech,https://www.norges-bank.no/en/news-events/news/Speeches/2025/2025-11-04-speech/,Norges Bank,2025-11-04,11:05,p,29,50,https___www_norges_bank_no_en_news_events_news_Speeches_2025_2025_11_04_speech_,https___www_norges_bank_no_en_news_events_news_Speeches_2025_2025_11_04_speech__p29,2025,11
Risiko / usikkerhet,Risk / uncertainty,Valutakurs og eksterne forhold,Exchange rate and external conditions,Speech,https://www.norges-bank.no/en/news-events/news/Speeches/2025/2025-11-04-speech/,Norges Bank,2025-11-04,11:05,p,30,66,https___www_norges_bank_no_en_news_events_news_Speeches_2025_2025_11_04_speech_,https___www_norges_bank_no_en_news_events_news_Speeches_2025_2025_11_04_speech__p30,2025,11
Institusjonelt ansvar / mandat,Institutional accountability / mandate,Finansiell stabilitet og bank,Financial stability and banking,Speech,https://www.norges-bank.no/en/news-events/news/Speeches/2025/2025-11-04-speech/,Norges Bank,2025-11-04,11:05,p,31,39,https___www_norges_bank_no_en_news_events_news_Speeches_2025_2025_11_04_speech_,https___www_norges_bank_no_en_news_events_news_Speeches_2025_2025_11_04_speech__p31,2025,11
Politikkforklaring / begrunnelse,Policy explanation / justification,Finansiell stabilitet og bank,Financial stability and banking,Speech,https://www.norges-bank.no/en/news-events/news/Speeches/2025/2025-11-04-speech/,Norges Bank,2025-11-04,11:05,p,32,103,https___www_norges_bank_no_en_news_events_news_Speeches_2025_2025_11_04_speech_,https___www_norges_bank_no_en_news_events_news_Speeches_2025_2025_11_04_speech__p32,2025,11
Risiko / usikkerhet,Risk / uncertainty,Finansiell stabilitet og bank,Financial stability and banking,Speech,https://www.norges-bank.no/en/news-events/news/Speeches/2025/2025-11-04-speech/,Norges Bank,2025-11-04,11:05,p,33,56,https___www_norges_bank_no_en_news_events_news_Speeches_2025_2025_11_04_speech_,https___www_norges_bank_no_en_news_events_news_Speeches_2025_2025_11_04_speech__p33,2025,11
Institusjonelt ansvar / mandat,Institutional accountability / mandate,Annet / administrativt / ikke kodbar,Other / administrative / not codable,Speech,https://www.norges-bank.no/en/news-events/news/Speeches/2025/2025-11-04-speech/,Norges Bank,2025-11-04,11:05,p,34,58,https___www_norges_bank_no_en_news_events_news_Speeches_2025_2025_11_04_speech_,https___www_norges_bank_no_en_news_events_news_Speeches_2025_2025_11_04_speech__p34,2025,11
Institusjonelt ansvar / mandat,Institutional accountability / mandate,Finansiell stabilitet og bank,Financial stability and banking,Speech,https://www.norges-bank.no/en/news-events/news/Speeches/2025/2025-11-04-speech/,Norges Bank,2025-11-04,11:05,p,35,93,https___www_norges_bank_no_en_news_events_news_Speeches_2025_2025_11_04_speech_,https___www_norges_bank_no_en_news_events_news_Speeches_2025_2025_11_04_speech__p35,2025,11
Politikkforklaring / begrunnelse,Policy explanation / justification,Finansiell stabilitet og bank,Financial stability and banking,Speech,https://www.norges-bank.no/en/news-events/news/Speeches/2025/2025-11-04-speech/,Norges Bank,2025-11-04,11:05,p,36,108,https___www_norges_bank_no_en_news_events_news_Speeches_2025_2025_11_04_speech_,https___www_norges_bank_no_en_news_events_news_Speeches_2025_2025_11_04_speech__p36,2025,11
Institusjonelt ansvar / mandat,Institutional accountability / mandate,Finansiell stabilitet og bank,Financial stability and banking,Speech,https://www.norges-bank.no/en/news-events/news/Speeches/2025/2025-11-04-speech/,Norges Bank,2025-11-04,11:05,p,37,65,https___www_norges_bank_no_en_news_events_news_Speeches_2025_2025_11_04_speech_,https___www_norges_bank_no_en_news_events_news_Speeches_2025_2025_11_04_speech__p37,2025,11
Institusjonelt ansvar / mandat,Institutional accountability / mandate,Finansiell stabilitet og bank,Financial stability and banking,Speech,https://www.norges-bank.no/en/news-events/news/Speeches/2025/2025-11-04-speech/,Norges Bank,2025-11-04,11:05,p,38,160,https___www_norges_bank_no_en_news_events_news_Speeches_2025_2025_11_04_speech_,https___www_norges_bank_no_en_news_events_news_Speeches_2025_2025_11_04_speech__p38,2025,11
Institusjonelt ansvar / mandat,Institutional accountability / mandate,Valutakurs og eksterne forhold,Exchange rate and external conditions,Speech,https://www.norges-bank.no/en/news-events/news/Speeches/2025/2025-11-04-speech/,Norges Bank,2025-11-04,11:05,p,39,89,https___www_norges_bank_no_en_news_events_news_Speeches_2025_2025_11_04_speech_,https___www_norges_bank_no_en_news_events_news_Speeches_2025_2025_11_04_speech__p39,2025,11
Institusjonelt ansvar / mandat,Institutional accountability / mandate,Valutakurs og eksterne forhold,Exchange rate and external conditions,Speech,https://www.norges-bank.no/en/news-events/news/Speeches/2025/2025-11-04-speech/,Norges Bank,2025-11-04,11:05,p,40,61,https___www_norges_bank_no_en_news_events_news_Speeches_2025_2025_11_04_speech_,https___www_norges_bank_no_en_news_events_news_Speeches_2025_2025_11_04_speech__p40,2025,11
Institusjonelt ansvar / mandat,Institutional accountability / mandate,Finansiell stabilitet og bank,Financial stability and banking,Speech,https://www.norges-bank.no/en/news-events/news/Speeches/2025/2025-11-04-speech/,Norges Bank,2025-11-04,11:05,p,41,84,https___www_norges_bank_no_en_news_events_news_Speeches_2025_2025_11_04_speech_,https___www_norges_bank_no_en_news_events_news_Speeches_2025_2025_11_04_speech__p41,2025,11
Institusjonelt ansvar / mandat,Institutional accountability / mandate,Finansiell stabilitet og bank,Financial stability and banking,Speech,https://www.norges-bank.no/en/news-events/news/Speeches/2025/2025-11-04-speech/,Norges Bank,2025-11-04,11:05,p,42,111,https___www_norges_bank_no_en_news_events_news_Speeches_2025_2025_11_04_speech_,https___www_norges_bank_no_en_news_events_news_Speeches_2025_2025_11_04_speech__p42,2025,11
Institusjonelt ansvar / mandat,Institutional accountability / mandate,Finansiell stabilitet og bank,Financial stability and banking,Speech,https://www.norges-bank.no/en/news-events/news/Speeches/2025/2025-11-04-speech/,Norges Bank,2025-11-04,11:05,p,43,137,https___www_norges_bank_no_en_news_events_news_Speeches_2025_2025_11_04_speech_,https___www_norges_bank_no_en_news_events_news_Speeches_2025_2025_11_04_speech__p43,2025,11
Institusjonelt ansvar / mandat,Institutional accountability / mandate,Annet / administrativt / ikke kodbar,Other / administrative / not codable,Speech,https://www.norges-bank.no/en/news-events/news/Speeches/2025/2025-11-04-speech/,Norges Bank,2025-11-04,11:05,p,44,51,https___www_norges_bank_no_en_news_events_news_Speeches_2025_2025_11_04_speech_,https___www_norges_bank_no_en_news_events_news_Speeches_2025_2025_11_04_speech__p44,2025,11
Utsikter / fremoverskuende signal,Outlook / forward guidance,Finansiell stabilitet og bank,Financial stability and banking,Speech,https://www.norges-bank.no/en/news-events/news/Speeches/2025/2025-11-04-speech/,Norges Bank,2025-11-04,11:05,p,45,105,https___www_norges_bank_no_en_news_events_news_Speeches_2025_2025_11_04_speech_,https___www_norges_bank_no_en_news_events_news_Speeches_2025_2025_11_04_speech__p45,2025,11
Institusjonelt ansvar / mandat,Institutional accountability / mandate,Annet / administrativt / ikke kodbar,Other / administrative / not codable,Speech,https://www.norges-bank.no/en/news-events/news/Speeches/2025/2025-11-04-speech/,Norges Bank,2025-11-04,11:05,p,46,37,https___www_norges_bank_no_en_news_events_news_Speeches_2025_2025_11_04_speech_,https___www_norges_bank_no_en_news_events_news_Speeches_2025_2025_11_04_speech__p46,2025,11
Risiko / usikkerhet,Risk / uncertainty,Annet / administrativt / ikke kodbar,Other / administrative / not codable,Speech,https://www.norges-bank.no/en/news-events/news/Speeches/2025/2025-10-07-nhh/,Norges Bank,2025-10-07,12:15,li,5,5,https___www_norges_bank_no_en_news_events_news_Speeches_2025_2025_10_07_nhh_,https___www_norges_bank_no_en_news_events_news_Speeches_2025_2025_10_07_nhh__p5,2025,10
Institusjonelt ansvar / mandat,Institutional accountability / mandate,Annet / administrativt / ikke kodbar,Other / administrative / not codable,Speech,https://www.norges-bank.no/en/news-events/news/Speeches/2025/2025-10-07-nhh/,Norges Bank,2025-10-07,12:15,p,6,17,https___www_norges_bank_no_en_news_events_news_Speeches_2025_2025_10_07_nhh_,https___www_norges_bank_no_en_news_events_news_Speeches_2025_2025_10_07_nhh__p6,2025,10
Annet / administrativt / ikke kodbar,Other / administrative / not codable,Annet / administrativt / ikke kodbar,Other / administrative / not codable,Speech,https://www.norges-bank.no/en/news-events/news/Speeches/2025/2025-10-07-nhh/,Norges Bank,2025-10-07,12:15,p,7,66,https___www_norges_bank_no_en_news_events_news_Speeches_2025_2025_10_07_nhh_,https___www_norges_bank_no_en_news_events_news_Speeches_2025_2025_10_07_nhh__p7,2025,10
Utsikter / fremoverskuende signal,Outlook / forward guidance,Økonomisk aktivitet og arbeidsmarked,Economic activity and labor market,Speech,https://www.norges-bank.no/en/news-events/news/Speeches/2025/2025-10-07-nhh/,Norges Bank,2025-10-07,12:15,p,8,102,https___www_norges_bank_no_en_news_events_news_Speeches_2025_2025_10_07_nhh_,https___www_norges_bank_no_en_news_events_news_Speeches_2025_2025_10_07_nhh__p8,2025,10
Risiko / usikkerhet,Risk / uncertainty,Økonomisk aktivitet og arbeidsmarked,Economic activity and labor market,Speech,https://www.norges-bank.no/en/news-events/news/Speeches/2025/2025-10-07-nhh/,Norges Bank,2025-10-07,12:15,p,9,69,https___www_norges_bank_no_en_news_events_news_Speeches_2025_2025_10_07_nhh_,https___www_norges_bank_no_en_news_events_news_Speeches_2025_2025_10_07_nhh__p9,2025,10
Utsikter / fremoverskuende signal,Outlook / forward guidance,Økonomisk aktivitet og arbeidsmarked,Economic activity and labor market,Speech,https://www.norges-bank.no/en/news-events/news/Speeches/2025/2025-10-07-nhh/,Norges Bank,2025-10-07,12:15,p,10,37,https___www_norges_bank_no_en_news_events_news_Speeches_2025_2025_10_07_nhh_,https___www_norges_bank_no_en_news_events_news_Speeches_2025_2025_10_07_nhh__p10,2025,10
Utsikter / fremoverskuende signal,Outlook / forward guidance,Annet / administrativt / ikke kodbar,Other / administrative / not codable,Speech,https://www.norges-bank.no/en/news-events/news/Speeches/2025/2025-10-07-nhh/,Norges Bank,2025-10-07,12:15,p,11,37,https___www_norges_bank_no_en_news_events_news_Speeches_2025_2025_10_07_nhh_,https___www_norges_bank_no_en_news_events_news_Speeches_2025_2025_10_07_nhh__p11,2025,10
Politikkforklaring / begrunnelse,Policy explanation / justification,Økonomisk aktivitet og arbeidsmarked,Economic activity and labor market,Speech,https://www.norges-bank.no/en/news-events/news/Speeches/2025/2025-10-07-nhh/,Norges Bank,2025-10-07,12:15,p,12,23,https___www_norges_bank_no_en_news_events_news_Speeches_2025_2025_10_07_nhh_,https___www_norges_bank_no_en_news_events_news_Speeches_2025_2025_10_07_nhh__p12,2025,10
Risiko / usikkerhet,Risk / uncertainty,Annet / administrativt / ikke kodbar,Other / administrative / not codable,Speech,https://www.norges-bank.no/en/news-events/news/Speeches/2025/2025-10-07-nhh/,Norges Bank,2025-10-07,12:15,p,13,22,https___www_norges_bank_no_en_news_events_news_Speeches_2025_2025_10_07_nhh_,https___www_norges_bank_no_en_news_events_news_Speeches_2025_2025_10_07_nhh__p13,2025,10
Politikkforklaring / begrunnelse,Policy explanation / justification,Økonomisk aktivitet og arbeidsmarked,Economic activity and labor market,Speech,https://www.norges-bank.no/en/news-events/news/Speeches/2025/2025-10-07-nhh/,Norges Bank,2025-10-07,12:15,p,14,51,https___www_norges_bank_no_en_news_events_news_Speeches_2025_2025_10_07_nhh_,https___www_norges_bank_no_en_news_events_news_Speeches_2025_2025_10_07_nhh__p14,2025,10
Økonomisk situasjonsbeskrivelse / diagnose,Economic assessment / diagnosis,Økonomisk aktivitet og arbeidsmarked,Economic activity and labor market,Speech,https://www.norges-bank.no/en/news-events/news/Speeches/2025/2025-10-07-nhh/,Norges Bank,2025-10-07,12:15,p,15,109,https___www_norges_bank_no_en_news_events_news_Speeches_2025_2025_10_07_nhh_,https___www_norges_bank_no_en_news_events_news_Speeches_2025_2025_10_07_nhh__p15,2025,10
Utsikter / fremoverskuende signal,Outlook / forward guidance,Økonomisk aktivitet og arbeidsmarked,Economic activity and labor market,Speech,https://www.norges-bank.no/en/news-events/news/Speeches/2025/2025-10-07-nhh/,Norges Bank,2025-10-07,12:15,p,16,44,https___www_norges_bank_no_en_news_events_news_Speeches_2025_2025_10_07_nhh_,https___www_norges_bank_no_en_news_events_news_Speeches_2025_2025_10_07_nhh__p16,2025,10
Utsikter / fremoverskuende signal,Outlook / forward guidance,Inflasjon og priser,Inflation and prices,Speech,https://www.norges-bank.no/en/news-events/news/Speeches/2025/2025-10-07-nhh/,Norges Bank,2025-10-07,12:15,p,17,109,https___www_norges_bank_no_en_news_events_news_Speeches_2025_2025_10_07_nhh_,https___www_norges_bank_no_en_news_events_news_Speeches_2025_2025_10_07_nhh__p17,2025,10
Utsikter / fremoverskuende signal,Outlook / forward guidance,Økonomisk aktivitet og arbeidsmarked,Economic activity and labor market,Speech,https://www.norges-bank.no/en/news-events/news/Speeches/2025/2025-10-07-nhh/,Norges Bank,2025-10-07,12:15,p,18,16,https___www_norges_bank_no_en_news_events_news_Speeches_2025_2025_10_07_nhh_,https___www_norges_bank_no_en_news_events_news_Speeches_2025_2025_10_07_nhh__p18,2025,10
Utsikter / fremoverskuende signal,Outlook / forward guidance,Økonomisk aktivitet og arbeidsmarked,Economic activity and labor market,Speech,https://www.norges-bank.no/en/news-events/news/Speeches/2025/2025-10-07-nhh/,Norges Bank,2025-10-07,12:15,p,19,69,https___www_norges_bank_no_en_news_events_news_Speeches_2025_2025_10_07_nhh_,https___www_norges_bank_no_en_news_events_news_Speeches_2025_2025_10_07_nhh__p19,2025,10
Økonomisk situasjonsbeskrivelse / diagnose,Economic assessment / diagnosis,Økonomisk aktivitet og arbeidsmarked,Economic activity and labor market,Speech,https://www.norges-bank.no/en/news-events/news/Speeches/2025/2025-10-07-nhh/,Norges Bank,2025-10-07,12:15,p,20,83,https___www_norges_bank_no_en_news_events_news_Speeches_2025_2025_10_07_nhh_,https___www_norges_bank_no_en_news_events_news_Speeches_2025_2025_10_07_nhh__p20,2025,10
Utsikter / fremoverskuende signal,Outlook / forward guidance,Økonomisk aktivitet og arbeidsmarked,Economic activity and labor market,Speech,https://www.norges-bank.no/en/news-events/news/Speeches/2025/2025-10-07-nhh/,Norges Bank,2025-10-07,12:15,p,21,93,https___www_norges_bank_no_en_news_events_news_Speeches_2025_2025_10_07_nhh_,https___www_norges_bank_no_en_news_events_news_Speeches_2025_2025_10_07_nhh__p21,2025,10
Politikkforklaring / begrunnelse,Policy explanation / justification,Økonomisk aktivitet og arbeidsmarked,Economic activity and labor market,Speech,https://www.norges-bank.no/en/news-events/news/Speeches/2025/2025-10-07-nhh/,Norges Bank,2025-10-07,12:15,p,22,70,https___www_norges_bank_no_en_news_events_news_Speeches_2025_2025_10_07_nhh_,https___www_norges_bank_no_en_news_events_news_Speeches_2025_2025_10_07_nhh__p22,2025,10
Utsikter / fremoverskuende signal,Outlook / forward guidance,Inflasjon og priser,Inflation and prices,Speech,https://www.norges-bank.no/en/news-events/news/Speeches/2025/2025-10-07-nhh/,Norges Bank,2025-10-07,12:15,p,23,100,https___www_norges_bank_no_en_news_events_news_Speeches_2025_2025_10_07_nhh_,https___www_norges_bank_no_en_news_events_news_Speeches_2025_2025_10_07_nhh__p23,2025,10
Økonomisk situasjonsbeskrivelse / diagnose,Economic assessment / diagnosis,Økonomisk aktivitet og arbeidsmarked,Economic activity and labor market,Speech,https://www.norges-bank.no/en/news-events/news/Speeches/2025/2025-10-07-nhh/,Norges Bank,2025-10-07,12:15,p,24,26,https___www_norges_bank_no_en_news_events_news_Speeches_2025_2025_10_07_nhh_,https___www_norges_bank_no_en_news_events_news_Speeches_2025_2025_10_07_nhh__p24,2025,10
Økonomisk situasjonsbeskrivelse / diagnose,Economic assessment / diagnosis,Økonomisk aktivitet og arbeidsmarked,Economic activity and labor market,Speech,https://www.norges-bank.no/en/news-events/news/Speeches/2025/2025-10-07-nhh/,Norges Bank,2025-10-07,12:15,p,25,78,https___www_norges_bank_no_en_news_events_news_Speeches_2025_2025_10_07_nhh_,https___www_norges_bank_no_en_news_events_news_Speeches_2025_2025_10_07_nhh__p25,2025,10
Risiko / usikkerhet,Risk / uncertainty,Økonomisk aktivitet og arbeidsmarked,Economic activity and labor market,Speech,https://www.norges-bank.no/en/news-events/news/Speeches/2025/2025-10-07-nhh/,Norges Bank,2025-10-07,12:15,p,26,97,https___www_norges_bank_no_en_news_events_news_Speeches_2025_2025_10_07_nhh_,https___www_norges_bank_no_en_news_events_news_Speeches_2025_2025_10_07_nhh__p26,2025,10
Økonomisk situasjonsbeskrivelse / diagnose,Economic assessment / diagnosis,Økonomisk aktivitet og arbeidsmarked,Economic activity and labor market,Speech,https://www.norges-bank.no/en/news-events/news/Speeches/2025/2025-10-07-nhh/,Norges Bank,2025-10-07,12:15,p,27,49,https___www_norges_bank_no_en_news_events_news_Speeches_2025_2025_10_07_nhh_,https___www_norges_bank_no_en_news_events_news_Speeches_2025_2025_10_07_nhh__p27,2025,10
Risiko / usikkerhet,Risk / uncertainty,Inflasjon og priser,Inflation and prices,Speech,https://www.norges-bank.no/en/news-events/news/Speeches/2025/2025-10-07-nhh/,Norges Bank,2025-10-07,12:15,p,28,89,https___www_norges_bank_no_en_news_events_news_Speeches_2025_2025_10_07_nhh_,https___www_norges_bank_no_en_news_events_news_Speeches_2025_2025_10_07_nhh__p28,2025,10
Utsikter / fremoverskuende signal,Outlook / forward guidance,Inflasjon og priser,Inflation and prices,Speech,https://www.norges-bank.no/en/news-events/news/Speeches/2025/2025-10-07-nhh/,Norges Bank,2025-10-07,12:15,p,29,46,https___www_norges_bank_no_en_news_events_news_Speeches_2025_2025_10_07_nhh_,https___www_norges_bank_no_en_news_events_news_Speeches_2025_2025_10_07_nhh__p29,2025,10
Risiko / usikkerhet,Risk / uncertainty,Økonomisk aktivitet og arbeidsmarked,Economic activity and labor market,Speech,https://www.norges-bank.no/en/news-events/news/Speeches/2025/2025-10-07-nhh/,Norges Bank,2025-10-07,12:15,p,30,107,https___www_norges_bank_no_en_news_events_news_Speeches_2025_2025_10_07_nhh_,https___www_norges_bank_no_en_news_events_news_Speeches_2025_2025_10_07_nhh__p30,2025,10
Utsikter / fremoverskuende signal,Outlook / forward guidance,Valutakurs og eksterne forhold,Exchange rate and external conditions,Speech,https://www.norges-bank.no/en/news-events/news/Speeches/2025/2025-10-07-nhh/,Norges Bank,2025-10-07,12:15,p,31,91,https___www_norges_bank_no_en_news_events_news_Speeches_2025_2025_10_07_nhh_,https___www_norges_bank_no_en_news_events_news_Speeches_2025_2025_10_07_nhh__p31,2025,10
Utsikter / fremoverskuende signal,Outlook / forward guidance,Rente og pengepolitisk linje,Interest rates and monetary stance,Speech,https://www.norges-bank.no/en/news-events/news/Speeches/2025/2025-10-07-nhh/,Norges Bank,2025-10-07,12:15,p,32,20,https___www_norges_bank_no_en_news_events_news_Speeches_2025_2025_10_07_nhh_,https___www_norges_bank_no_en_news_events_news_Speeches_2025_2025_10_07_nhh__p32,2025,10
Utsikter / fremoverskuende signal,Outlook / forward guidance,Inflasjon og priser,Inflation and prices,Speech,https://www.norges-bank.no/en/news-events/news/Speeches/2025/2025-10-07-nhh/,Norges Bank,2025-10-07,12:15,p,33,67,https___www_norges_bank_no_en_news_events_news_Speeches_2025_2025_10_07_nhh_,https___www_norges_bank_no_en_news_events_news_Speeches_2025_2025_10_07_nhh__p33,2025,10
Utsikter / fremoverskuende signal,Outlook / forward guidance,Økonomisk aktivitet og arbeidsmarked,Economic activity and labor market,Speech,https://www.norges-bank.no/en/news-events/news/Speeches/2025/2025-10-07-nhh/,Norges Bank,2025-10-07,12:15,p,34,39,https___www_norges_bank_no_en_news_events_news_Speeches_2025_2025_10_07_nhh_,https___www_norges_bank_no_en_news_events_news_Speeches_2025_2025_10_07_nhh__p34,2025,10
Økonomisk situasjonsbeskrivelse / diagnose,Economic assessment / diagnosis,Økonomisk aktivitet og arbeidsmarked,Economic activity and labor market,Speech,https://www.norges-bank.no/en/news-events/news/Speeches/2025/2025-10-07-nhh/,Norges Bank,2025-10-07,12:15,p,35,45,https___www_norges_bank_no_en_news_events_news_Speeches_2025_2025_10_07_nhh_,https___www_norges_bank_no_en_news_events_news_Speeches_2025_2025_10_07_nhh__p35,2025,10
Institusjonelt ansvar / mandat,Institutional accountability / mandate,Inflasjon og priser,Inflation and prices,Speech,https://www.norges-bank.no/en/news-events/news/Speeches/2025/2025-10-07-nhh/,Norges Bank,2025-10-07,12:15,p,36,56,https___www_norges_bank_no_en_news_events_news_Speeches_2025_2025_10_07_nhh_,https___www_norges_bank_no_en_news_events_news_Speeches_2025_2025_10_07_nhh__p36,2025,10
Risiko / usikkerhet,Risk / uncertainty,Økonomisk aktivitet og arbeidsmarked,Economic activity and labor market,Speech,https://www.norges-bank.no/en/news-events/news/Speeches/2025/2025-10-07-nhh/,Norges Bank,2025-10-07,12:15,p,37,29,https___www_norges_bank_no_en_news_events_news_Speeches_2025_2025_10_07_nhh_,https___www_norges_bank_no_en_news_events_news_Speeches_2025_2025_10_07_nhh__p37,2025,10
Utsikter / fremoverskuende signal,Outlook / forward guidance,Rente og pengepolitisk linje,Interest rates and monetary stance,Speech,https://www.norges-bank.no/en/news-events/news/Speeches/2025/2025-10-07-nhh/,Norges Bank,2025-10-07,12:15,p,38,8,https___www_norges_bank_no_en_news_events_news_Speeches_2025_2025_10_07_nhh_,https___www_norges_bank_no_en_news_events_news_Speeches_2025_2025_10_07_nhh__p38,2025,10
Institusjonelt ansvar / mandat,Institutional accountability / mandate,Økonomisk aktivitet og arbeidsmarked,Economic activity and labor market,Speech,https://www.norges-bank.no/en/news-events/news/Speeches/2025/2025-10-07-nhh/,Norges Bank,2025-10-07,12:15,p,39,30,https___www_norges_bank_no_en_news_events_news_Speeches_2025_2025_10_07_nhh_,https___www_norges_bank_no_en_news_events_news_Speeches_2025_2025_10_07_nhh__p39,2025,10
Økonomisk situasjonsbeskrivelse / diagnose,Economic assessment / diagnosis,Økonomisk aktivitet og arbeidsmarked,Economic activity and labor market,Speech,https://www.norges-bank.no/en/news-events/news/Speeches/2025/2025-10-07-nhh/,Norges Bank,2025-10-07,12:15,p,40,47,https___www_norges_bank_no_en_news_events_news_Speeches_2025_2025_10_07_nhh_,https___www_norges_bank_no_en_news_events_news_Speeches_2025_2025_10_07_nhh__p40,2025,10
Økonomisk situasjonsbeskrivelse / diagnose,Economic assessment / diagnosis,Økonomisk aktivitet og arbeidsmarked,Economic activity and labor market,Speech,https://www.norges-bank.no/en/news-events/news/Speeches/2025/2025-10-07-nhh/,Norges Bank,2025-10-07,12:15,p,41,33,https___www_norges_bank_no_en_news_events_news_Speeches_2025_2025_10_07_nhh_,https___www_norges_bank_no_en_news_events_news_Speeches_2025_2025_10_07_nhh__p41,2025,10
Politikkforklaring / begrunnelse,Policy explanation / justification,Rente og pengepolitisk linje,Interest rates and monetary stance,Speech,https://www.norges-bank.no/en/news-events/news/Speeches/2025/2025-10-07-nhh/,Norges Bank,2025-10-07,12:15,p,42,95,https___www_norges_bank_no_en_news_events_news_Speeches_2025_2025_10_07_nhh_,https___www_norges_bank_no_en_news_events_news_Speeches_2025_2025_10_07_nhh__p42,2025,10
Utsikter / fremoverskuende signal,Outlook / forward guidance,Økonomisk aktivitet og arbeidsmarked,Economic activity and labor market,Speech,https://www.norges-bank.no/en/news-events/news/Speeches/2025/2025-10-07-nhh/,Norges Bank,2025-10-07,12:15,p,43,17,https___www_norges_bank_no_en_news_events_news_Speeches_2025_2025_10_07_nhh_,https___www_norges_bank_no_en_news_events_news_Speeches_2025_2025_10_07_nhh__p43,2025,10
Utsikter / fremoverskuende signal,Outlook / forward guidance,Inflasjon og priser,Inflation and prices,Speech,https://www.norges-bank.no/en/news-events/news/Speeches/2025/2025-10-07-nhh/,Norges Bank,2025-10-07,12:15,p,44,30,https___www_norges_bank_no_en_news_events_news_Speeches_2025_2025_10_07_nhh_,https___www_norges_bank_no_en_news_events_news_Speeches_2025_2025_10_07_nhh__p44,2025,10
Økonomisk situasjonsbeskrivelse / diagnose,Economic assessment / diagnosis,Inflasjon og priser,Inflation and prices,Speech,https://www.norges-bank.no/en/news-events/news/Speeches/2025/2025-10-07-nhh/,Norges Bank,2025-10-07,12:15,p,45,41,https___www_norges_bank_no_en_news_events_news_Speeches_2025_2025_10_07_nhh_,https___www_norges_bank_no_en_news_events_news_Speeches_2025_2025_10_07_nhh__p45,2025,10
Politikkforklaring / begrunnelse,Policy explanation / justification,Inflasjon og priser,Inflation and prices,Speech,https://www.norges-bank.no/en/news-events/news/Speeches/2025/2025-10-07-nhh/,Norges Bank,2025-10-07,12:15,p,46,20,https___www_norges_bank_no_en_news_events_news_Speeches_2025_2025_10_07_nhh_,https___www_norges_bank_no_en_news_events_news_Speeches_2025_2025_10_07_nhh__p46,2025,10
Politikkforklaring / begrunnelse,Policy explanation / justification,Økonomisk aktivitet og arbeidsmarked,Economic activity and labor market,Speech,https://www.norges-bank.no/en/news-events/news/Speeches/2025/2025-10-07-nhh/,Norges Bank,2025-10-07,12:15,p,47,59,https___www_norges_bank_no_en_news_events_news_Speeches_2025_2025_10_07_nhh_,https___www_norges_bank_no_en_news_events_news_Speeches_2025_2025_10_07_nhh__p47,2025,10
Politikkforklaring / begrunnelse,Policy explanation / justification,Økonomisk aktivitet og arbeidsmarked,Economic activity and labor market,Speech,https://www.norges-bank.no/en/news-events/news/Speeches/2025/2025-10-07-nhh/,Norges Bank,2025-10-07,12:15,p,48,55,https___www_norges_bank_no_en_news_events_news_Speeches_2025_2025_10_07_nhh_,https___www_norges_bank_no_en_news_events_news_Speeches_2025_2025_10_07_nhh__p48,2025,10
Utsikter / fremoverskuende signal,Outlook / forward guidance,Inflasjon og priser,Inflation and prices,Speech,https://www.norges-bank.no/en/news-events/news/Speeches/2025/2025-10-07-nhh/,Norges Bank,2025-10-07,12:15,p,49,41,https___www_norges_bank_no_en_news_events_news_Speeches_2025_2025_10_07_nhh_,https___www_norges_bank_no_en_news_events_news_Speeches_2025_2025_10_07_nhh__p49,2025,10
Politikkforklaring / begrunnelse,Policy explanation / justification,Økonomisk aktivitet og arbeidsmarked,Economic activity and labor market,Speech,https://www.norges-bank.no/en/news-events/news/Speeches/2025/2025-10-07-nhh/,Norges Bank,2025-10-07,12:15,p,50,57,https___www_norges_bank_no_en_news_events_news_Speeches_2025_2025_10_07_nhh_,https___www_norges_bank_no_en_news_events_news_Speeches_2025_2025_10_07_nhh__p50,2025,10
Utsikter / fremoverskuende signal,Outlook / forward guidance,Økonomisk aktivitet og arbeidsmarked,Economic activity and labor market,Speech,https://www.norges-bank.no/en/news-events/news/Speeches/2025/2025-10-07-nhh/,Norges Bank,2025-10-07,12:15,p,51,45,https___www_norges_bank_no_en_news_events_news_Speeches_2025_2025_10_07_nhh_,https___www_norges_bank_no_en_news_events_news_Speeches_2025_2025_10_07_nhh__p51,2025,10
Politikkforklaring / begrunnelse,Policy explanation / justification,Inflasjon og priser,Inflation and prices,Speech,https://www.norges-bank.no/en/news-events/news/Speeches/2025/2025-10-07-nhh/,Norges Bank,2025-10-07,12:15,p,52,26,https___www_norges_bank_no_en_news_events_news_Speeches_2025_2025_10_07_nhh_,https___www_norges_bank_no_en_news_events_news_Speeches_2025_2025_10_07_nhh__p52,2025,10
Politikkforklaring / begrunnelse,Policy explanation / justification,Inflasjon og priser,Inflation and prices,Speech,https://www.norges-bank.no/en/news-events/news/Speeches/2025/2025-10-07-nhh/,Norges Bank,2025-10-07,12:15,p,53,89,https___www_norges_bank_no_en_news_events_news_Speeches_2025_2025_10_07_nhh_,https___www_norges_bank_no_en_news_events_news_Speeches_2025_2025_10_07_nhh__p53,2025,10
Politikkforklaring / begrunnelse,Policy explanation / justification,Inflasjon og priser,Inflation and prices,Speech,https://www.norges-bank.no/en/news-events/news/Speeches/2025/2025-10-07-nhh/,Norges Bank,2025-10-07,12:15,p,54,66,https___www_norges_bank_no_en_news_events_news_Speeches_2025_2025_10_07_nhh_,https___www_norges_bank_no_en_news_events_news_Speeches_2025_2025_10_07_nhh__p54,2025,10
Politikkforklaring / begrunnelse,Policy explanation / justification,Inflasjon og priser,Inflation and prices,Speech,https://www.norges-bank.no/en/news-events/news/Speeches/2025/2025-10-07-nhh/,Norges Bank,2025-10-07,12:15,p,55,55,https___www_norges_bank_no_en_news_events_news_Speeches_2025_2025_10_07_nhh_,https___www_norges_bank_no_en_news_events_news_Speeches_2025_2025_10_07_nhh__p55,2025,10
Politikkforklaring / begrunnelse,Policy explanation / justification,Økonomisk aktivitet og arbeidsmarked,Economic activity and labor market,Speech,https://www.norges-bank.no/en/news-events/news/Speeches/2025/2025-10-07-nhh/,Norges Bank,2025-10-07,12:15,p,56,57,https___www_norges_bank_no_en_news_events_news_Speeches_2025_2025_10_07_nhh_,https___www_norges_bank_no_en_news_events_news_Speeches_2025_2025_10_07_nhh__p56,2025,10
Utsikter / fremoverskuende signal,Outlook / forward guidance,Rente og pengepolitisk linje,Interest rates and monetary stance,Speech,https://www.norges-bank.no/en/news-events/news/Speeches/2025/2025-10-07-nhh/,Norges Bank,2025-10-07,12:15,p,57,85,https___www_norges_bank_no_en_news_events_news_Speeches_2025_2025_10_07_nhh_,https___www_norges_bank_no_en_news_events_news_Speeches_2025_2025_10_07_nhh__p57,2025,10
Risiko / usikkerhet,Risk / uncertainty,Rente og pengepolitisk linje,Interest rates and monetary stance,Speech,https://www.norges-bank.no/en/news-events/news/Speeches/2025/2025-10-07-nhh/,Norges Bank,2025-10-07,12:15,p,58,121,https___www_norges_bank_no_en_news_events_news_Speeches_2025_2025_10_07_nhh_,https___www_norges_bank_no_en_news_events_news_Speeches_2025_2025_10_07_nhh__p58,2025,10
Risiko / usikkerhet,Risk / uncertainty,Annet / administrativt / ikke kodbar,Other / administrative / not codable,Speech,https://www.norges-bank.no/en/news-events/news/Speeches/2025/2025-10-07-nhh/,Norges Bank,2025-10-07,12:15,p,59,8,https___www_norges_bank_no_en_news_events_news_Speeches_2025_2025_10_07_nhh_,https___www_norges_bank_no_en_news_events_news_Speeches_2025_2025_10_07_nhh__p59,2025,10
Institusjonelt ansvar / mandat,Institutional accountability / mandate,Rente og pengepolitisk linje,Interest rates and monetary stance,Speech,https://www.norges-bank.no/en/news-events/news/Speeches/2025/2025-10-07-nhh/,Norges Bank,2025-10-07,12:15,p,60,68,https___www_norges_bank_no_en_news_events_news_Speeches_2025_2025_10_07_nhh_,https___www_norges_bank_no_en_news_events_news_Speeches_2025_2025_10_07_nhh__p60,2025,10
Institusjonelt ansvar / mandat,Institutional accountability / mandate,Annet / administrativt / ikke kodbar,Other / administrative / not codable,Speech,https://www.norges-bank.no/en/news-events/news/Speeches/2025/2025-10-07-nhh/,Norges Bank,2025-10-07,12:15,p,61,39,https___www_norges_bank_no_en_news_events_news_Speeches_2025_2025_10_07_nhh_,https___www_norges_bank_no_en_news_events_news_Speeches_2025_2025_10_07_nhh__p61,2025,10
Institusjonelt ansvar / mandat,Institutional accountability / mandate,Annet / administrativt / ikke kodbar,Other / administrative / not codable,Speech,https://www.norges-bank.no/en/news-events/news/Speeches/2025/2025-10-07-nhh/,Norges Bank,2025-10-07,12:15,p,62,27,https___www_norges_bank_no_en_news_events_news_Speeches_2025_2025_10_07_nhh_,https___www_norges_bank_no_en_news_events_news_Speeches_2025_2025_10_07_nhh__p62,2025,10
Institusjonelt ansvar / mandat,Institutional accountability / mandate,Rente og pengepolitisk linje,Interest rates and monetary stance,Speech,https://www.norges-bank.no/en/news-events/news/Speeches/2025/2025-10-07-nhh/,Norges Bank,2025-10-07,12:15,p,63,23,https___www_norges_bank_no_en_news_events_news_Speeches_2025_2025_10_07_nhh_,https___www_norges_bank_no_en_news_events_news_Speeches_2025_2025_10_07_nhh__p63,2025,10
Politikkforklaring / begrunnelse,Policy explanation / justification,Rente og pengepolitisk linje,Interest rates and monetary stance,Speech,https://www.norges-bank.no/en/news-events/news/Speeches/2025/2025-10-07-nhh/,Norges Bank,2025-10-07,12:15,p,64,37,https___www_norges_bank_no_en_news_events_news_Speeches_2025_2025_10_07_nhh_,https___www_norges_bank_no_en_news_events_news_Speeches_2025_2025_10_07_nhh__p64,2025,10
Institusjonelt ansvar / mandat,Institutional accountability / mandate,Annet / administrativt / ikke kodbar,Other / administrative / not codable,Speech,https://www.norges-bank.no/en/news-events/news/Speeches/2025/2025-10-07-nhh/,Norges Bank,2025-10-07,12:15,p,65,45,https___www_norges_bank_no_en_news_events_news_Speeches_2025_2025_10_07_nhh_,https___www_norges_bank_no_en_news_events_news_Speeches_2025_2025_10_07_nhh__p65,2025,10
Utsikter / fremoverskuende signal,Outlook / forward guidance,Inflasjon og priser,Inflation and prices,Speech,https://www.norges-bank.no/en/news-events/news/Speeches/2025/2025-10-07-nhh/,Norges Bank,2025-10-07,12:15,p,66,49,https___www_norges_bank_no_en_news_events_news_Speeches_2025_2025_10_07_nhh_,https___www_norges_bank_no_en_news_events_news_Speeches_2025_2025_10_07_nhh__p66,2025,10
Politikkforklaring / begrunnelse,Policy explanation / justification,Inflasjon og priser,Inflation and prices,Speech,https://www.norges-bank.no/en/news-events/news/Speeches/2025/2025-10-07-nhh/,Norges Bank,2025-10-07,12:15,p,67,41,https___www_norges_bank_no_en_news_events_news_Speeches_2025_2025_10_07_nhh_,https___www_norges_bank_no_en_news_events_news_Speeches_2025_2025_10_07_nhh__p67,2025,10
Risiko / usikkerhet,Risk / uncertainty,Økonomisk aktivitet og arbeidsmarked,Economic activity and labor market,Speech,https://www.norges-bank.no/en/news-events/news/Speeches/2025/2025-10-07-nhh/,Norges Bank,2025-10-07,12:15,p,68,125,https___www_norges_bank_no_en_news_events_news_Speeches_2025_2025_10_07_nhh_,https___www_norges_bank_no_en_news_events_news_Speeches_2025_2025_10_07_nhh__p68,2025,10
Politikkforklaring / begrunnelse,Policy explanation / justification,Rente og pengepolitisk linje,Interest rates and monetary stance,Speech,https://www.norges-bank.no/en/news-events/news/Speeches/2025/2025-09-18-pc/,Norges Bank,2025-09-18,10:30,li,5,6,https___www_norges_bank_no_en_news_events_news_Speeches_2025_2025_09_18_pc_,https___www_norges_bank_no_en_news_events_news_Speeches_2025_2025_09_18_pc__p5,2025,9
Institusjonelt ansvar / mandat,Institutional accountability / mandate,Rente og pengepolitisk linje,Interest rates and monetary stance,Speech,https://www.norges-bank.no/en/news-events/news/Speeches/2025/2025-09-18-pc/,Norges Bank,2025-09-18,10:30,p,6,22,https___www_norges_bank_no_en_news_events_news_Speeches_2025_2025_09_18_pc_,https___www_norges_bank_no_en_news_events_news_Speeches_2025_2025_09_18_pc__p6,2025,9
Politikkforklaring / begrunnelse,Policy explanation / justification,Rente og pengepolitisk linje,Interest rates and monetary stance,Speech,https://www.norges-bank.no/en/news-events/news/Speeches/2025/2025-09-18-pc/,Norges Bank,2025-09-18,10:30,p,7,8,https___www_norges_bank_no_en_news_events_news_Speeches_2025_2025_09_18_pc_,https___www_norges_bank_no_en_news_events_news_Speeches_2025_2025_09_18_pc__p7,2025,9
Politikkforklaring / begrunnelse,Policy explanation / justification,Rente og pengepolitisk linje,Interest rates and monetary stance,Speech,https://www.norges-bank.no/en/news-events/news/Speeches/2025/2025-09-18-pc/,Norges Bank,2025-09-18,10:30,p,8,17,https___www_norges_bank_no_en_news_events_news_Speeches_2025_2025_09_18_pc_,https___www_norges_bank_no_en_news_events_news_Speeches_2025_2025_09_18_pc__p8,2025,9
Institusjonelt ansvar / mandat,Institutional accountability / mandate,Økonomisk aktivitet og arbeidsmarked,Economic activity and labor market,Speech,https://www.norges-bank.no/en/news-events/news/Speeches/2025/2025-09-18-pc/,Norges Bank,2025-09-18,10:30,p,9,39,https___www_norges_bank_no_en_news_events_news_Speeches_2025_2025_09_18_pc_,https___www_norges_bank_no_en_news_events_news_Speeches_2025_2025_09_18_pc__p9,2025,9
Utsikter / fremoverskuende signal,Outlook / forward guidance,Rente og pengepolitisk linje,Interest rates and monetary stance,Speech,https://www.norges-bank.no/en/news-events/news/Speeches/2025/2025-09-18-pc/,Norges Bank,2025-09-18,10:30,p,10,89,https___www_norges_bank_no_en_news_events_news_Speeches_2025_2025_09_18_pc_,https___www_norges_bank_no_en_news_events_news_Speeches_2025_2025_09_18_pc__p10,2025,9
Politikkforklaring / begrunnelse,Policy explanation / justification,Rente og pengepolitisk linje,Interest rates and monetary stance,Speech,https://www.norges-bank.no/en/news-events/news/Speeches/2025/2025-09-18-pc/,Norges Bank,2025-09-18,10:30,p,11,68,https___www_norges_bank_no_en_news_events_news_Speeches_2025_2025_09_18_pc_,https___www_norges_bank_no_en_news_events_news_Speeches_2025_2025_09_18_pc__p11,2025,9
Utsikter / fremoverskuende signal,Outlook / forward guidance,Rente og pengepolitisk linje,Interest rates and monetary stance,Speech,https://www.norges-bank.no/en/news-events/news/Speeches/2025/2025-09-18-pc/,Norges Bank,2025-09-18,10:30,p,12,8,https___www_norges_bank_no_en_news_events_news_Speeches_2025_2025_09_18_pc_,https___www_norges_bank_no_en_news_events_news_Speeches_2025_2025_09_18_pc__p12,2025,9
Utsikter / fremoverskuende signal,Outlook / forward guidance,Rente og pengepolitisk linje,Interest rates and monetary stance,Speech,https://www.norges-bank.no/en/news-events/news/Speeches/2025/2025-09-18-pc/,Norges Bank,2025-09-18,10:30,p,13,85,https___www_norges_bank_no_en_news_events_news_Speeches_2025_2025_09_18_pc_,https___www_norges_bank_no_en_news_events_news_Speeches_2025_2025_09_18_pc__p13,2025,9
Risiko / usikkerhet,Risk / uncertainty,Økonomisk aktivitet og arbeidsmarked,Economic activity and labor market,Speech,https://www.norges-bank.no/en/news-events/news/Speeches/2025/2025-09-18-pc/,Norges Bank,2025-09-18,10:30,p,14,24,https___www_norges_bank_no_en_news_events_news_Speeches_2025_2025_09_18_pc_,https___www_norges_bank_no_en_news_events_news_Speeches_2025_2025_09_18_pc__p14,2025,9
Institusjonelt ansvar / mandat,Institutional accountability / mandate,Økonomisk aktivitet og arbeidsmarked,Economic activity and labor market,Speech,https://www.norges-bank.no/en/news-events/news/Speeches/2025/2025-09-18-pc/,Norges Bank,2025-09-18,10:30,p,15,17,https___www_norges_bank_no_en_news_events_news_Speeches_2025_2025_09_18_pc_,https___www_norges_bank_no_en_news_events_news_Speeches_2025_2025_09_18_pc__p15,2025,9
Utsikter / fremoverskuende signal,Outlook / forward guidance,Økonomisk aktivitet og arbeidsmarked,Economic activity and labor market,Speech,https://www.norges-bank.no/en/news-events/news/Speeches/2025/2025-09-18-pc/,Norges Bank,2025-09-18,10:30,p,16,10,https___www_norges_bank_no_en_news_events_news_Speeches_2025_2025_09_18_pc_,https___www_norges_bank_no_en_news_events_news_Speeches_2025_2025_09_18_pc__p16,2025,9
Utsikter / fremoverskuende signal,Outlook / forward guidance,Økonomisk aktivitet og arbeidsmarked,Economic activity and labor market,Speech,https://www.norges-bank.no/en/news-events/news/Speeches/2025/2025-09-18-pc/,Norges Bank,2025-09-18,10:30,p,17,55,https___www_norges_bank_no_en_news_events_news_Speeches_2025_2025_09_18_pc_,https___www_norges_bank_no_en_news_events_news_Speeches_2025_2025_09_18_pc__p17,2025,9
Utsikter / fremoverskuende signal,Outlook / forward guidance,Økonomisk aktivitet og arbeidsmarked,Economic activity and labor market,Speech,https://www.norges-bank.no/en/news-events/news/Speeches/2025/2025-09-18-pc/,Norges Bank,2025-09-18,10:30,p,18,27,https___www_norges_bank_no_en_news_events_news_Speeches_2025_2025_09_18_pc_,https___www_norges_bank_no_en_news_events_news_Speeches_2025_2025_09_18_pc__p18,2025,9
Utsikter / fremoverskuende signal,Outlook / forward guidance,Økonomisk aktivitet og arbeidsmarked,Economic activity and labor market,Speech,https://www.norges-bank.no/en/news-events/news/Speeches/2025/2025-09-18-pc/,Norges Bank,2025-09-18,10:30,p,19,45,https___www_norges_bank_no_en_news_events_news_Speeches_2025_2025_09_18_pc_,https___www_norges_bank_no_en_news_events_news_Speeches_2025_2025_09_18_pc__p19,2025,9
Utsikter / fremoverskuende signal,Outlook / forward guidance,Inflasjon og priser,Inflation and prices,Speech,https://www.norges-bank.no/en/news-events/news/Speeches/2025/2025-09-18-pc/,Norges Bank,2025-09-18,10:30,p,20,8,https___www_norges_bank_no_en_news_events_news_Speeches_2025_2025_09_18_pc_,https___www_norges_bank_no_en_news_events_news_Speeches_2025_2025_09_18_pc__p20,2025,9
Økonomisk situasjonsbeskrivelse / diagnose,Economic assessment / diagnosis,Inflasjon og priser,Inflation and prices,Speech,https://www.norges-bank.no/en/news-events/news/Speeches/2025/2025-09-18-pc/,Norges Bank,2025-09-18,10:30,p,21,45,https___www_norges_bank_no_en_news_events_news_Speeches_2025_2025_09_18_pc_,https___www_norges_bank_no_en_news_events_news_Speeches_2025_2025_09_18_pc__p21,2025,9
Økonomisk situasjonsbeskrivelse / diagnose,Economic assessment / diagnosis,Inflasjon og priser,Inflation and prices,Speech,https://www.norges-bank.no/en/news-events/news/Speeches/2025/2025-09-18-pc/,Norges Bank,2025-09-18,10:30,p,22,58,https___www_norges_bank_no_en_news_events_news_Speeches_2025_2025_09_18_pc_,https___www_norges_bank_no_en_news_events_news_Speeches_2025_2025_09_18_pc__p22,2025,9
Utsikter / fremoverskuende signal,Outlook / forward guidance,Inflasjon og priser,Inflation and prices,Speech,https://www.norges-bank.no/en/news-events/news/Speeches/2025/2025-09-18-pc/,Norges Bank,2025-09-18,10:30,p,23,12,https___www_norges_bank_no_en_news_events_news_Speeches_2025_2025_09_18_pc_,https___www_norges_bank_no_en_news_events_news_Speeches_2025_2025_09_18_pc__p23,2025,9
Utsikter / fremoverskuende signal,Outlook / forward guidance,Økonomisk aktivitet og arbeidsmarked,Economic activity and labor market,Speech,https://www.norges-bank.no/en/news-events/news/Speeches/2025/2025-09-18-pc/,Norges Bank,2025-09-18,10:30,p,24,83,https___www_norges_bank_no_en_news_events_news_Speeches_2025_2025_09_18_pc_,https___www_norges_bank_no_en_news_events_news_Speeches_2025_2025_09_18_pc__p24,2025,9
Risiko / usikkerhet,Risk / uncertainty,Valutakurs og eksterne forhold,Exchange rate and external conditions,Speech,https://www.norges-bank.no/en/news-events/news/Speeches/2025/2025-09-18-pc/,Norges Bank,2025-09-18,10:30,p,25,42,https___www_norges_bank_no_en_news_events_news_Speeches_2025_2025_09_18_pc_,https___www_norges_bank_no_en_news_events_news_Speeches_2025_2025_09_18_pc__p25,2025,9
Utsikter / fremoverskuende signal,Outlook / forward guidance,Økonomisk aktivitet og arbeidsmarked,Economic activity and labor market,Speech,https://www.norges-bank.no/en/news-events/news/Speeches/2025/2025-09-18-pc/,Norges Bank,2025-09-18,10:30,p,26,61,https___www_norges_bank_no_en_news_events_news_Speeches_2025_2025_09_18_pc_,https___www_norges_bank_no_en_news_events_news_Speeches_2025_2025_09_18_pc__p26,2025,9
Utsikter / fremoverskuende signal,Outlook / forward guidance,Inflasjon og priser,Inflation and prices,Speech,https://www.norges-bank.no/en/news-events/news/Speeches/2025/2025-09-18-pc/,Norges Bank,2025-09-18,10:30,p,27,23,https___www_norges_bank_no_en_news_events_news_Speeches_2025_2025_09_18_pc_,https___www_norges_bank_no_en_news_events_news_Speeches_2025_2025_09_18_pc__p27,2025,9
Utsikter / fremoverskuende signal,Outlook / forward guidance,Rente og pengepolitisk linje,Interest rates and monetary stance,Speech,https://www.norges-bank.no/en/news-events/news/Speeches/2025/2025-09-18-pc/,Norges Bank,2025-09-18,10:30,li,28,5,https___www_norges_bank_no_en_news_events_news_Speeches_2025_2025_09_18_pc_,https___www_norges_bank_no_en_news_events_news_Speeches_2025_2025_09_18_pc__p28,2025,9
Utsikter / fremoverskuende signal,Outlook / forward guidance,Rente og pengepolitisk linje,Interest rates and monetary stance,Speech,https://www.norges-bank.no/en/news-events/news/Speeches/2025/2025-08-14-pc/,Norges Bank,2025-08-14,10:30,li,5,5,https___www_norges_bank_no_en_news_events_news_Speeches_2025_2025_08_14_pc_,https___www_norges_bank_no_en_news_events_news_Speeches_2025_2025_08_14_pc__p5,2025,8
Institusjonelt ansvar / mandat,Institutional accountability / mandate,Rente og pengepolitisk linje,Interest rates and monetary stance,Speech,https://www.norges-bank.no/en/news-events/news/Speeches/2025/2025-08-14-pc/,Norges Bank,2025-08-14,10:30,p,6,22,https___www_norges_bank_no_en_news_events_news_Speeches_2025_2025_08_14_pc_,https___www_norges_bank_no_en_news_events_news_Speeches_2025_2025_08_14_pc__p6,2025,8
Utsikter / fremoverskuende signal,Outlook / forward guidance,Rente og pengepolitisk linje,Interest rates and monetary stance,Speech,https://www.norges-bank.no/en/news-events/news/Speeches/2025/2025-08-14-pc/,Norges Bank,2025-08-14,10:30,p,7,45,https___www_norges_bank_no_en_news_events_news_Speeches_2025_2025_08_14_pc_,https___www_norges_bank_no_en_news_events_news_Speeches_2025_2025_08_14_pc__p7,2025,8
Institusjonelt ansvar / mandat,Institutional accountability / mandate,Økonomisk aktivitet og arbeidsmarked,Economic activity and labor market,Speech,https://www.norges-bank.no/en/news-events/news/Speeches/2025/2025-08-14-pc/,Norges Bank,2025-08-14,10:30,p,8,45,https___www_norges_bank_no_en_news_events_news_Speeches_2025_2025_08_14_pc_,https___www_norges_bank_no_en_news_events_news_Speeches_2025_2025_08_14_pc__p8,2025,8
Institusjonelt ansvar / mandat,Institutional accountability / mandate,Rente og pengepolitisk linje,Interest rates and monetary stance,Speech,https://www.norges-bank.no/en/news-events/news/Speeches/2025/2025-08-14-pc/,Norges Bank,2025-08-14,10:30,p,9,77,https___www_norges_bank_no_en_news_events_news_Speeches_2025_2025_08_14_pc_,https___www_norges_bank_no_en_news_events_news_Speeches_2025_2025_08_14_pc__p9,2025,8
Politikkforklaring / begrunnelse,Policy explanation / justification,Rente og pengepolitisk linje,Interest rates and monetary stance,Speech,https://www.norges-bank.no/en/news-events/news/Speeches/2025/2025-08-14-pc/,Norges Bank,2025-08-14,10:30,p,10,88,https___www_norges_bank_no_en_news_events_news_Speeches_2025_2025_08_14_pc_,https___www_norges_bank_no_en_news_events_news_Speeches_2025_2025_08_14_pc__p10,2025,8
Utsikter / fremoverskuende signal,Outlook / forward guidance,Inflasjon og priser,Inflation and prices,Speech,https://www.norges-bank.no/en/news-events/news/Speeches/2025/2025-08-14-pc/,Norges Bank,2025-08-14,10:30,p,11,27,https___www_norges_bank_no_en_news_events_news_Speeches_2025_2025_08_14_pc_,https___www_norges_bank_no_en_news_events_news_Speeches_2025_2025_08_14_pc__p11,2025,8
Økonomisk situasjonsbeskrivelse / diagnose,Economic assessment / diagnosis,Inflasjon og priser,Inflation and prices,Speech,https://www.norges-bank.no/en/news-events/news/Speeches/2025/2025-08-14-pc/,Norges Bank,2025-08-14,10:30,p,12,36,https___www_norges_bank_no_en_news_events_news_Speeches_2025_2025_08_14_pc_,https___www_norges_bank_no_en_news_events_news_Speeches_2025_2025_08_14_pc__p12,2025,8
Politikkforklaring / begrunnelse,Policy explanation / justification,Rente og pengepolitisk linje,Interest rates and monetary stance,Speech,https://www.norges-bank.no/en/news-events/news/Speeches/2025/2025-08-14-pc/,Norges Bank,2025-08-14,10:30,p,13,49,https___www_norges_bank_no_en_news_events_news_Speeches_2025_2025_08_14_pc_,https___www_norges_bank_no_en_news_events_news_Speeches_2025_2025_08_14_pc__p13,2025,8
Utsikter / fremoverskuende signal,Outlook / forward guidance,Rente og pengepolitisk linje,Interest rates and monetary stance,Speech,https://www.norges-bank.no/en/news-events/news/Speeches/2025/2025-08-14-pc/,Norges Bank,2025-08-14,10:30,p,14,63,https___www_norges_bank_no_en_news_events_news_Speeches_2025_2025_08_14_pc_,https___www_norges_bank_no_en_news_events_news_Speeches_2025_2025_08_14_pc__p14,2025,8
Utsikter / fremoverskuende signal,Outlook / forward guidance,Inflasjon og priser,Inflation and prices,Speech,https://www.norges-bank.no/en/news-events/news/Speeches/2025/2025-08-14-pc/,Norges Bank,2025-08-14,10:30,p,15,62,https___www_norges_bank_no_en_news_events_news_Speeches_2025_2025_08_14_pc_,https___www_norges_bank_no_en_news_events_news_Speeches_2025_2025_08_14_pc__p15,2025,8
Utsikter / fremoverskuende signal,Outlook / forward guidance,Inflasjon og priser,Inflation and prices,Speech,https://www.norges-bank.no/en/news-events/news/Speeches/2025/2025-08-14-pc/,Norges Bank,2025-08-14,10:30,p,16,51,https___www_norges_bank_no_en_news_events_news_Speeches_2025_2025_08_14_pc_,https___www_norges_bank_no_en_news_events_news_Speeches_2025_2025_08_14_pc__p16,2025,8
Utsikter / fremoverskuende signal,Outlook / forward guidance,Økonomisk aktivitet og arbeidsmarked,Economic activity and labor market,Speech,https://www.norges-bank.no/en/news-events/news/Speeches/2025/2025-08-14-pc/,Norges Bank,2025-08-14,10:30,p,17,76,https___www_norges_bank_no_en_news_events_news_Speeches_2025_2025_08_14_pc_,https___www_norges_bank_no_en_news_events_news_Speeches_2025_2025_08_14_pc__p17,2025,8
Risiko / usikkerhet,Risk / uncertainty,Valutakurs og eksterne forhold,Exchange rate and external conditions,Speech,https://www.norges-bank.no/en/news-events/news/Speeches/2025/2025-08-14-pc/,Norges Bank,2025-08-14,10:30,p,18,55,https___www_norges_bank_no_en_news_events_news_Speeches_2025_2025_08_14_pc_,https___www_norges_bank_no_en_news_events_news_Speeches_2025_2025_08_14_pc__p18,2025,8
Utsikter / fremoverskuende signal,Outlook / forward guidance,Valutakurs og eksterne forhold,Exchange rate and external conditions,Speech,https://www.norges-bank.no/en/news-events/news/Speeches/2025/2025-08-14-pc/,Norges Bank,2025-08-14,10:30,p,19,25,https___www_norges_bank_no_en_news_events_news_Speeches_2025_2025_08_14_pc_,https___www_norges_bank_no_en_news_events_news_Speeches_2025_2025_08_14_pc__p19,2025,8
Økonomisk situasjonsbeskrivelse / diagnose,Economic assessment / diagnosis,Valutakurs og eksterne forhold,Exchange rate and external conditions,Speech,https://www.norges-bank.no/en/news-events/news/Speeches/2025/2025-08-14-pc/,Norges Bank,2025-08-14,10:30,p,20,69,https___www_norges_bank_no_en_news_events_news_Speeches_2025_2025_08_14_pc_,https___www_norges_bank_no_en_news_events_news_Speeches_2025_2025_08_14_pc__p20,2025,8
Utsikter / fremoverskuende signal,Outlook / forward guidance,Valutakurs og eksterne forhold,Exchange rate and external conditions,Speech,https://www.norges-bank.no/en/news-events/news/Speeches/2025/2025-08-14-pc/,Norges Bank,2025-08-14,10:30,p,21,61,https___www_norges_bank_no_en_news_events_news_Speeches_2025_2025_08_14_pc_,https___www_norges_bank_no_en_news_events_news_Speeches_2025_2025_08_14_pc__p21,2025,8
Utsikter / fremoverskuende signal,Outlook / forward guidance,Inflasjon og priser,Inflation and prices,Speech,https://www.norges-bank.no/en/news-events/news/Speeches/2025/2025-08-14-pc/,Norges Bank,2025-08-14,10:30,p,22,74,https___www_norges_bank_no_en_news_events_news_Speeches_2025_2025_08_14_pc_,https___www_norges_bank_no_en_news_events_news_Speeches_2025_2025_08_14_pc__p22,2025,8
Utsikter / fremoverskuende signal,Outlook / forward guidance,Økonomisk aktivitet og arbeidsmarked,Economic activity and labor market,Speech,https://www.norges-bank.no/en/news-events/news/Speeches/2025/2025-08-14-pc/,Norges Bank,2025-08-14,10:30,p,23,82,https___www_norges_bank_no_en_news_events_news_Speeches_2025_2025_08_14_pc_,https___www_norges_bank_no_en_news_events_news_Speeches_2025_2025_08_14_pc__p23,2025,8
Risiko / usikkerhet,Risk / uncertainty,Økonomisk aktivitet og arbeidsmarked,Economic activity and labor market,Speech,https://www.norges-bank.no/en/news-events/news/Speeches/2025/2025-08-14-pc/,Norges Bank,2025-08-14,10:30,p,24,51,https___www_norges_bank_no_en_news_events_news_Speeches_2025_2025_08_14_pc_,https___www_norges_bank_no_en_news_events_news_Speeches_2025_2025_08_14_pc__p24,2025,8
Utsikter / fremoverskuende signal,Outlook / forward guidance,Rente og pengepolitisk linje,Interest rates and monetary stance,Speech,https://www.norges-bank.no/en/news-events/news/Speeches/2025/2025-08-14-pc/,Norges Bank,2025-08-14,10:30,p,25,51,https___www_norges_bank_no_en_news_events_news_Speeches_2025_2025_08_14_pc_,https___www_norges_bank_no_en_news_events_news_Speeches_2025_2025_08_14_pc__p25,2025,8
Utsikter / fremoverskuende signal,Outlook / forward guidance,Rente og pengepolitisk linje,Interest rates and monetary stance,Speech,https://www.norges-bank.no/en/news-events/news/Speeches/2025/2025-06-19-pc/,Norges Bank,2025-06-19,10:30,li,5,3,https___www_norges_bank_no_en_news_events_news_Speeches_2025_2025_06_19_pc_,https___www_norges_bank_no_en_news_events_news_Speeches_2025_2025_06_19_pc__p5,2025,6
Institusjonelt ansvar / mandat,Institutional accountability / mandate,Rente og pengepolitisk linje,Interest rates and monetary stance,Speech,https://www.norges-bank.no/en/news-events/news/Speeches/2025/2025-06-19-pc/,Norges Bank,2025-06-19,10:30,p,6,22,https___www_norges_bank_no_en_news_events_news_Speeches_2025_2025_06_19_pc_,https___www_norges_bank_no_en_news_events_news_Speeches_2025_2025_06_19_pc__p6,2025,6
Politikkforklaring / begrunnelse,Policy explanation / justification,Rente og pengepolitisk linje,Interest rates and monetary stance,Speech,https://www.norges-bank.no/en/news-events/news/Speeches/2025/2025-06-19-pc/,Norges Bank,2025-06-19,10:30,p,7,8,https___www_norges_bank_no_en_news_events_news_Speeches_2025_2025_06_19_pc_,https___www_norges_bank_no_en_news_events_news_Speeches_2025_2025_06_19_pc__p7,2025,6
Utsikter / fremoverskuende signal,Outlook / forward guidance,Rente og pengepolitisk linje,Interest rates and monetary stance,Speech,https://www.norges-bank.no/en/news-events/news/Speeches/2025/2025-06-19-pc/,Norges Bank,2025-06-19,10:30,p,8,46,https___www_norges_bank_no_en_news_events_news_Speeches_2025_2025_06_19_pc_,https___www_norges_bank_no_en_news_events_news_Speeches_2025_2025_06_19_pc__p8,2025,6
Institusjonelt ansvar / mandat,Institutional accountability / mandate,Økonomisk aktivitet og arbeidsmarked,Economic activity and labor market,Speech,https://www.norges-bank.no/en/news-events/news/Speeches/2025/2025-06-19-pc/,Norges Bank,2025-06-19,10:30,p,9,39,https___www_norges_bank_no_en_news_events_news_Speeches_2025_2025_06_19_pc_,https___www_norges_bank_no_en_news_events_news_Speeches_2025_2025_06_19_pc__p9,2025,6
Politikkforklaring / begrunnelse,Policy explanation / justification,Inflasjon og priser,Inflation and prices,Speech,https://www.norges-bank.no/en/news-events/news/Speeches/2025/2025-06-19-pc/,Norges Bank,2025-06-19,10:30,p,10,66,https___www_norges_bank_no_en_news_events_news_Speeches_2025_2025_06_19_pc_,https___www_norges_bank_no_en_news_events_news_Speeches_2025_2025_06_19_pc__p10,2025,6
Utsikter / fremoverskuende signal,Outlook / forward guidance,Inflasjon og priser,Inflation and prices,Speech,https://www.norges-bank.no/en/news-events/news/Speeches/2025/2025-06-19-pc/,Norges Bank,2025-06-19,10:30,p,11,60,https___www_norges_bank_no_en_news_events_news_Speeches_2025_2025_06_19_pc_,https___www_norges_bank_no_en_news_events_news_Speeches_2025_2025_06_19_pc__p11,2025,6
Politikkforklaring / begrunnelse,Policy explanation / justification,Rente og pengepolitisk linje,Interest rates and monetary stance,Speech,https://www.norges-bank.no/en/news-events/news/Speeches/2025/2025-06-19-pc/,Norges Bank,2025-06-19,10:30,p,12,28,https___www_norges_bank_no_en_news_events_news_Speeches_2025_2025_06_19_pc_,https___www_norges_bank_no_en_news_events_news_Speeches_2025_2025_06_19_pc__p12,2025,6
Utsikter / fremoverskuende signal,Outlook / forward guidance,Rente og pengepolitisk linje,Interest rates and monetary stance,Speech,https://www.norges-bank.no/en/news-events/news/Speeches/2025/2025-06-19-pc/,Norges Bank,2025-06-19,10:30,p,13,8,https___www_norges_bank_no_en_news_events_news_Speeches_2025_2025_06_19_pc_,https___www_norges_bank_no_en_news_events_news_Speeches_2025_2025_06_19_pc__p13,2025,6
Utsikter / fremoverskuende signal,Outlook / forward guidance,Rente og pengepolitisk linje,Interest rates and monetary stance,Speech,https://www.norges-bank.no/en/news-events/news/Speeches/2025/2025-06-19-pc/,Norges Bank,2025-06-19,10:30,p,14,31,https___www_norges_bank_no_en_news_events_news_Speeches_2025_2025_06_19_pc_,https___www_norges_bank_no_en_news_events_news_Speeches_2025_2025_06_19_pc__p14,2025,6
Utsikter / fremoverskuende signal,Outlook / forward guidance,Rente og pengepolitisk linje,Interest rates and monetary stance,Speech,https://www.norges-bank.no/en/news-events/news/Speeches/2025/2025-06-19-pc/,Norges Bank,2025-06-19,10:30,p,15,58,https___www_norges_bank_no_en_news_events_news_Speeches_2025_2025_06_19_pc_,https___www_norges_bank_no_en_news_events_news_Speeches_2025_2025_06_19_pc__p15,2025,6
Institusjonelt ansvar / mandat,Institutional accountability / mandate,Annet / administrativt / ikke kodbar,Other / administrative / not codable,Speech,https://www.norges-bank.no/en/news-events/news/Speeches/2025/2025-06-19-pc/,Norges Bank,2025-06-19,10:30,p,16,16,https___www_norges_bank_no_en_news_events_news_Speeches_2025_2025_06_19_pc_,https___www_norges_bank_no_en_news_events_news_Speeches_2025_2025_06_19_pc__p16,2025,6
Utsikter / fremoverskuende signal,Outlook / forward guidance,Inflasjon og priser,Inflation and prices,Speech,https://www.norges-bank.no/en/news-events/news/Speeches/2025/2025-06-19-pc/,Norges Bank,2025-06-19,10:30,p,17,5,https___www_norges_bank_no_en_news_events_news_Speeches_2025_2025_06_19_pc_,https___www_norges_bank_no_en_news_events_news_Speeches_2025_2025_06_19_pc__p17,2025,6
Utsikter / fremoverskuende signal,Outlook / forward guidance,Inflasjon og priser,Inflation and prices,Speech,https://www.norges-bank.no/en/news-events/news/Speeches/2025/2025-06-19-pc/,Norges Bank,2025-06-19,10:30,p,18,43,https___www_norges_bank_no_en_news_events_news_Speeches_2025_2025_06_19_pc_,https___www_norges_bank_no_en_news_events_news_Speeches_2025_2025_06_19_pc__p18,2025,6
Utsikter / fremoverskuende signal,Outlook / forward guidance,Inflasjon og priser,Inflation and prices,Speech,https://www.norges-bank.no/en/news-events/news/Speeches/2025/2025-06-19-pc/,Norges Bank,2025-06-19,10:30,p,19,31,https___www_norges_bank_no_en_news_events_news_Speeches_2025_2025_06_19_pc_,https___www_norges_bank_no_en_news_events_news_Speeches_2025_2025_06_19_pc__p19,2025,6
Økonomisk situasjonsbeskrivelse / diagnose,Economic assessment / diagnosis,Økonomisk aktivitet og arbeidsmarked,Economic activity and labor market,Speech,https://www.norges-bank.no/en/news-events/news/Speeches/2025/2025-06-19-pc/,Norges Bank,2025-06-19,10:30,p,20,74,https___www_norges_bank_no_en_news_events_news_Speeches_2025_2025_06_19_pc_,https___www_norges_bank_no_en_news_events_news_Speeches_2025_2025_06_19_pc__p20,2025,6
Utsikter / fremoverskuende signal,Outlook / forward guidance,Økonomisk aktivitet og arbeidsmarked,Economic activity and labor market,Speech,https://www.norges-bank.no/en/news-events/news/Speeches/2025/2025-06-19-pc/,Norges Bank,2025-06-19,10:30,p,21,8,https___www_norges_bank_no_en_news_events_news_Speeches_2025_2025_06_19_pc_,https___www_norges_bank_no_en_news_events_news_Speeches_2025_2025_06_19_pc__p21,2025,6
Økonomisk situasjonsbeskrivelse / diagnose,Economic assessment / diagnosis,Økonomisk aktivitet og arbeidsmarked,Economic activity and labor market,Speech,https://www.norges-bank.no/en/news-events/news/Speeches/2025/2025-06-19-pc/,Norges Bank,2025-06-19,10:30,p,22,102,https___www_norges_bank_no_en_news_events_news_Speeches_2025_2025_06_19_pc_,https___www_norges_bank_no_en_news_events_news_Speeches_2025_2025_06_19_pc__p22,2025,6
Risiko / usikkerhet,Risk / uncertainty,Valutakurs og eksterne forhold,Exchange rate and external conditions,Speech,https://www.norges-bank.no/en/news-events/news/Speeches/2025/2025-06-19-pc/,Norges Bank,2025-06-19,10:30,p,23,7,https___www_norges_bank_no_en_news_events_news_Speeches_2025_2025_06_19_pc_,https___www_norges_bank_no_en_news_events_news_Speeches_2025_2025_06_19_pc__p23,2025,6
Risiko / usikkerhet,Risk / uncertainty,Valutakurs og eksterne forhold,Exchange rate and external conditions,Speech,https://www.norges-bank.no/en/news-events/news/Speeches/2025/2025-06-19-pc/,Norges Bank,2025-06-19,10:30,p,24,78,https___www_norges_bank_no_en_news_events_news_Speeches_2025_2025_06_19_pc_,https___www_norges_bank_no_en_news_events_news_Speeches_2025_2025_06_19_pc__p24,2025,6
Utsikter / fremoverskuende signal,Outlook / forward guidance,Inflasjon og priser,Inflation and prices,Speech,https://www.norges-bank.no/en/news-events/news/Speeches/2025/2025-06-19-pc/,Norges Bank,2025-06-19,10:30,p,25,43,https___www_norges_bank_no_en_news_events_news_Speeches_2025_2025_06_19_pc_,https___www_norges_bank_no_en_news_events_news_Speeches_2025_2025_06_19_pc__p25,2025,6
Utsikter / fremoverskuende signal,Outlook / forward guidance,Valutakurs og eksterne forhold,Exchange rate and external conditions,Speech,https://www.norges-bank.no/en/news-events/news/Speeches/2025/2025-06-19-pc/,Norges Bank,2025-06-19,10:30,p,26,60,https___www_norges_bank_no_en_news_events_news_Speeches_2025_2025_06_19_pc_,https___www_norges_bank_no_en_news_events_news_Speeches_2025_2025_06_19_pc__p26,2025,6
Utsikter / fremoverskuende signal,Outlook / forward guidance,Inflasjon og priser,Inflation and prices,Speech,https://www.norges-bank.no/en/news-events/news/Speeches/2025/2025-06-19-pc/,Norges Bank,2025-06-19,10:30,p,27,12,https___www_norges_bank_no_en_news_events_news_Speeches_2025_2025_06_19_pc_,https___www_norges_bank_no_en_news_events_news_Speeches_2025_2025_06_19_pc__p27,2025,6
Utsikter / fremoverskuende signal,Outlook / forward guidance,Økonomisk aktivitet og arbeidsmarked,Economic activity and labor market,Speech,https://www.norges-bank.no/en/news-events/news/Speeches/2025/2025-06-19-pc/,Norges Bank,2025-06-19,10:30,p,28,54,https___www_norges_bank_no_en_news_events_news_Speeches_2025_2025_06_19_pc_,https___www_norges_bank_no_en_news_events_news_Speeches_2025_2025_06_19_pc__p28,2025,6
Risiko / usikkerhet,Risk / uncertainty,Valutakurs og eksterne forhold,Exchange rate and external conditions,Speech,https://www.norges-bank.no/en/news-events/news/Speeches/2025/2025-06-19-pc/,Norges Bank,2025-06-19,10:30,p,29,49,https___www_norges_bank_no_en_news_events_news_Speeches_2025_2025_06_19_pc_,https___www_norges_bank_no_en_news_events_news_Speeches_2025_2025_06_19_pc__p29,2025,6
Utsikter / fremoverskuende signal,Outlook / forward guidance,Inflasjon og priser,Inflation and prices,Speech,https://www.norges-bank.no/en/news-events/news/Speeches/2025/2025-06-19-pc/,Norges Bank,2025-06-19,10:30,p,30,40,https___www_norges_bank_no_en_news_events_news_Speeches_2025_2025_06_19_pc_,https___www_norges_bank_no_en_news_events_news_Speeches_2025_2025_06_19_pc__p30,2025,6
Utsikter / fremoverskuende signal,Outlook / forward guidance,Rente og pengepolitisk linje,Interest rates and monetary stance,Speech,https://www.norges-bank.no/en/news-events/news/Speeches/2025/2025-06-19-pc/,Norges Bank,2025-06-19,10:30,li,31,5,https___www_norges_bank_no_en_news_events_news_Speeches_2025_2025_06_19_pc_,https___www_norges_bank_no_en_news_events_news_Speeches_2025_2025_06_19_pc__p31,2025,6
Institusjonelt ansvar / mandat,Institutional accountability / mandate,Rente og pengepolitisk linje,Interest rates and monetary stance,Speech,https://www.norges-bank.no/en/news-events/news/Speeches/2025/2025-05-13-hearing-bache/,Norges Bank,2025-05-13,09:00,li,5,4,https___www_norges_bank_no_en_news_events_news_Speeches_2025_2025_05_13_hearing_bache_,https___www_norges_bank_no_en_news_events_news_Speeches_2025_2025_05_13_hearing_bache__p5,2025,5
Institusjonelt ansvar / mandat,Institutional accountability / mandate,Annet / administrativt / ikke kodbar,Other / administrative / not codable,Speech,https://www.norges-bank.no/en/news-events/news/Speeches/2025/2025-05-13-hearing-bache/,Norges Bank,2025-05-13,09:00,p,6,39,https___www_norges_bank_no_en_news_events_news_Speeches_2025_2025_05_13_hearing_bache_,https___www_norges_bank_no_en_news_events_news_Speeches_2025_2025_05_13_hearing_bache__p6,2025,5
Institusjonelt ansvar / mandat,Institutional accountability / mandate,Økonomisk aktivitet og arbeidsmarked,Economic activity and labor market,Speech,https://www.norges-bank.no/en/news-events/news/Speeches/2025/2025-05-13-hearing-bache/,Norges Bank,2025-05-13,09:00,p,7,19,https___www_norges_bank_no_en_news_events_news_Speeches_2025_2025_05_13_hearing_bache_,https___www_norges_bank_no_en_news_events_news_Speeches_2025_2025_05_13_hearing_bache__p7,2025,5
Institusjonelt ansvar / mandat,Institutional accountability / mandate,Annet / administrativt / ikke kodbar,Other / administrative / not codable,Speech,https://www.norges-bank.no/en/news-events/news/Speeches/2025/2025-05-13-hearing-bache/,Norges Bank,2025-05-13,09:00,p,8,18,https___www_norges_bank_no_en_news_events_news_Speeches_2025_2025_05_13_hearing_bache_,https___www_norges_bank_no_en_news_events_news_Speeches_2025_2025_05_13_hearing_bache__p8,2025,5
Økonomisk situasjonsbeskrivelse / diagnose,Economic assessment / diagnosis,Finansiell stabilitet og bank,Financial stability and banking,Speech,https://www.norges-bank.no/en/news-events/news/Speeches/2025/2025-05-13-hearing-bache/,Norges Bank,2025-05-13,09:00,p,9,73,https___www_norges_bank_no_en_news_events_news_Speeches_2025_2025_05_13_hearing_bache_,https___www_norges_bank_no_en_news_events_news_Speeches_2025_2025_05_13_hearing_bache__p9,2025,5
Utsikter / fremoverskuende signal,Outlook / forward guidance,Valutakurs og eksterne forhold,Exchange rate and external conditions,Speech,https://www.norges-bank.no/en/news-events/news/Speeches/2025/2025-05-13-hearing-bache/,Norges Bank,2025-05-13,09:00,p,10,42,https___www_norges_bank_no_en_news_events_news_Speeches_2025_2025_05_13_hearing_bache_,https___www_norges_bank_no_en_news_events_news_Speeches_2025_2025_05_13_hearing_bache__p10,2025,5
Utsikter / fremoverskuende signal,Outlook / forward guidance,Annet / administrativt / ikke kodbar,Other / administrative / not codable,Speech,https://www.norges-bank.no/en/news-events/news/Speeches/2025/2025-05-13-hearing-bache/,Norges Bank,2025-05-13,09:00,p,11,6,https___www_norges_bank_no_en_news_events_news_Speeches_2025_2025_05_13_hearing_bache_,https___www_norges_bank_no_en_news_events_news_Speeches_2025_2025_05_13_hearing_bache__p11,2025,5
Risiko / usikkerhet,Risk / uncertainty,Valutakurs og eksterne forhold,Exchange rate and external conditions,Speech,https://www.norges-bank.no/en/news-events/news/Speeches/2025/2025-05-13-hearing-bache/,Norges Bank,2025-05-13,09:00,p,12,36,https___www_norges_bank_no_en_news_events_news_Speeches_2025_2025_05_13_hearing_bache_,https___www_norges_bank_no_en_news_events_news_Speeches_2025_2025_05_13_hearing_bache__p12,2025,5
Institusjonelt ansvar / mandat,Institutional accountability / mandate,Finansiell stabilitet og bank,Financial stability and banking,Speech,https://www.norges-bank.no/en/news-events/news/Speeches/2025/2025-05-13-hearing-bache/,Norges Bank,2025-05-13,09:00,p,13,19,https___www_norges_bank_no_en_news_events_news_Speeches_2025_2025_05_13_hearing_bache_,https___www_norges_bank_no_en_news_events_news_Speeches_2025_2025_05_13_hearing_bache__p13,2025,5
Utsikter / fremoverskuende signal,Outlook / forward guidance,Økonomisk aktivitet og arbeidsmarked,Economic activity and labor market,Speech,https://www.norges-bank.no/en/news-events/news/Speeches/2025/2025-05-13-hearing-bache/,Norges Bank,2025-05-13,09:00,p,14,30,https___www_norges_bank_no_en_news_events_news_Speeches_2025_2025_05_13_hearing_bache_,https___www_norges_bank_no_en_news_events_news_Speeches_2025_2025_05_13_hearing_bache__p14,2025,5
Risiko / usikkerhet,Risk / uncertainty,Økonomisk aktivitet og arbeidsmarked,Economic activity and labor market,Speech,https://www.norges-bank.no/en/news-events/news/Speeches/2025/2025-05-13-hearing-bache/,Norges Bank,2025-05-13,09:00,p,15,10,https___www_norges_bank_no_en_news_events_news_Speeches_2025_2025_05_13_hearing_bache_,https___www_norges_bank_no_en_news_events_news_Speeches_2025_2025_05_13_hearing_bache__p15,2025,5
Institusjonelt ansvar / mandat,Institutional accountability / mandate,Finansiell stabilitet og bank,Financial stability and banking,Speech,https://www.norges-bank.no/en/news-events/news/Speeches/2025/2025-05-13-hearing-bache/,Norges Bank,2025-05-13,09:00,p,16,52,https___www_norges_bank_no_en_news_events_news_Speeches_2025_2025_05_13_hearing_bache_,https___www_norges_bank_no_en_news_events_news_Speeches_2025_2025_05_13_hearing_bache__p16,2025,5
Utsikter / fremoverskuende signal,Outlook / forward guidance,Finansiell stabilitet og bank,Financial stability and banking,Speech,https://www.norges-bank.no/en/news-events/news/Speeches/2025/2025-05-13-hearing-bache/,Norges Bank,2025-05-13,09:00,p,17,58,https___www_norges_bank_no_en_news_events_news_Speeches_2025_2025_05_13_hearing_bache_,https___www_norges_bank_no_en_news_events_news_Speeches_2025_2025_05_13_hearing_bache__p17,2025,5
Risiko / usikkerhet,Risk / uncertainty,Finansiell stabilitet og bank,Financial stability and banking,Speech,https://www.norges-bank.no/en/news-events/news/Speeches/2025/2025-05-13-hearing-bache/,Norges Bank,2025-05-13,09:00,p,18,48,https___www_norges_bank_no_en_news_events_news_Speeches_2025_2025_05_13_hearing_bache_,https___www_norges_bank_no_en_news_events_news_Speeches_2025_2025_05_13_hearing_bache__p18,2025,5
Institusjonelt ansvar / mandat,Institutional accountability / mandate,Valutakurs og eksterne forhold,Exchange rate and external conditions,Speech,https://www.norges-bank.no/en/news-events/news/Speeches/2025/2025-05-13-hearing-bache/,Norges Bank,2025-05-13,09:00,p,19,31,https___www_norges_bank_no_en_news_events_news_Speeches_2025_2025_05_13_hearing_bache_,https___www_norges_bank_no_en_news_events_news_Speeches_2025_2025_05_13_hearing_bache__p19,2025,5
Institusjonelt ansvar / mandat,Institutional accountability / mandate,Finansiell stabilitet og bank,Financial stability and banking,Speech,https://www.norges-bank.no/en/news-events/news/Speeches/2025/2025-05-13-hearing-bache/,Norges Bank,2025-05-13,09:00,p,20,67,https___www_norges_bank_no_en_news_events_news_Speeches_2025_2025_05_13_hearing_bache_,https___www_norges_bank_no_en_news_events_news_Speeches_2025_2025_05_13_hearing_bache__p20,2025,5
Institusjonelt ansvar / mandat,Institutional accountability / mandate,Finansiell stabilitet og bank,Financial stability and banking,Speech,https://www.norges-bank.no/en/news-events/news/Speeches/2025/2025-05-13-hearing-bache/,Norges Bank,2025-05-13,09:00,p,21,45,https___www_norges_bank_no_en_news_events_news_Speeches_2025_2025_05_13_hearing_bache_,https___www_norges_bank_no_en_news_events_news_Speeches_2025_2025_05_13_hearing_bache__p21,2025,5
Politikkforklaring / begrunnelse,Policy explanation / justification,Finansiell stabilitet og bank,Financial stability and banking,Speech,https://www.norges-bank.no/en/news-events/news/Speeches/2025/2025-05-13-hearing-bache/,Norges Bank,2025-05-13,09:00,p,22,55,https___www_norges_bank_no_en_news_events_news_Speeches_2025_2025_05_13_hearing_bache_,https___www_norges_bank_no_en_news_events_news_Speeches_2025_2025_05_13_hearing_bache__p22,2025,5
Institusjonelt ansvar / mandat,Institutional accountability / mandate,Finansiell stabilitet og bank,Financial stability and banking,Speech,https://www.norges-bank.no/en/news-events/news/Speeches/2025/2025-05-13-hearing-bache/,Norges Bank,2025-05-13,09:00,p,23,42,https___www_norges_bank_no_en_news_events_news_Speeches_2025_2025_05_13_hearing_bache_,https___www_norges_bank_no_en_news_events_news_Speeches_2025_2025_05_13_hearing_bache__p23,2025,5
Annet / administrativt / ikke kodbar,Other / administrative / not codable,Valutakurs og eksterne forhold,Exchange rate and external conditions,Speech,https://www.norges-bank.no/en/news-events/news/Speeches/2025/2025-05-13-hearing-bache/,Norges Bank,2025-05-13,09:00,p,24,69,https___www_norges_bank_no_en_news_events_news_Speeches_2025_2025_05_13_hearing_bache_,https___www_norges_bank_no_en_news_events_news_Speeches_2025_2025_05_13_hearing_bache__p24,2025,5
Institusjonelt ansvar / mandat,Institutional accountability / mandate,Finansiell stabilitet og bank,Financial stability and banking,Speech,https://www.norges-bank.no/en/news-events/news/Speeches/2025/2025-05-13-hearing-bache/,Norges Bank,2025-05-13,09:00,p,25,32,https___www_norges_bank_no_en_news_events_news_Speeches_2025_2025_05_13_hearing_bache_,https___www_norges_bank_no_en_news_events_news_Speeches_2025_2025_05_13_hearing_bache__p25,2025,5
Institusjonelt ansvar / mandat,Institutional accountability / mandate,Annet / administrativt / ikke kodbar,Other / administrative / not codable,Speech,https://www.norges-bank.no/en/news-events/news/Speeches/2025/2025-05-13-hearing-bache/,Norges Bank,2025-05-13,09:00,p,26,47,https___www_norges_bank_no_en_news_events_news_Speeches_2025_2025_05_13_hearing_bache_,https___www_norges_bank_no_en_news_events_news_Speeches_2025_2025_05_13_hearing_bache__p26,2025,5
Institusjonelt ansvar / mandat,Institutional accountability / mandate,Annet / administrativt / ikke kodbar,Other / administrative / not codable,Speech,https://www.norges-bank.no/en/news-events/news/Speeches/2025/2025-05-13-hearing-bache/,Norges Bank,2025-05-13,09:00,p,27,41,https___www_norges_bank_no_en_news_events_news_Speeches_2025_2025_05_13_hearing_bache_,https___www_norges_bank_no_en_news_events_news_Speeches_2025_2025_05_13_hearing_bache__p27,2025,5
Institusjonelt ansvar / mandat,Institutional accountability / mandate,Annet / administrativt / ikke kodbar,Other / administrative / not codable,Speech,https://www.norges-bank.no/en/news-events/news/Speeches/2025/2025-05-13-hearing-bache/,Norges Bank,2025-05-13,09:00,p,28,9,https___www_norges_bank_no_en_news_events_news_Speeches_2025_2025_05_13_hearing_bache_,https___www_norges_bank_no_en_news_events_news_Speeches_2025_2025_05_13_hearing_bache__p28,2025,5
Institusjonelt ansvar / mandat,Institutional accountability / mandate,Rente og pengepolitisk linje,Interest rates and monetary stance,Speech,https://www.norges-bank.no/en/news-events/news/Speeches/2025/2025-05-13-hearing-tangen/,Norges Bank,2025-05-13,09:00,li,5,4,https___www_norges_bank_no_en_news_events_news_Speeches_2025_2025_05_13_hearing_tangen_,https___www_norges_bank_no_en_news_events_news_Speeches_2025_2025_05_13_hearing_tangen__p5,2025,5
Institusjonelt ansvar / mandat,Institutional accountability / mandate,Annet / administrativt / ikke kodbar,Other / administrative / not codable,Speech,https://www.norges-bank.no/en/news-events/news/Speeches/2025/2025-05-13-hearing-tangen/,Norges Bank,2025-05-13,09:00,p,6,40,https___www_norges_bank_no_en_news_events_news_Speeches_2025_2025_05_13_hearing_tangen_,https___www_norges_bank_no_en_news_events_news_Speeches_2025_2025_05_13_hearing_tangen__p6,2025,5
Institusjonelt ansvar / mandat,Institutional accountability / mandate,Økonomisk aktivitet og arbeidsmarked,Economic activity and labor market,Speech,https://www.norges-bank.no/en/news-events/news/Speeches/2025/2025-05-13-hearing-tangen/,Norges Bank,2025-05-13,09:00,p,7,19,https___www_norges_bank_no_en_news_events_news_Speeches_2025_2025_05_13_hearing_tangen_,https___www_norges_bank_no_en_news_events_news_Speeches_2025_2025_05_13_hearing_tangen__p7,2025,5
Institusjonelt ansvar / mandat,Institutional accountability / mandate,Annet / administrativt / ikke kodbar,Other / administrative / not codable,Speech,https://www.norges-bank.no/en/news-events/news/Speeches/2025/2025-05-13-hearing-tangen/,Norges Bank,2025-05-13,09:00,p,8,50,https___www_norges_bank_no_en_news_events_news_Speeches_2025_2025_05_13_hearing_tangen_,https___www_norges_bank_no_en_news_events_news_Speeches_2025_2025_05_13_hearing_tangen__p8,2025,5
Utsikter / fremoverskuende signal,Outlook / forward guidance,Økonomisk aktivitet og arbeidsmarked,Economic activity and labor market,Speech,https://www.norges-bank.no/en/news-events/news/Speeches/2025/2025-05-13-hearing-tangen/,Norges Bank,2025-05-13,09:00,p,9,63,https___www_norges_bank_no_en_news_events_news_Speeches_2025_2025_05_13_hearing_tangen_,https___www_norges_bank_no_en_news_events_news_Speeches_2025_2025_05_13_hearing_tangen__p9,2025,5
Utsikter / fremoverskuende signal,Outlook / forward guidance,Valutakurs og eksterne forhold,Exchange rate and external conditions,Speech,https://www.norges-bank.no/en/news-events/news/Speeches/2025/2025-05-13-hearing-tangen/,Norges Bank,2025-05-13,09:00,p,10,52,https___www_norges_bank_no_en_news_events_news_Speeches_2025_2025_05_13_hearing_tangen_,https___www_norges_bank_no_en_news_events_news_Speeches_2025_2025_05_13_hearing_tangen__p10,2025,5
Politikkforklaring / begrunnelse,Policy explanation / justification,Finansiell stabilitet og bank,Financial stability and banking,Speech,https://www.norges-bank.no/en/news-events/news/Speeches/2025/2025-05-13-hearing-tangen/,Norges Bank,2025-05-13,09:00,p,11,52,https___www_norges_bank_no_en_news_events_news_Speeches_2025_2025_05_13_hearing_tangen_,https___www_norges_bank_no_en_news_events_news_Speeches_2025_2025_05_13_hearing_tangen__p11,2025,5
Risiko / usikkerhet,Risk / uncertainty,Valutakurs og eksterne forhold,Exchange rate and external conditions,Speech,https://www.norges-bank.no/en/news-events/news/Speeches/2025/2025-05-13-hearing-tangen/,Norges Bank,2025-05-13,09:00,p,12,45,https___www_norges_bank_no_en_news_events_news_Speeches_2025_2025_05_13_hearing_tangen_,https___www_norges_bank_no_en_news_events_news_Speeches_2025_2025_05_13_hearing_tangen__p12,2025,5
Annet / administrativt / ikke kodbar,Other / administrative / not codable,Annet / administrativt / ikke kodbar,Other / administrative / not codable,Speech,https://www.norges-bank.no/en/news-events/news/Speeches/2025/2025-05-13-hearing-tangen/,Norges Bank,2025-05-13,09:00,p,13,16,https___www_norges_bank_no_en_news_events_news_Speeches_2025_2025_05_13_hearing_tangen_,https___www_norges_bank_no_en_news_events_news_Speeches_2025_2025_05_13_hearing_tangen__p13,2025,5
Annet / administrativt / ikke kodbar,Other / administrative / not codable,Annet / administrativt / ikke kodbar,Other / administrative / not codable,Speech,https://www.norges-bank.no/en/news-events/news/Speeches/2025/2025-05-13-hearing-tangen/,Norges Bank,2025-05-13,09:00,p,14,29,https___www_norges_bank_no_en_news_events_news_Speeches_2025_2025_05_13_hearing_tangen_,https___www_norges_bank_no_en_news_events_news_Speeches_2025_2025_05_13_hearing_tangen__p14,2025,5
Annet / administrativt / ikke kodbar,Other / administrative / not codable,Annet / administrativt / ikke kodbar,Other / administrative / not codable,Speech,https://www.norges-bank.no/en/news-events/news/Speeches/2025/2025-05-13-hearing-tangen/,Norges Bank,2025-05-13,09:00,p,15,35,https___www_norges_bank_no_en_news_events_news_Speeches_2025_2025_05_13_hearing_tangen_,https___www_norges_bank_no_en_news_events_news_Speeches_2025_2025_05_13_hearing_tangen__p15,2025,5
Risiko / usikkerhet,Risk / uncertainty,Valutakurs og eksterne forhold,Exchange rate and external conditions,Speech,https://www.norges-bank.no/en/news-events/news/Speeches/2025/2025-05-13-hearing-tangen/,Norges Bank,2025-05-13,09:00,p,16,29,https___www_norges_bank_no_en_news_events_news_Speeches_2025_2025_05_13_hearing_tangen_,https___www_norges_bank_no_en_news_events_news_Speeches_2025_2025_05_13_hearing_tangen__p16,2025,5
Institusjonelt ansvar / mandat,Institutional accountability / mandate,Annet / administrativt / ikke kodbar,Other / administrative / not codable,Speech,https://www.norges-bank.no/en/news-events/news/Speeches/2025/2025-05-13-hearing-tangen/,Norges Bank,2025-05-13,09:00,p,17,41,https___www_norges_bank_no_en_news_events_news_Speeches_2025_2025_05_13_hearing_tangen_,https___www_norges_bank_no_en_news_events_news_Speeches_2025_2025_05_13_hearing_tangen__p17,2025,5
Institusjonelt ansvar / mandat,Institutional accountability / mandate,Finansiell stabilitet og bank,Financial stability and banking,Speech,https://www.norges-bank.no/en/news-events/news/Speeches/2025/2025-05-13-hearing-tangen/,Norges Bank,2025-05-13,09:00,p,18,22,https___www_norges_bank_no_en_news_events_news_Speeches_2025_2025_05_13_hearing_tangen_,https___www_norges_bank_no_en_news_events_news_Speeches_2025_2025_05_13_hearing_tangen__p18,2025,5
Institusjonelt ansvar / mandat,Institutional accountability / mandate,Finansiell stabilitet og bank,Financial stability and banking,Speech,https://www.norges-bank.no/en/news-events/news/Speeches/2025/2025-05-13-hearing-tangen/,Norges Bank,2025-05-13,09:00,p,19,42,https___www_norges_bank_no_en_news_events_news_Speeches_2025_2025_05_13_hearing_tangen_,https___www_norges_bank_no_en_news_events_news_Speeches_2025_2025_05_13_hearing_tangen__p19,2025,5
Utsikter / fremoverskuende signal,Outlook / forward guidance,Annet / administrativt / ikke kodbar,Other / administrative / not codable,Speech,https://www.norges-bank.no/en/news-events/news/Speeches/2025/2025-05-13-hearing-tangen/,Norges Bank,2025-05-13,09:00,p,20,44,https___www_norges_bank_no_en_news_events_news_Speeches_2025_2025_05_13_hearing_tangen_,https___www_norges_bank_no_en_news_events_news_Speeches_2025_2025_05_13_hearing_tangen__p20,2025,5
Politikkforklaring / begrunnelse,Policy explanation / justification,Økonomisk aktivitet og arbeidsmarked,Economic activity and labor market,Speech,https://www.norges-bank.no/en/news-events/news/Speeches/2025/2025-05-13-hearing-tangen/,Norges Bank,2025-05-13,09:00,p,21,49,https___www_norges_bank_no_en_news_events_news_Speeches_2025_2025_05_13_hearing_tangen_,https___www_norges_bank_no_en_news_events_news_Speeches_2025_2025_05_13_hearing_tangen__p21,2025,5
Økonomisk situasjonsbeskrivelse / diagnose,Economic assessment / diagnosis,Annet / administrativt / ikke kodbar,Other / administrative / not codable,Speech,https://www.norges-bank.no/en/news-events/news/Speeches/2025/2025-05-13-hearing-tangen/,Norges Bank,2025-05-13,09:00,p,22,26,https___www_norges_bank_no_en_news_events_news_Speeches_2025_2025_05_13_hearing_tangen_,https___www_norges_bank_no_en_news_events_news_Speeches_2025_2025_05_13_hearing_tangen__p22,2025,5
Risiko / usikkerhet,Risk / uncertainty,Finansiell stabilitet og bank,Financial stability and banking,Speech,https://www.norges-bank.no/en/news-events/news/Speeches/2025/2025-05-13-hearing-tangen/,Norges Bank,2025-05-13,09:00,p,23,52,https___www_norges_bank_no_en_news_events_news_Speeches_2025_2025_05_13_hearing_tangen_,https___www_norges_bank_no_en_news_events_news_Speeches_2025_2025_05_13_hearing_tangen__p23,2025,5
Institusjonelt ansvar / mandat,Institutional accountability / mandate,Finansiell stabilitet og bank,Financial stability and banking,Speech,https://www.norges-bank.no/en/news-events/news/Speeches/2025/2025-05-13-hearing-tangen/,Norges Bank,2025-05-13,09:00,p,24,39,https___www_norges_bank_no_en_news_events_news_Speeches_2025_2025_05_13_hearing_tangen_,https___www_norges_bank_no_en_news_events_news_Speeches_2025_2025_05_13_hearing_tangen__p24,2025,5
Politikkforklaring / begrunnelse,Policy explanation / justification,Finansiell stabilitet og bank,Financial stability and banking,Speech,https://www.norges-bank.no/en/news-events/news/Speeches/2025/2025-05-13-hearing-tangen/,Norges Bank,2025-05-13,09:00,p,25,55,https___www_norges_bank_no_en_news_events_news_Speeches_2025_2025_05_13_hearing_tangen_,https___www_norges_bank_no_en_news_events_news_Speeches_2025_2025_05_13_hearing_tangen__p25,2025,5
Politikkforklaring / begrunnelse,Policy explanation / justification,Inflasjon og priser,Inflation and prices,Speech,https://www.norges-bank.no/en/news-events/news/Speeches/2025/2025-05-13-hearing-tangen/,Norges Bank,2025-05-13,09:00,p,26,47,https___www_norges_bank_no_en_news_events_news_Speeches_2025_2025_05_13_hearing_tangen_,https___www_norges_bank_no_en_news_events_news_Speeches_2025_2025_05_13_hearing_tangen__p26,2025,5
Politikkforklaring / begrunnelse,Policy explanation / justification,Finansiell stabilitet og bank,Financial stability and banking,Speech,https://www.norges-bank.no/en/news-events/news/Speeches/2025/2025-05-13-hearing-tangen/,Norges Bank,2025-05-13,09:00,p,27,72,https___www_norges_bank_no_en_news_events_news_Speeches_2025_2025_05_13_hearing_tangen_,https___www_norges_bank_no_en_news_events_news_Speeches_2025_2025_05_13_hearing_tangen__p27,2025,5
Politikkforklaring / begrunnelse,Policy explanation / justification,Annet / administrativt / ikke kodbar,Other / administrative / not codable,Speech,https://www.norges-bank.no/en/news-events/news/Speeches/2025/2025-05-13-hearing-tangen/,Norges Bank,2025-05-13,09:00,p,28,49,https___www_norges_bank_no_en_news_events_news_Speeches_2025_2025_05_13_hearing_tangen_,https___www_norges_bank_no_en_news_events_news_Speeches_2025_2025_05_13_hearing_tangen__p28,2025,5
Politikkforklaring / begrunnelse,Policy explanation / justification,Annet / administrativt / ikke kodbar,Other / administrative / not codable,Speech,https://www.norges-bank.no/en/news-events/news/Speeches/2025/2025-05-13-hearing-tangen/,Norges Bank,2025-05-13,09:00,p,29,72,https___www_norges_bank_no_en_news_events_news_Speeches_2025_2025_05_13_hearing_tangen_,https___www_norges_bank_no_en_news_events_news_Speeches_2025_2025_05_13_hearing_tangen__p29,2025,5
Utsikter / fremoverskuende signal,Outlook / forward guidance,Økonomisk aktivitet og arbeidsmarked,Economic activity and labor market,Speech,https://www.norges-bank.no/en/news-events/news/Speeches/2025/2025-05-13-hearing-tangen/,Norges Bank,2025-05-13,09:00,p,30,32,https___www_norges_bank_no_en_news_events_news_Speeches_2025_2025_05_13_hearing_tangen_,https___www_norges_bank_no_en_news_events_news_Speeches_2025_2025_05_13_hearing_tangen__p30,2025,5
Institusjonelt ansvar / mandat,Institutional accountability / mandate,Finansiell stabilitet og bank,Financial stability and banking,Speech,https://www.norges-bank.no/en/news-events/news/Speeches/2025/2025-05-13-hearing-tangen/,Norges Bank,2025-05-13,09:00,p,31,92,https___www_norges_bank_no_en_news_events_news_Speeches_2025_2025_05_13_hearing_tangen_,https___www_norges_bank_no_en_news_events_news_Speeches_2025_2025_05_13_hearing_tangen__p31,2025,5
Utsikter / fremoverskuende signal,Outlook / forward guidance,Finansiell stabilitet og bank,Financial stability and banking,Speech,https://www.norges-bank.no/en/news-events/news/Speeches/2025/2025-05-13-hearing-tangen/,Norges Bank,2025-05-13,09:00,p,32,28,https___www_norges_bank_no_en_news_events_news_Speeches_2025_2025_05_13_hearing_tangen_,https___www_norges_bank_no_en_news_events_news_Speeches_2025_2025_05_13_hearing_tangen__p32,2025,5
Utsikter / fremoverskuende signal,Outlook / forward guidance,Finansiell stabilitet og bank,Financial stability and banking,Speech,https://www.norges-bank.no/en/news-events/news/Speeches/2025/2025-05-13-hearing-tangen/,Norges Bank,2025-05-13,09:00,p,33,38,https___www_norges_bank_no_en_news_events_news_Speeches_2025_2025_05_13_hearing_tangen_,https___www_norges_bank_no_en_news_events_news_Speeches_2025_2025_05_13_hearing_tangen__p33,2025,5
Risiko / usikkerhet,Risk / uncertainty,Økonomisk aktivitet og arbeidsmarked,Economic activity and labor market,Speech,https://www.norges-bank.no/en/news-events/news/Speeches/2025/2025-05-13-hearing-tangen/,Norges Bank,2025-05-13,09:00,p,34,66,https___www_norges_bank_no_en_news_events_news_Speeches_2025_2025_05_13_hearing_tangen_,https___www_norges_bank_no_en_news_events_news_Speeches_2025_2025_05_13_hearing_tangen__p34,2025,5
Risiko / usikkerhet,Risk / uncertainty,Annet / administrativt / ikke kodbar,Other / administrative / not codable,Speech,https://www.norges-bank.no/en/news-events/news/Speeches/2025/2025-05-13-hearing-tangen/,Norges Bank,2025-05-13,09:00,p,35,29,https___www_norges_bank_no_en_news_events_news_Speeches_2025_2025_05_13_hearing_tangen_,https___www_norges_bank_no_en_news_events_news_Speeches_2025_2025_05_13_hearing_tangen__p35,2025,5
Utsikter / fremoverskuende signal,Outlook / forward guidance,Annet / administrativt / ikke kodbar,Other / administrative / not codable,Speech,https://www.norges-bank.no/en/news-events/news/Speeches/2025/2025-05-13-hearing-tangen/,Norges Bank,2025-05-13,09:00,p,36,15,https___www_norges_bank_no_en_news_events_news_Speeches_2025_2025_05_13_hearing_tangen_,https___www_norges_bank_no_en_news_events_news_Speeches_2025_2025_05_13_hearing_tangen__p36,2025,5
Annet / administrativt / ikke kodbar,Other / administrative / not codable,Annet / administrativt / ikke kodbar,Other / administrative / not codable,Speech,https://www.norges-bank.no/en/news-events/news/Speeches/2025/2025-05-13-hearing-tangen/,Norges Bank,2025-05-13,09:00,p,37,5,https___www_norges_bank_no_en_news_events_news_Speeches_2025_2025_05_13_hearing_tangen_,https___www_norges_bank_no_en_news_events_news_Speeches_2025_2025_05_13_hearing_tangen__p37,2025,5
Politikkforklaring / begrunnelse,Policy explanation / justification,Rente og pengepolitisk linje,Interest rates and monetary stance,Speech,https://www.norges-bank.no/en/news-events/news/Speeches/2025/2025-05-09-storting/,Norges Bank,2025-05-09,09:00,li,5,5,https___www_norges_bank_no_en_news_events_news_Speeches_2025_2025_05_09_storting_,https___www_norges_bank_no_en_news_events_news_Speeches_2025_2025_05_09_storting__p5,2025,5
Institusjonelt ansvar / mandat,Institutional accountability / mandate,Økonomisk aktivitet og arbeidsmarked,Economic activity and labor market,Speech,https://www.norges-bank.no/en/news-events/news/Speeches/2025/2025-05-09-storting/,Norges Bank,2025-05-09,09:00,p,6,38,https___www_norges_bank_no_en_news_events_news_Speeches_2025_2025_05_09_storting_,https___www_norges_bank_no_en_news_events_news_Speeches_2025_2025_05_09_storting__p6,2025,5
Institusjonelt ansvar / mandat,Institutional accountability / mandate,Rente og pengepolitisk linje,Interest rates and monetary stance,Speech,https://www.norges-bank.no/en/news-events/news/Speeches/2025/2025-05-09-storting/,Norges Bank,2025-05-09,09:00,p,7,13,https___www_norges_bank_no_en_news_events_news_Speeches_2025_2025_05_09_storting_,https___www_norges_bank_no_en_news_events_news_Speeches_2025_2025_05_09_storting__p7,2025,5
Risiko / usikkerhet,Risk / uncertainty,Valutakurs og eksterne forhold,Exchange rate and external conditions,Speech,https://www.norges-bank.no/en/news-events/news/Speeches/2025/2025-05-09-storting/,Norges Bank,2025-05-09,09:00,p,8,76,https___www_norges_bank_no_en_news_events_news_Speeches_2025_2025_05_09_storting_,https___www_norges_bank_no_en_news_events_news_Speeches_2025_2025_05_09_storting__p8,2025,5
Institusjonelt ansvar / mandat,Institutional accountability / mandate,Inflasjon og priser,Inflation and prices,Speech,https://www.norges-bank.no/en/news-events/news/Speeches/2025/2025-05-09-storting/,Norges Bank,2025-05-09,09:00,p,9,50,https___www_norges_bank_no_en_news_events_news_Speeches_2025_2025_05_09_storting_,https___www_norges_bank_no_en_news_events_news_Speeches_2025_2025_05_09_storting__p9,2025,5
Økonomisk situasjonsbeskrivelse / diagnose,Economic assessment / diagnosis,Økonomisk aktivitet og arbeidsmarked,Economic activity and labor market,Speech,https://www.norges-bank.no/en/news-events/news/Speeches/2025/2025-05-09-storting/,Norges Bank,2025-05-09,09:00,p,10,42,https___www_norges_bank_no_en_news_events_news_Speeches_2025_2025_05_09_storting_,https___www_norges_bank_no_en_news_events_news_Speeches_2025_2025_05_09_storting__p10,2025,5
Økonomisk situasjonsbeskrivelse / diagnose,Economic assessment / diagnosis,Økonomisk aktivitet og arbeidsmarked,Economic activity and labor market,Speech,https://www.norges-bank.no/en/news-events/news/Speeches/2025/2025-05-09-storting/,Norges Bank,2025-05-09,09:00,p,11,73,https___www_norges_bank_no_en_news_events_news_Speeches_2025_2025_05_09_storting_,https___www_norges_bank_no_en_news_events_news_Speeches_2025_2025_05_09_storting__p11,2025,5
Økonomisk situasjonsbeskrivelse / diagnose,Economic assessment / diagnosis,Økonomisk aktivitet og arbeidsmarked,Economic activity and labor market,Speech,https://www.norges-bank.no/en/news-events/news/Speeches/2025/2025-05-09-storting/,Norges Bank,2025-05-09,09:00,p,12,42,https___www_norges_bank_no_en_news_events_news_Speeches_2025_2025_05_09_storting_,https___www_norges_bank_no_en_news_events_news_Speeches_2025_2025_05_09_storting__p12,2025,5
Utsikter / fremoverskuende signal,Outlook / forward guidance,Valutakurs og eksterne forhold,Exchange rate and external conditions,Speech,https://www.norges-bank.no/en/news-events/news/Speeches/2025/2025-05-09-storting/,Norges Bank,2025-05-09,09:00,p,13,23,https___www_norges_bank_no_en_news_events_news_Speeches_2025_2025_05_09_storting_,https___www_norges_bank_no_en_news_events_news_Speeches_2025_2025_05_09_storting__p13,2025,5
Utsikter / fremoverskuende signal,Outlook / forward guidance,Inflasjon og priser,Inflation and prices,Speech,https://www.norges-bank.no/en/news-events/news/Speeches/2025/2025-05-09-storting/,Norges Bank,2025-05-09,09:00,p,14,30,https___www_norges_bank_no_en_news_events_news_Speeches_2025_2025_05_09_storting_,https___www_norges_bank_no_en_news_events_news_Speeches_2025_2025_05_09_storting__p14,2025,5
Utsikter / fremoverskuende signal,Outlook / forward guidance,Økonomisk aktivitet og arbeidsmarked,Economic activity and labor market,Speech,https://www.norges-bank.no/en/news-events/news/Speeches/2025/2025-05-09-storting/,Norges Bank,2025-05-09,09:00,p,15,73,https___www_norges_bank_no_en_news_events_news_Speeches_2025_2025_05_09_storting_,https___www_norges_bank_no_en_news_events_news_Speeches_2025_2025_05_09_storting__p15,2025,5
Økonomisk situasjonsbeskrivelse / diagnose,Economic assessment / diagnosis,Økonomisk aktivitet og arbeidsmarked,Economic activity and labor market,Speech,https://www.norges-bank.no/en/news-events/news/Speeches/2025/2025-05-09-storting/,Norges Bank,2025-05-09,09:00,p,16,21,https___www_norges_bank_no_en_news_events_news_Speeches_2025_2025_05_09_storting_,https___www_norges_bank_no_en_news_events_news_Speeches_2025_2025_05_09_storting__p16,2025,5
Økonomisk situasjonsbeskrivelse / diagnose,Economic assessment / diagnosis,Inflasjon og priser,Inflation and prices,Speech,https://www.norges-bank.no/en/news-events/news/Speeches/2025/2025-05-09-storting/,Norges Bank,2025-05-09,09:00,p,17,22,https___www_norges_bank_no_en_news_events_news_Speeches_2025_2025_05_09_storting_,https___www_norges_bank_no_en_news_events_news_Speeches_2025_2025_05_09_storting__p17,2025,5
Politikkforklaring / begrunnelse,Policy explanation / justification,Rente og pengepolitisk linje,Interest rates and monetary stance,Speech,https://www.norges-bank.no/en/news-events/news/Speeches/2025/2025-05-09-storting/,Norges Bank,2025-05-09,09:00,p,18,57,https___www_norges_bank_no_en_news_events_news_Speeches_2025_2025_05_09_storting_,https___www_norges_bank_no_en_news_events_news_Speeches_2025_2025_05_09_storting__p18,2025,5
Utsikter / fremoverskuende signal,Outlook / forward guidance,Rente og pengepolitisk linje,Interest rates and monetary stance,Speech,https://www.norges-bank.no/en/news-events/news/Speeches/2025/2025-05-09-storting/,Norges Bank,2025-05-09,09:00,p,19,42,https___www_norges_bank_no_en_news_events_news_Speeches_2025_2025_05_09_storting_,https___www_norges_bank_no_en_news_events_news_Speeches_2025_2025_05_09_storting__p19,2025,5
Utsikter / fremoverskuende signal,Outlook / forward guidance,Inflasjon og priser,Inflation and prices,Speech,https://www.norges-bank.no/en/news-events/news/Speeches/2025/2025-05-09-storting/,Norges Bank,2025-05-09,09:00,p,20,86,https___www_norges_bank_no_en_news_events_news_Speeches_2025_2025_05_09_storting_,https___www_norges_bank_no_en_news_events_news_Speeches_2025_2025_05_09_storting__p20,2025,5
Utsikter / fremoverskuende signal,Outlook / forward guidance,Rente og pengepolitisk linje,Interest rates and monetary stance,Speech,https://www.norges-bank.no/en/news-events/news/Speeches/2025/2025-05-09-storting/,Norges Bank,2025-05-09,09:00,p,21,54,https___www_norges_bank_no_en_news_events_news_Speeches_2025_2025_05_09_storting_,https___www_norges_bank_no_en_news_events_news_Speeches_2025_2025_05_09_storting__p21,2025,5
Utsikter / fremoverskuende signal,Outlook / forward guidance,Inflasjon og priser,Inflation and prices,Speech,https://www.norges-bank.no/en/news-events/news/Speeches/2025/2025-05-09-storting/,Norges Bank,2025-05-09,09:00,p,22,72,https___www_norges_bank_no_en_news_events_news_Speeches_2025_2025_05_09_storting_,https___www_norges_bank_no_en_news_events_news_Speeches_2025_2025_05_09_storting__p22,2025,5
Risiko / usikkerhet,Risk / uncertainty,Valutakurs og eksterne forhold,Exchange rate and external conditions,Speech,https://www.norges-bank.no/en/news-events/news/Speeches/2025/2025-05-09-storting/,Norges Bank,2025-05-09,09:00,p,23,29,https___www_norges_bank_no_en_news_events_news_Speeches_2025_2025_05_09_storting_,https___www_norges_bank_no_en_news_events_news_Speeches_2025_2025_05_09_storting__p23,2025,5
Utsikter / fremoverskuende signal,Outlook / forward guidance,Valutakurs og eksterne forhold,Exchange rate and external conditions,Speech,https://www.norges-bank.no/en/news-events/news/Speeches/2025/2025-05-09-storting/,Norges Bank,2025-05-09,09:00,p,24,60,https___www_norges_bank_no_en_news_events_news_Speeches_2025_2025_05_09_storting_,https___www_norges_bank_no_en_news_events_news_Speeches_2025_2025_05_09_storting__p24,2025,5
Risiko / usikkerhet,Risk / uncertainty,Økonomisk aktivitet og arbeidsmarked,Economic activity and labor market,Speech,https://www.norges-bank.no/en/news-events/news/Speeches/2025/2025-05-09-storting/,Norges Bank,2025-05-09,09:00,p,25,74,https___www_norges_bank_no_en_news_events_news_Speeches_2025_2025_05_09_storting_,https___www_norges_bank_no_en_news_events_news_Speeches_2025_2025_05_09_storting__p25,2025,5
Risiko / usikkerhet,Risk / uncertainty,Inflasjon og priser,Inflation and prices,Speech,https://www.norges-bank.no/en/news-events/news/Speeches/2025/2025-05-09-storting/,Norges Bank,2025-05-09,09:00,p,26,70,https___www_norges_bank_no_en_news_events_news_Speeches_2025_2025_05_09_storting_,https___www_norges_bank_no_en_news_events_news_Speeches_2025_2025_05_09_storting__p26,2025,5
Risiko / usikkerhet,Risk / uncertainty,Valutakurs og eksterne forhold,Exchange rate and external conditions,Speech,https://www.norges-bank.no/en/news-events/news/Speeches/2025/2025-05-09-storting/,Norges Bank,2025-05-09,09:00,p,27,36,https___www_norges_bank_no_en_news_events_news_Speeches_2025_2025_05_09_storting_,https___www_norges_bank_no_en_news_events_news_Speeches_2025_2025_05_09_storting__p27,2025,5
Utsikter / fremoverskuende signal,Outlook / forward guidance,Valutakurs og eksterne forhold,Exchange rate and external conditions,Speech,https://www.norges-bank.no/en/news-events/news/Speeches/2025/2025-05-09-storting/,Norges Bank,2025-05-09,09:00,p,28,36,https___www_norges_bank_no_en_news_events_news_Speeches_2025_2025_05_09_storting_,https___www_norges_bank_no_en_news_events_news_Speeches_2025_2025_05_09_storting__p28,2025,5
Risiko / usikkerhet,Risk / uncertainty,Finansiell stabilitet og bank,Financial stability and banking,Speech,https://www.norges-bank.no/en/news-events/news/Speeches/2025/2025-05-09-storting/,Norges Bank,2025-05-09,09:00,p,29,25,https___www_norges_bank_no_en_news_events_news_Speeches_2025_2025_05_09_storting_,https___www_norges_bank_no_en_news_events_news_Speeches_2025_2025_05_09_storting__p29,2025,5
Politikkforklaring / begrunnelse,Policy explanation / justification,Inflasjon og priser,Inflation and prices,Speech,https://www.norges-bank.no/en/news-events/news/Speeches/2025/2025-05-09-storting/,Norges Bank,2025-05-09,09:00,p,30,79,https___www_norges_bank_no_en_news_events_news_Speeches_2025_2025_05_09_storting_,https___www_norges_bank_no_en_news_events_news_Speeches_2025_2025_05_09_storting__p30,2025,5
Institusjonelt ansvar / mandat,Institutional accountability / mandate,Inflasjon og priser,Inflation and prices,Speech,https://www.norges-bank.no/en/news-events/news/Speeches/2025/2025-05-09-storting/,Norges Bank,2025-05-09,09:00,p,31,136,https___www_norges_bank_no_en_news_events_news_Speeches_2025_2025_05_09_storting_,https___www_norges_bank_no_en_news_events_news_Speeches_2025_2025_05_09_storting__p31,2025,5
Utsikter / fremoverskuende signal,Outlook / forward guidance,Inflasjon og priser,Inflation and prices,Speech,https://www.norges-bank.no/en/news-events/news/Speeches/2025/2025-05-09-storting/,Norges Bank,2025-05-09,09:00,p,32,96,https___www_norges_bank_no_en_news_events_news_Speeches_2025_2025_05_09_storting_,https___www_norges_bank_no_en_news_events_news_Speeches_2025_2025_05_09_storting__p32,2025,5
Politikkforklaring / begrunnelse,Policy explanation / justification,Inflasjon og priser,Inflation and prices,Speech,https://www.norges-bank.no/en/news-events/news/Speeches/2025/2025-05-09-storting/,Norges Bank,2025-05-09,09:00,p,33,100,https___www_norges_bank_no_en_news_events_news_Speeches_2025_2025_05_09_storting_,https___www_norges_bank_no_en_news_events_news_Speeches_2025_2025_05_09_storting__p33,2025,5
Utsikter / fremoverskuende signal,Outlook / forward guidance,Inflasjon og priser,Inflation and prices,Speech,https://www.norges-bank.no/en/news-events/news/Speeches/2025/2025-05-09-storting/,Norges Bank,2025-05-09,09:00,p,34,50,https___www_norges_bank_no_en_news_events_news_Speeches_2025_2025_05_09_storting_,https___www_norges_bank_no_en_news_events_news_Speeches_2025_2025_05_09_storting__p34,2025,5
Politikkforklaring / begrunnelse,Policy explanation / justification,Inflasjon og priser,Inflation and prices,Speech,https://www.norges-bank.no/en/news-events/news/Speeches/2025/2025-05-09-storting/,Norges Bank,2025-05-09,09:00,p,35,72,https___www_norges_bank_no_en_news_events_news_Speeches_2025_2025_05_09_storting_,https___www_norges_bank_no_en_news_events_news_Speeches_2025_2025_05_09_storting__p35,2025,5
Institusjonelt ansvar / mandat,Institutional accountability / mandate,Økonomisk aktivitet og arbeidsmarked,Economic activity and labor market,Speech,https://www.norges-bank.no/en/news-events/news/Speeches/2025/2025-05-09-storting/,Norges Bank,2025-05-09,09:00,p,36,51,https___www_norges_bank_no_en_news_events_news_Speeches_2025_2025_05_09_storting_,https___www_norges_bank_no_en_news_events_news_Speeches_2025_2025_05_09_storting__p36,2025,5
Utsikter / fremoverskuende signal,Outlook / forward guidance,Rente og pengepolitisk linje,Interest rates and monetary stance,Speech,https://www.norges-bank.no/en/news-events/news/Speeches/2025/2025-05-09-storting/,Norges Bank,2025-05-09,09:00,p,37,47,https___www_norges_bank_no_en_news_events_news_Speeches_2025_2025_05_09_storting_,https___www_norges_bank_no_en_news_events_news_Speeches_2025_2025_05_09_storting__p37,2025,5
Risiko / usikkerhet,Risk / uncertainty,Rente og pengepolitisk linje,Interest rates and monetary stance,Speech,https://www.norges-bank.no/en/news-events/news/Speeches/2025/2025-05-09-storting/,Norges Bank,2025-05-09,09:00,p,38,66,https___www_norges_bank_no_en_news_events_news_Speeches_2025_2025_05_09_storting_,https___www_norges_bank_no_en_news_events_news_Speeches_2025_2025_05_09_storting__p38,2025,5
Institusjonelt ansvar / mandat,Institutional accountability / mandate,Rente og pengepolitisk linje,Interest rates and monetary stance,Speech,https://www.norges-bank.no/en/news-events/news/Speeches/2025/2025-05-09-storting/,Norges Bank,2025-05-09,09:00,p,39,70,https___www_norges_bank_no_en_news_events_news_Speeches_2025_2025_05_09_storting_,https___www_norges_bank_no_en_news_events_news_Speeches_2025_2025_05_09_storting__p39,2025,5
Risiko / usikkerhet,Risk / uncertainty,Rente og pengepolitisk linje,Interest rates and monetary stance,Speech,https://www.norges-bank.no/en/news-events/news/Speeches/2025/2025-05-09-storting/,Norges Bank,2025-05-09,09:00,p,40,60,https___www_norges_bank_no_en_news_events_news_Speeches_2025_2025_05_09_storting_,https___www_norges_bank_no_en_news_events_news_Speeches_2025_2025_05_09_storting__p40,2025,5
Institusjonelt ansvar / mandat,Institutional accountability / mandate,Annet / administrativt / ikke kodbar,Other / administrative / not codable,Speech,https://www.norges-bank.no/en/news-events/news/Speeches/2025/2025-05-09-storting/,Norges Bank,2025-05-09,09:00,p,41,57,https___www_norges_bank_no_en_news_events_news_Speeches_2025_2025_05_09_storting_,https___www_norges_bank_no_en_news_events_news_Speeches_2025_2025_05_09_storting__p41,2025,5
Institusjonelt ansvar / mandat,Institutional accountability / mandate,Rente og pengepolitisk linje,Interest rates and monetary stance,Speech,https://www.norges-bank.no/en/news-events/news/Speeches/2025/2025-05-09-storting/,Norges Bank,2025-05-09,09:00,p,42,39,https___www_norges_bank_no_en_news_events_news_Speeches_2025_2025_05_09_storting_,https___www_norges_bank_no_en_news_events_news_Speeches_2025_2025_05_09_storting__p42,2025,5
Institusjonelt ansvar / mandat,Institutional accountability / mandate,Rente og pengepolitisk linje,Interest rates and monetary stance,Speech,https://www.norges-bank.no/en/news-events/news/Speeches/2025/2025-05-09-storting/,Norges Bank,2025-05-09,09:00,p,43,80,https___www_norges_bank_no_en_news_events_news_Speeches_2025_2025_05_09_storting_,https___www_norges_bank_no_en_news_events_news_Speeches_2025_2025_05_09_storting__p43,2025,5
Institusjonelt ansvar / mandat,Institutional accountability / mandate,Annet / administrativt / ikke kodbar,Other / administrative / not codable,Speech,https://www.norges-bank.no/en/news-events/news/Speeches/2025/2025-05-09-storting/,Norges Bank,2025-05-09,09:00,p,44,30,https___www_norges_bank_no_en_news_events_news_Speeches_2025_2025_05_09_storting_,https___www_norges_bank_no_en_news_events_news_Speeches_2025_2025_05_09_storting__p44,2025,5
Institusjonelt ansvar / mandat,Institutional accountability / mandate,Rente og pengepolitisk linje,Interest rates and monetary stance,Speech,https://www.norges-bank.no/en/news-events/news/Speeches/2025/2025-05-09-storting/,Norges Bank,2025-05-09,09:00,p,45,39,https___www_norges_bank_no_en_news_events_news_Speeches_2025_2025_05_09_storting_,https___www_norges_bank_no_en_news_events_news_Speeches_2025_2025_05_09_storting__p45,2025,5
Politikkforklaring / begrunnelse,Policy explanation / justification,Inflasjon og priser,Inflation and prices,Speech,https://www.norges-bank.no/en/news-events/news/Speeches/2025/2025-05-09-storting/,Norges Bank,2025-05-09,09:00,p,46,54,https___www_norges_bank_no_en_news_events_news_Speeches_2025_2025_05_09_storting_,https___www_norges_bank_no_en_news_events_news_Speeches_2025_2025_05_09_storting__p46,2025,5
Institusjonelt ansvar / mandat,Institutional accountability / mandate,Rente og pengepolitisk linje,Interest rates and monetary stance,Speech,https://www.norges-bank.no/en/news-events/news/Speeches/2025/2025-05-09-storting/,Norges Bank,2025-05-09,09:00,p,47,54,https___www_norges_bank_no_en_news_events_news_Speeches_2025_2025_05_09_storting_,https___www_norges_bank_no_en_news_events_news_Speeches_2025_2025_05_09_storting__p47,2025,5
Institusjonelt ansvar / mandat,Institutional accountability / mandate,Annet / administrativt / ikke kodbar,Other / administrative / not codable,Speech,https://www.norges-bank.no/en/news-events/news/Speeches/2025/2025-05-09-storting/,Norges Bank,2025-05-09,09:00,p,48,3,https___www_norges_bank_no_en_news_events_news_Speeches_2025_2025_05_09_storting_,https___www_norges_bank_no_en_news_events_news_Speeches_2025_2025_05_09_storting__p48,2025,5
Institusjonelt ansvar / mandat,Institutional accountability / mandate,Økonomisk aktivitet og arbeidsmarked,Economic activity and labor market,Speech,https://www.norges-bank.no/en/news-events/news/Speeches/2025/2025-05-09-storting/,Norges Bank,2025-05-09,09:00,p,49,56,https___www_norges_bank_no_en_news_events_news_Speeches_2025_2025_05_09_storting_,https___www_norges_bank_no_en_news_events_news_Speeches_2025_2025_05_09_storting__p49,2025,5
Institusjonelt ansvar / mandat,Institutional accountability / mandate,Annet / administrativt / ikke kodbar,Other / administrative / not codable,Speech,https://www.norges-bank.no/en/news-events/news/Speeches/2025/2025-05-09-storting/,Norges Bank,2025-05-09,09:00,p,50,8,https___www_norges_bank_no_en_news_events_news_Speeches_2025_2025_05_09_storting_,https___www_norges_bank_no_en_news_events_news_Speeches_2025_2025_05_09_storting__p50,2025,5
Utsikter / fremoverskuende signal,Outlook / forward guidance,Rente og pengepolitisk linje,Interest rates and monetary stance,Speech,https://www.norges-bank.no/en/news-events/news/Speeches/2025/2025-05-08-pc/,Norges Bank,2025-05-08,10:30,li,5,4,https___www_norges_bank_no_en_news_events_news_Speeches_2025_2025_05_08_pc_,https___www_norges_bank_no_en_news_events_news_Speeches_2025_2025_05_08_pc__p5,2025,5
Institusjonelt ansvar / mandat,Institutional accountability / mandate,Rente og pengepolitisk linje,Interest rates and monetary stance,Speech,https://www.norges-bank.no/en/news-events/news/Speeches/2025/2025-05-08-pc/,Norges Bank,2025-05-08,10:30,p,6,22,https___www_norges_bank_no_en_news_events_news_Speeches_2025_2025_05_08_pc_,https___www_norges_bank_no_en_news_events_news_Speeches_2025_2025_05_08_pc__p6,2025,5
Politikkforklaring / begrunnelse,Policy explanation / justification,Rente og pengepolitisk linje,Interest rates and monetary stance,Speech,https://www.norges-bank.no/en/news-events/news/Speeches/2025/2025-05-08-pc/,Norges Bank,2025-05-08,10:30,p,7,9,https___www_norges_bank_no_en_news_events_news_Speeches_2025_2025_05_08_pc_,https___www_norges_bank_no_en_news_events_news_Speeches_2025_2025_05_08_pc__p7,2025,5
Institusjonelt ansvar / mandat,Institutional accountability / mandate,Økonomisk aktivitet og arbeidsmarked,Economic activity and labor market,Speech,https://www.norges-bank.no/en/news-events/news/Speeches/2025/2025-05-08-pc/,Norges Bank,2025-05-08,10:30,p,8,39,https___www_norges_bank_no_en_news_events_news_Speeches_2025_2025_05_08_pc_,https___www_norges_bank_no_en_news_events_news_Speeches_2025_2025_05_08_pc__p8,2025,5
Utsikter / fremoverskuende signal,Outlook / forward guidance,Inflasjon og priser,Inflation and prices,Speech,https://www.norges-bank.no/en/news-events/news/Speeches/2025/2025-05-08-pc/,Norges Bank,2025-05-08,10:30,p,9,52,https___www_norges_bank_no_en_news_events_news_Speeches_2025_2025_05_08_pc_,https___www_norges_bank_no_en_news_events_news_Speeches_2025_2025_05_08_pc__p9,2025,5
Politikkforklaring / begrunnelse,Policy explanation / justification,Rente og pengepolitisk linje,Interest rates and monetary stance,Speech,https://www.norges-bank.no/en/news-events/news/Speeches/2025/2025-05-08-pc/,Norges Bank,2025-05-08,10:30,p,10,22,https___www_norges_bank_no_en_news_events_news_Speeches_2025_2025_05_08_pc_,https___www_norges_bank_no_en_news_events_news_Speeches_2025_2025_05_08_pc__p10,2025,5
Utsikter / fremoverskuende signal,Outlook / forward guidance,Rente og pengepolitisk linje,Interest rates and monetary stance,Speech,https://www.norges-bank.no/en/news-events/news/Speeches/2025/2025-05-08-pc/,Norges Bank,2025-05-08,10:30,p,11,30,https___www_norges_bank_no_en_news_events_news_Speeches_2025_2025_05_08_pc_,https___www_norges_bank_no_en_news_events_news_Speeches_2025_2025_05_08_pc__p11,2025,5
Utsikter / fremoverskuende signal,Outlook / forward guidance,Økonomisk aktivitet og arbeidsmarked,Economic activity and labor market,Speech,https://www.norges-bank.no/en/news-events/news/Speeches/2025/2025-05-08-pc/,Norges Bank,2025-05-08,10:30,p,12,38,https___www_norges_bank_no_en_news_events_news_Speeches_2025_2025_05_08_pc_,https___www_norges_bank_no_en_news_events_news_Speeches_2025_2025_05_08_pc__p12,2025,5
Risiko / usikkerhet,Risk / uncertainty,Valutakurs og eksterne forhold,Exchange rate and external conditions,Speech,https://www.norges-bank.no/en/news-events/news/Speeches/2025/2025-05-08-pc/,Norges Bank,2025-05-08,10:30,p,13,65,https___www_norges_bank_no_en_news_events_news_Speeches_2025_2025_05_08_pc_,https___www_norges_bank_no_en_news_events_news_Speeches_2025_2025_05_08_pc__p13,2025,5
Utsikter / fremoverskuende signal,Outlook / forward guidance,Inflasjon og priser,Inflation and prices,Speech,https://www.norges-bank.no/en/news-events/news/Speeches/2025/2025-05-08-pc/,Norges Bank,2025-05-08,10:30,p,14,22,https___www_norges_bank_no_en_news_events_news_Speeches_2025_2025_05_08_pc_,https___www_norges_bank_no_en_news_events_news_Speeches_2025_2025_05_08_pc__p14,2025,5
Risiko / usikkerhet,Risk / uncertainty,Valutakurs og eksterne forhold,Exchange rate and external conditions,Speech,https://www.norges-bank.no/en/news-events/news/Speeches/2025/2025-05-08-pc/,Norges Bank,2025-05-08,10:30,p,15,42,https___www_norges_bank_no_en_news_events_news_Speeches_2025_2025_05_08_pc_,https___www_norges_bank_no_en_news_events_news_Speeches_2025_2025_05_08_pc__p15,2025,5
Risiko / usikkerhet,Risk / uncertainty,Valutakurs og eksterne forhold,Exchange rate and external conditions,Speech,https://www.norges-bank.no/en/news-events/news/Speeches/2025/2025-05-08-pc/,Norges Bank,2025-05-08,10:30,p,16,46,https___www_norges_bank_no_en_news_events_news_Speeches_2025_2025_05_08_pc_,https___www_norges_bank_no_en_news_events_news_Speeches_2025_2025_05_08_pc__p16,2025,5
Utsikter / fremoverskuende signal,Outlook / forward guidance,Økonomisk aktivitet og arbeidsmarked,Economic activity and labor market,Speech,https://www.norges-bank.no/en/news-events/news/Speeches/2025/2025-05-08-pc/,Norges Bank,2025-05-08,10:30,p,17,7,https___www_norges_bank_no_en_news_events_news_Speeches_2025_2025_05_08_pc_,https___www_norges_bank_no_en_news_events_news_Speeches_2025_2025_05_08_pc__p17,2025,5
Utsikter / fremoverskuende signal,Outlook / forward guidance,Økonomisk aktivitet og arbeidsmarked,Economic activity and labor market,Speech,https://www.norges-bank.no/en/news-events/news/Speeches/2025/2025-05-08-pc/,Norges Bank,2025-05-08,10:30,p,18,61,https___www_norges_bank_no_en_news_events_news_Speeches_2025_2025_05_08_pc_,https___www_norges_bank_no_en_news_events_news_Speeches_2025_2025_05_08_pc__p18,2025,5
Utsikter / fremoverskuende signal,Outlook / forward guidance,Inflasjon og priser,Inflation and prices,Speech,https://www.norges-bank.no/en/news-events/news/Speeches/2025/2025-05-08-pc/,Norges Bank,2025-05-08,10:30,p,19,7,https___www_norges_bank_no_en_news_events_news_Speeches_2025_2025_05_08_pc_,https___www_norges_bank_no_en_news_events_news_Speeches_2025_2025_05_08_pc__p19,2025,5
Økonomisk situasjonsbeskrivelse / diagnose,Economic assessment / diagnosis,Inflasjon og priser,Inflation and prices,Speech,https://www.norges-bank.no/en/news-events/news/Speeches/2025/2025-05-08-pc/,Norges Bank,2025-05-08,10:30,p,20,105,https___www_norges_bank_no_en_news_events_news_Speeches_2025_2025_05_08_pc_,https___www_norges_bank_no_en_news_events_news_Speeches_2025_2025_05_08_pc__p20,2025,5
Politikkforklaring / begrunnelse,Policy explanation / justification,Inflasjon og priser,Inflation and prices,Speech,https://www.norges-bank.no/en/news-events/news/Speeches/2025/2025-05-08-pc/,Norges Bank,2025-05-08,10:30,p,21,59,https___www_norges_bank_no_en_news_events_news_Speeches_2025_2025_05_08_pc_,https___www_norges_bank_no_en_news_events_news_Speeches_2025_2025_05_08_pc__p21,2025,5
Utsikter / fremoverskuende signal,Outlook / forward guidance,Valutakurs og eksterne forhold,Exchange rate and external conditions,Speech,https://www.norges-bank.no/en/news-events/news/Speeches/2025/2025-05-08-pc/,Norges Bank,2025-05-08,10:30,p,22,82,https___www_norges_bank_no_en_news_events_news_Speeches_2025_2025_05_08_pc_,https___www_norges_bank_no_en_news_events_news_Speeches_2025_2025_05_08_pc__p22,2025,5
Risiko / usikkerhet,Risk / uncertainty,Økonomisk aktivitet og arbeidsmarked,Economic activity and labor market,Speech,https://www.norges-bank.no/en/news-events/news/Speeches/2025/2025-05-08-pc/,Norges Bank,2025-05-08,10:30,p,23,45,https___www_norges_bank_no_en_news_events_news_Speeches_2025_2025_05_08_pc_,https___www_norges_bank_no_en_news_events_news_Speeches_2025_2025_05_08_pc__p23,2025,5
Utsikter / fremoverskuende signal,Outlook / forward guidance,Rente og pengepolitisk linje,Interest rates and monetary stance,Speech,https://www.norges-bank.no/en/news-events/news/Speeches/2025/2025-05-08-pc/,Norges Bank,2025-05-08,10:30,li,24,4,https___www_norges_bank_no_en_news_events_news_Speeches_2025_2025_05_08_pc_,https___www_norges_bank_no_en_news_events_news_Speeches_2025_2025_05_08_pc__p24,2025,5
Institusjonelt ansvar / mandat,Institutional accountability / mandate,Annet / administrativt / ikke kodbar,Other / administrative / not codable,Speech,https://www.norges-bank.no/en/news-events/news/Speeches/2025/2025-04-08-finance-norway-conference/,Norges Bank,2025-04-08,11:05,li,5,4,https___www_norges_bank_no_en_news_events_news_Speeches_2025_2025_04_08_finance_norway_conference_,https___www_norges_bank_no_en_news_events_news_Speeches_2025_2025_04_08_finance_norway_conference__p5,2025,4
Institusjonelt ansvar / mandat,Institutional accountability / mandate,Økonomisk aktivitet og arbeidsmarked,Economic activity and labor market,Speech,https://www.norges-bank.no/en/news-events/news/Speeches/2025/2025-04-08-finance-norway-conference/,Norges Bank,2025-04-08,11:05,p,6,15,https___www_norges_bank_no_en_news_events_news_Speeches_2025_2025_04_08_finance_norway_conference_,https___www_norges_bank_no_en_news_events_news_Speeches_2025_2025_04_08_finance_norway_conference__p6,2025,4
Utsikter / fremoverskuende signal,Outlook / forward guidance,Økonomisk aktivitet og arbeidsmarked,Economic activity and labor market,Speech,https://www.norges-bank.no/en/news-events/news/Speeches/2025/2025-04-08-finance-norway-conference/,Norges Bank,2025-04-08,11:05,p,7,10,https___www_norges_bank_no_en_news_events_news_Speeches_2025_2025_04_08_finance_norway_conference_,https___www_norges_bank_no_en_news_events_news_Speeches_2025_2025_04_08_finance_norway_conference__p7,2025,4
Institusjonelt ansvar / mandat,Institutional accountability / mandate,Annet / administrativt / ikke kodbar,Other / administrative / not codable,Speech,https://www.norges-bank.no/en/news-events/news/Speeches/2025/2025-04-08-finance-norway-conference/,Norges Bank,2025-04-08,11:05,p,8,17,https___www_norges_bank_no_en_news_events_news_Speeches_2025_2025_04_08_finance_norway_conference_,https___www_norges_bank_no_en_news_events_news_Speeches_2025_2025_04_08_finance_norway_conference__p8,2025,4
Risiko / usikkerhet,Risk / uncertainty,Valutakurs og eksterne forhold,Exchange rate and external conditions,Speech,https://www.norges-bank.no/en/news-events/news/Speeches/2025/2025-04-08-finance-norway-conference/,Norges Bank,2025-04-08,11:05,p,9,47,https___www_norges_bank_no_en_news_events_news_Speeches_2025_2025_04_08_finance_norway_conference_,https___www_norges_bank_no_en_news_events_news_Speeches_2025_2025_04_08_finance_norway_conference__p9,2025,4
Institusjonelt ansvar / mandat,Institutional accountability / mandate,Finansiell stabilitet og bank,Financial stability and banking,Speech,https://www.norges-bank.no/en/news-events/news/Speeches/2025/2025-04-08-finance-norway-conference/,Norges Bank,2025-04-08,11:05,p,10,12,https___www_norges_bank_no_en_news_events_news_Speeches_2025_2025_04_08_finance_norway_conference_,https___www_norges_bank_no_en_news_events_news_Speeches_2025_2025_04_08_finance_norway_conference__p10,2025,4
Utsikter / fremoverskuende signal,Outlook / forward guidance,Valutakurs og eksterne forhold,Exchange rate and external conditions,Speech,https://www.norges-bank.no/en/news-events/news/Speeches/2025/2025-04-08-finance-norway-conference/,Norges Bank,2025-04-08,11:05,p,11,31,https___www_norges_bank_no_en_news_events_news_Speeches_2025_2025_04_08_finance_norway_conference_,https___www_norges_bank_no_en_news_events_news_Speeches_2025_2025_04_08_finance_norway_conference__p11,2025,4
Institusjonelt ansvar / mandat,Institutional accountability / mandate,Annet / administrativt / ikke kodbar,Other / administrative / not codable,Speech,https://www.norges-bank.no/en/news-events/news/Speeches/2025/2025-04-08-finance-norway-conference/,Norges Bank,2025-04-08,11:05,p,12,9,https___www_norges_bank_no_en_news_events_news_Speeches_2025_2025_04_08_finance_norway_conference_,https___www_norges_bank_no_en_news_events_news_Speeches_2025_2025_04_08_finance_norway_conference__p12,2025,4
Institusjonelt ansvar / mandat,Institutional accountability / mandate,Finansiell stabilitet og bank,Financial stability and banking,Speech,https://www.norges-bank.no/en/news-events/news/Speeches/2025/2025-04-08-finance-norway-conference/,Norges Bank,2025-04-08,11:05,p,13,24,https___www_norges_bank_no_en_news_events_news_Speeches_2025_2025_04_08_finance_norway_conference_,https___www_norges_bank_no_en_news_events_news_Speeches_2025_2025_04_08_finance_norway_conference__p13,2025,4
Utsikter / fremoverskuende signal,Outlook / forward guidance,Annet / administrativt / ikke kodbar,Other / administrative / not codable,Speech,https://www.norges-bank.no/en/news-events/news/Speeches/2025/2025-04-08-finance-norway-conference/,Norges Bank,2025-04-08,11:05,p,14,5,https___www_norges_bank_no_en_news_events_news_Speeches_2025_2025_04_08_finance_norway_conference_,https___www_norges_bank_no_en_news_events_news_Speeches_2025_2025_04_08_finance_norway_conference__p14,2025,4
Utsikter / fremoverskuende signal,Outlook / forward guidance,Inflasjon og priser,Inflation and prices,Speech,https://www.norges-bank.no/en/news-events/news/Speeches/2025/2025-04-08-finance-norway-conference/,Norges Bank,2025-04-08,11:05,p,15,15,https___www_norges_bank_no_en_news_events_news_Speeches_2025_2025_04_08_finance_norway_conference_,https___www_norges_bank_no_en_news_events_news_Speeches_2025_2025_04_08_finance_norway_conference__p15,2025,4
Institusjonelt ansvar / mandat,Institutional accountability / mandate,Finansiell stabilitet og bank,Financial stability and banking,Speech,https://www.norges-bank.no/en/news-events/news/Speeches/2025/2025-04-08-finance-norway-conference/,Norges Bank,2025-04-08,11:05,p,16,21,https___www_norges_bank_no_en_news_events_news_Speeches_2025_2025_04_08_finance_norway_conference_,https___www_norges_bank_no_en_news_events_news_Speeches_2025_2025_04_08_finance_norway_conference__p16,2025,4
Politikkforklaring / begrunnelse,Policy explanation / justification,Finansiell stabilitet og bank,Financial stability and banking,Speech,https://www.norges-bank.no/en/news-events/news/Speeches/2025/2025-04-08-finance-norway-conference/,Norges Bank,2025-04-08,11:05,p,17,27,https___www_norges_bank_no_en_news_events_news_Speeches_2025_2025_04_08_finance_norway_conference_,https___www_norges_bank_no_en_news_events_news_Speeches_2025_2025_04_08_finance_norway_conference__p17,2025,4
Politikkforklaring / begrunnelse,Policy explanation / justification,Rente og pengepolitisk linje,Interest rates and monetary stance,Speech,https://www.norges-bank.no/en/news-events/news/Speeches/2025/2025-04-08-finance-norway-conference/,Norges Bank,2025-04-08,11:05,p,18,6,https___www_norges_bank_no_en_news_events_news_Speeches_2025_2025_04_08_finance_norway_conference_,https___www_norges_bank_no_en_news_events_news_Speeches_2025_2025_04_08_finance_norway_conference__p18,2025,4
Politikkforklaring / begrunnelse,Policy explanation / justification,Rente og pengepolitisk linje,Interest rates and monetary stance,Speech,https://www.norges-bank.no/en/news-events/news/Speeches/2025/2025-04-08-finance-norway-conference/,Norges Bank,2025-04-08,11:05,p,19,39,https___www_norges_bank_no_en_news_events_news_Speeches_2025_2025_04_08_finance_norway_conference_,https___www_norges_bank_no_en_news_events_news_Speeches_2025_2025_04_08_finance_norway_conference__p19,2025,4
Utsikter / fremoverskuende signal,Outlook / forward guidance,Inflasjon og priser,Inflation and prices,Speech,https://www.norges-bank.no/en/news-events/news/Speeches/2025/2025-04-08-finance-norway-conference/,Norges Bank,2025-04-08,11:05,p,20,90,https___www_norges_bank_no_en_news_events_news_Speeches_2025_2025_04_08_finance_norway_conference_,https___www_norges_bank_no_en_news_events_news_Speeches_2025_2025_04_08_finance_norway_conference__p20,2025,4
Politikkforklaring / begrunnelse,Policy explanation / justification,Inflasjon og priser,Inflation and prices,Speech,https://www.norges-bank.no/en/news-events/news/Speeches/2025/2025-04-08-finance-norway-conference/,Norges Bank,2025-04-08,11:05,p,21,37,https___www_norges_bank_no_en_news_events_news_Speeches_2025_2025_04_08_finance_norway_conference_,https___www_norges_bank_no_en_news_events_news_Speeches_2025_2025_04_08_finance_norway_conference__p21,2025,4
Utsikter / fremoverskuende signal,Outlook / forward guidance,Økonomisk aktivitet og arbeidsmarked,Economic activity and labor market,Speech,https://www.norges-bank.no/en/news-events/news/Speeches/2025/2025-04-08-finance-norway-conference/,Norges Bank,2025-04-08,11:05,p,22,43,https___www_norges_bank_no_en_news_events_news_Speeches_2025_2025_04_08_finance_norway_conference_,https___www_norges_bank_no_en_news_events_news_Speeches_2025_2025_04_08_finance_norway_conference__p22,2025,4
Utsikter / fremoverskuende signal,Outlook / forward guidance,Rente og pengepolitisk linje,Interest rates and monetary stance,Speech,https://www.norges-bank.no/en/news-events/news/Speeches/2025/2025-04-08-finance-norway-conference/,Norges Bank,2025-04-08,11:05,p,23,38,https___www_norges_bank_no_en_news_events_news_Speeches_2025_2025_04_08_finance_norway_conference_,https___www_norges_bank_no_en_news_events_news_Speeches_2025_2025_04_08_finance_norway_conference__p23,2025,4
Utsikter / fremoverskuende signal,Outlook / forward guidance,Økonomisk aktivitet og arbeidsmarked,Economic activity and labor market,Speech,https://www.norges-bank.no/en/news-events/news/Speeches/2025/2025-04-08-finance-norway-conference/,Norges Bank,2025-04-08,11:05,p,24,29,https___www_norges_bank_no_en_news_events_news_Speeches_2025_2025_04_08_finance_norway_conference_,https___www_norges_bank_no_en_news_events_news_Speeches_2025_2025_04_08_finance_norway_conference__p24,2025,4
Risiko / usikkerhet,Risk / uncertainty,Økonomisk aktivitet og arbeidsmarked,Economic activity and labor market,Speech,https://www.norges-bank.no/en/news-events/news/Speeches/2025/2025-04-08-finance-norway-conference/,Norges Bank,2025-04-08,11:05,p,25,22,https___www_norges_bank_no_en_news_events_news_Speeches_2025_2025_04_08_finance_norway_conference_,https___www_norges_bank_no_en_news_events_news_Speeches_2025_2025_04_08_finance_norway_conference__p25,2025,4
Politikkforklaring / begrunnelse,Policy explanation / justification,Valutakurs og eksterne forhold,Exchange rate and external conditions,Speech,https://www.norges-bank.no/en/news-events/news/Speeches/2025/2025-04-08-finance-norway-conference/,Norges Bank,2025-04-08,11:05,p,26,53,https___www_norges_bank_no_en_news_events_news_Speeches_2025_2025_04_08_finance_norway_conference_,https___www_norges_bank_no_en_news_events_news_Speeches_2025_2025_04_08_finance_norway_conference__p26,2025,4
Utsikter / fremoverskuende signal,Outlook / forward guidance,Valutakurs og eksterne forhold,Exchange rate and external conditions,Speech,https://www.norges-bank.no/en/news-events/news/Speeches/2025/2025-04-08-finance-norway-conference/,Norges Bank,2025-04-08,11:05,p,27,107,https___www_norges_bank_no_en_news_events_news_Speeches_2025_2025_04_08_finance_norway_conference_,https___www_norges_bank_no_en_news_events_news_Speeches_2025_2025_04_08_finance_norway_conference__p27,2025,4
Utsikter / fremoverskuende signal,Outlook / forward guidance,Økonomisk aktivitet og arbeidsmarked,Economic activity and labor market,Speech,https://www.norges-bank.no/en/news-events/news/Speeches/2025/2025-04-08-finance-norway-conference/,Norges Bank,2025-04-08,11:05,p,28,37,https___www_norges_bank_no_en_news_events_news_Speeches_2025_2025_04_08_finance_norway_conference_,https___www_norges_bank_no_en_news_events_news_Speeches_2025_2025_04_08_finance_norway_conference__p28,2025,4
Risiko / usikkerhet,Risk / uncertainty,Valutakurs og eksterne forhold,Exchange rate and external conditions,Speech,https://www.norges-bank.no/en/news-events/news/Speeches/2025/2025-04-08-finance-norway-conference/,Norges Bank,2025-04-08,11:05,p,29,141,https___www_norges_bank_no_en_news_events_news_Speeches_2025_2025_04_08_finance_norway_conference_,https___www_norges_bank_no_en_news_events_news_Speeches_2025_2025_04_08_finance_norway_conference__p29,2025,4
Politikkforklaring / begrunnelse,Policy explanation / justification,Økonomisk aktivitet og arbeidsmarked,Economic activity and labor market,Speech,https://www.norges-bank.no/en/news-events/news/Speeches/2025/2025-04-08-finance-norway-conference/,Norges Bank,2025-04-08,11:05,p,30,41,https___www_norges_bank_no_en_news_events_news_Speeches_2025_2025_04_08_finance_norway_conference_,https___www_norges_bank_no_en_news_events_news_Speeches_2025_2025_04_08_finance_norway_conference__p30,2025,4
Institusjonelt ansvar / mandat,Institutional accountability / mandate,Økonomisk aktivitet og arbeidsmarked,Economic activity and labor market,Speech,https://www.norges-bank.no/en/news-events/news/Speeches/2025/2025-04-08-finance-norway-conference/,Norges Bank,2025-04-08,11:05,p,31,42,https___www_norges_bank_no_en_news_events_news_Speeches_2025_2025_04_08_finance_norway_conference_,https___www_norges_bank_no_en_news_events_news_Speeches_2025_2025_04_08_finance_norway_conference__p31,2025,4
Politikkforklaring / begrunnelse,Policy explanation / justification,Inflasjon og priser,Inflation and prices,Speech,https://www.norges-bank.no/en/news-events/news/Speeches/2025/2025-04-08-finance-norway-conference/,Norges Bank,2025-04-08,11:05,p,32,60,https___www_norges_bank_no_en_news_events_news_Speeches_2025_2025_04_08_finance_norway_conference_,https___www_norges_bank_no_en_news_events_news_Speeches_2025_2025_04_08_finance_norway_conference__p32,2025,4
Institusjonelt ansvar / mandat,Institutional accountability / mandate,Finansiell stabilitet og bank,Financial stability and banking,Speech,https://www.norges-bank.no/en/news-events/news/Speeches/2025/2025-04-08-finance-norway-conference/,Norges Bank,2025-04-08,11:05,p,33,25,https___www_norges_bank_no_en_news_events_news_Speeches_2025_2025_04_08_finance_norway_conference_,https___www_norges_bank_no_en_news_events_news_Speeches_2025_2025_04_08_finance_norway_conference__p33,2025,4
Politikkforklaring / begrunnelse,Policy explanation / justification,Finansiell stabilitet og bank,Financial stability and banking,Speech,https://www.norges-bank.no/en/news-events/news/Speeches/2025/2025-04-08-finance-norway-conference/,Norges Bank,2025-04-08,11:05,p,34,73,https___www_norges_bank_no_en_news_events_news_Speeches_2025_2025_04_08_finance_norway_conference_,https___www_norges_bank_no_en_news_events_news_Speeches_2025_2025_04_08_finance_norway_conference__p34,2025,4
Politikkforklaring / begrunnelse,Policy explanation / justification,Valutakurs og eksterne forhold,Exchange rate and external conditions,Speech,https://www.norges-bank.no/en/news-events/news/Speeches/2025/2025-04-08-finance-norway-conference/,Norges Bank,2025-04-08,11:05,p,35,35,https___www_norges_bank_no_en_news_events_news_Speeches_2025_2025_04_08_finance_norway_conference_,https___www_norges_bank_no_en_news_events_news_Speeches_2025_2025_04_08_finance_norway_conference__p35,2025,4
Politikkforklaring / begrunnelse,Policy explanation / justification,Finansiell stabilitet og bank,Financial stability and banking,Speech,https://www.norges-bank.no/en/news-events/news/Speeches/2025/2025-04-08-finance-norway-conference/,Norges Bank,2025-04-08,11:05,p,36,75,https___www_norges_bank_no_en_news_events_news_Speeches_2025_2025_04_08_finance_norway_conference_,https___www_norges_bank_no_en_news_events_news_Speeches_2025_2025_04_08_finance_norway_conference__p36,2025,4
Risiko / usikkerhet,Risk / uncertainty,Finansiell stabilitet og bank,Financial stability and banking,Speech,https://www.norges-bank.no/en/news-events/news/Speeches/2025/2025-04-08-finance-norway-conference/,Norges Bank,2025-04-08,11:05,p,37,61,https___www_norges_bank_no_en_news_events_news_Speeches_2025_2025_04_08_finance_norway_conference_,https___www_norges_bank_no_en_news_events_news_Speeches_2025_2025_04_08_finance_norway_conference__p37,2025,4
Institusjonelt ansvar / mandat,Institutional accountability / mandate,Finansiell stabilitet og bank,Financial stability and banking,Speech,https://www.norges-bank.no/en/news-events/news/Speeches/2025/2025-04-08-finance-norway-conference/,Norges Bank,2025-04-08,11:05,p,38,46,https___www_norges_bank_no_en_news_events_news_Speeches_2025_2025_04_08_finance_norway_conference_,https___www_norges_bank_no_en_news_events_news_Speeches_2025_2025_04_08_finance_norway_conference__p38,2025,4
Politikkforklaring / begrunnelse,Policy explanation / justification,Finansiell stabilitet og bank,Financial stability and banking,Speech,https://www.norges-bank.no/en/news-events/news/Speeches/2025/2025-04-08-finance-norway-conference/,Norges Bank,2025-04-08,11:05,p,39,54,https___www_norges_bank_no_en_news_events_news_Speeches_2025_2025_04_08_finance_norway_conference_,https___www_norges_bank_no_en_news_events_news_Speeches_2025_2025_04_08_finance_norway_conference__p39,2025,4
Politikkforklaring / begrunnelse,Policy explanation / justification,Finansiell stabilitet og bank,Financial stability and banking,Speech,https://www.norges-bank.no/en/news-events/news/Speeches/2025/2025-04-08-finance-norway-conference/,Norges Bank,2025-04-08,11:05,p,40,52,https___www_norges_bank_no_en_news_events_news_Speeches_2025_2025_04_08_finance_norway_conference_,https___www_norges_bank_no_en_news_events_news_Speeches_2025_2025_04_08_finance_norway_conference__p40,2025,4
Institusjonelt ansvar / mandat,Institutional accountability / mandate,Valutakurs og eksterne forhold,Exchange rate and external conditions,Speech,https://www.norges-bank.no/en/news-events/news/Speeches/2025/2025-04-08-finance-norway-conference/,Norges Bank,2025-04-08,11:05,p,41,65,https___www_norges_bank_no_en_news_events_news_Speeches_2025_2025_04_08_finance_norway_conference_,https___www_norges_bank_no_en_news_events_news_Speeches_2025_2025_04_08_finance_norway_conference__p41,2025,4
Institusjonelt ansvar / mandat,Institutional accountability / mandate,Valutakurs og eksterne forhold,Exchange rate and external conditions,Speech,https://www.norges-bank.no/en/news-events/news/Speeches/2025/2025-04-08-finance-norway-conference/,Norges Bank,2025-04-08,11:05,p,42,40,https___www_norges_bank_no_en_news_events_news_Speeches_2025_2025_04_08_finance_norway_conference_,https___www_norges_bank_no_en_news_events_news_Speeches_2025_2025_04_08_finance_norway_conference__p42,2025,4
Institusjonelt ansvar / mandat,Institutional accountability / mandate,Finansiell stabilitet og bank,Financial stability and banking,Speech,https://www.norges-bank.no/en/news-events/news/Speeches/2025/2025-04-08-finance-norway-conference/,Norges Bank,2025-04-08,11:05,p,43,71,https___www_norges_bank_no_en_news_events_news_Speeches_2025_2025_04_08_finance_norway_conference_,https___www_norges_bank_no_en_news_events_news_Speeches_2025_2025_04_08_finance_norway_conference__p43,2025,4
Utsikter / fremoverskuende signal,Outlook / forward guidance,Finansiell stabilitet og bank,Financial stability and banking,Speech,https://www.norges-bank.no/en/news-events/news/Speeches/2025/2025-04-08-finance-norway-conference/,Norges Bank,2025-04-08,11:05,p,44,59,https___www_norges_bank_no_en_news_events_news_Speeches_2025_2025_04_08_finance_norway_conference_,https___www_norges_bank_no_en_news_events_news_Speeches_2025_2025_04_08_finance_norway_conference__p44,2025,4
Institusjonelt ansvar / mandat,Institutional accountability / mandate,Finansiell stabilitet og bank,Financial stability and banking,Speech,https://www.norges-bank.no/en/news-events/news/Speeches/2025/2025-04-08-finance-norway-conference/,Norges Bank,2025-04-08,11:05,p,45,32,https___www_norges_bank_no_en_news_events_news_Speeches_2025_2025_04_08_finance_norway_conference_,https___www_norges_bank_no_en_news_events_news_Speeches_2025_2025_04_08_finance_norway_conference__p45,2025,4
Risiko / usikkerhet,Risk / uncertainty,Finansiell stabilitet og bank,Financial stability and banking,Speech,https://www.norges-bank.no/en/news-events/news/Speeches/2025/2025-04-08-finance-norway-conference/,Norges Bank,2025-04-08,11:05,p,46,51,https___www_norges_bank_no_en_news_events_news_Speeches_2025_2025_04_08_finance_norway_conference_,https___www_norges_bank_no_en_news_events_news_Speeches_2025_2025_04_08_finance_norway_conference__p46,2025,4
Institusjonelt ansvar / mandat,Institutional accountability / mandate,Finansiell stabilitet og bank,Financial stability and banking,Speech,https://www.norges-bank.no/en/news-events/news/Speeches/2025/2025-04-08-finance-norway-conference/,Norges Bank,2025-04-08,11:05,p,47,44,https___www_norges_bank_no_en_news_events_news_Speeches_2025_2025_04_08_finance_norway_conference_,https___www_norges_bank_no_en_news_events_news_Speeches_2025_2025_04_08_finance_norway_conference__p47,2025,4
Politikkforklaring / begrunnelse,Policy explanation / justification,Finansiell stabilitet og bank,Financial stability and banking,Speech,https://www.norges-bank.no/en/news-events/news/Speeches/2025/2025-04-08-finance-norway-conference/,Norges Bank,2025-04-08,11:05,p,48,96,https___www_norges_bank_no_en_news_events_news_Speeches_2025_2025_04_08_finance_norway_conference_,https___www_norges_bank_no_en_news_events_news_Speeches_2025_2025_04_08_finance_norway_conference__p48,2025,4
Utsikter / fremoverskuende signal,Outlook / forward guidance,Finansiell stabilitet og bank,Financial stability and banking,Speech,https://www.norges-bank.no/en/news-events/news/Speeches/2025/2025-04-08-finance-norway-conference/,Norges Bank,2025-04-08,11:05,p,49,43,https___www_norges_bank_no_en_news_events_news_Speeches_2025_2025_04_08_finance_norway_conference_,https___www_norges_bank_no_en_news_events_news_Speeches_2025_2025_04_08_finance_norway_conference__p49,2025,4
Utsikter / fremoverskuende signal,Outlook / forward guidance,Annet / administrativt / ikke kodbar,Other / administrative / not codable,Speech,https://www.norges-bank.no/en/news-events/news/Speeches/2025/2025-04-08-finance-norway-conference/,Norges Bank,2025-04-08,11:05,p,50,3,https___www_norges_bank_no_en_news_events_news_Speeches_2025_2025_04_08_finance_norway_conference_,https___www_norges_bank_no_en_news_events_news_Speeches_2025_2025_04_08_finance_norway_conference__p50,2025,4
Risiko / usikkerhet,Risk / uncertainty,Økonomisk aktivitet og arbeidsmarked,Economic activity and labor market,Speech,https://www.norges-bank.no/en/news-events/news/Speeches/2025/2025-04-08-finance-norway-conference/,Norges Bank,2025-04-08,11:05,p,51,22,https___www_norges_bank_no_en_news_events_news_Speeches_2025_2025_04_08_finance_norway_conference_,https___www_norges_bank_no_en_news_events_news_Speeches_2025_2025_04_08_finance_norway_conference__p51,2025,4
Institusjonelt ansvar / mandat,Institutional accountability / mandate,Økonomisk aktivitet og arbeidsmarked,Economic activity and labor market,Speech,https://www.norges-bank.no/en/news-events/news/Speeches/2025/2025-04-08-finance-norway-conference/,Norges Bank,2025-04-08,11:05,p,52,24,https___www_norges_bank_no_en_news_events_news_Speeches_2025_2025_04_08_finance_norway_conference_,https___www_norges_bank_no_en_news_events_news_Speeches_2025_2025_04_08_finance_norway_conference__p52,2025,4
Annet / administrativt / ikke kodbar,Other / administrative / not codable,Annet / administrativt / ikke kodbar,Other / administrative / not codable,Speech,https://www.norges-bank.no/en/news-events/news/Speeches/2025/2025-04-08-finance-norway-conference/,Norges Bank,2025-04-08,11:05,p,53,5,https___www_norges_bank_no_en_news_events_news_Speeches_2025_2025_04_08_finance_norway_conference_,https___www_norges_bank_no_en_news_events_news_Speeches_2025_2025_04_08_finance_norway_conference__p53,2025,4
Utsikter / fremoverskuende signal,Outlook / forward guidance,Rente og pengepolitisk linje,Interest rates and monetary stance,Speech,https://www.norges-bank.no/en/news-events/news/Speeches/2025/2025-03-27-pc/,Norges Bank,2025-03-27,10:30,li,5,4,https___www_norges_bank_no_en_news_events_news_Speeches_2025_2025_03_27_pc_,https___www_norges_bank_no_en_news_events_news_Speeches_2025_2025_03_27_pc__p5,2025,3
Institusjonelt ansvar / mandat,Institutional accountability / mandate,Rente og pengepolitisk linje,Interest rates and monetary stance,Speech,https://www.norges-bank.no/en/news-events/news/Speeches/2025/2025-03-27-pc/,Norges Bank,2025-03-27,10:30,p,6,22,https___www_norges_bank_no_en_news_events_news_Speeches_2025_2025_03_27_pc_,https___www_norges_bank_no_en_news_events_news_Speeches_2025_2025_03_27_pc__p6,2025,3
Politikkforklaring / begrunnelse,Policy explanation / justification,Rente og pengepolitisk linje,Interest rates and monetary stance,Speech,https://www.norges-bank.no/en/news-events/news/Speeches/2025/2025-03-27-pc/,Norges Bank,2025-03-27,10:30,p,7,8,https___www_norges_bank_no_en_news_events_news_Speeches_2025_2025_03_27_pc_,https___www_norges_bank_no_en_news_events_news_Speeches_2025_2025_03_27_pc__p7,2025,3
Institusjonelt ansvar / mandat,Institutional accountability / mandate,Rente og pengepolitisk linje,Interest rates and monetary stance,Speech,https://www.norges-bank.no/en/news-events/news/Speeches/2025/2025-03-27-pc/,Norges Bank,2025-03-27,10:30,p,8,17,https___www_norges_bank_no_en_news_events_news_Speeches_2025_2025_03_27_pc_,https___www_norges_bank_no_en_news_events_news_Speeches_2025_2025_03_27_pc__p8,2025,3
Institusjonelt ansvar / mandat,Institutional accountability / mandate,Økonomisk aktivitet og arbeidsmarked,Economic activity and labor market,Speech,https://www.norges-bank.no/en/news-events/news/Speeches/2025/2025-03-27-pc/,Norges Bank,2025-03-27,10:30,p,9,39,https___www_norges_bank_no_en_news_events_news_Speeches_2025_2025_03_27_pc_,https___www_norges_bank_no_en_news_events_news_Speeches_2025_2025_03_27_pc__p9,2025,3
Politikkforklaring / begrunnelse,Policy explanation / justification,Økonomisk aktivitet og arbeidsmarked,Economic activity and labor market,Speech,https://www.norges-bank.no/en/news-events/news/Speeches/2025/2025-03-27-pc/,Norges Bank,2025-03-27,10:30,p,10,62,https___www_norges_bank_no_en_news_events_news_Speeches_2025_2025_03_27_pc_,https___www_norges_bank_no_en_news_events_news_Speeches_2025_2025_03_27_pc__p10,2025,3
Utsikter / fremoverskuende signal,Outlook / forward guidance,Rente og pengepolitisk linje,Interest rates and monetary stance,Speech,https://www.norges-bank.no/en/news-events/news/Speeches/2025/2025-03-27-pc/,Norges Bank,2025-03-27,10:30,p,11,55,https___www_norges_bank_no_en_news_events_news_Speeches_2025_2025_03_27_pc_,https___www_norges_bank_no_en_news_events_news_Speeches_2025_2025_03_27_pc__p11,2025,3
Utsikter / fremoverskuende signal,Outlook / forward guidance,Økonomisk aktivitet og arbeidsmarked,Economic activity and labor market,Speech,https://www.norges-bank.no/en/news-events/news/Speeches/2025/2025-03-27-pc/,Norges Bank,2025-03-27,10:30,p,12,24,https___www_norges_bank_no_en_news_events_news_Speeches_2025_2025_03_27_pc_,https___www_norges_bank_no_en_news_events_news_Speeches_2025_2025_03_27_pc__p12,2025,3
Utsikter / fremoverskuende signal,Outlook / forward guidance,Inflasjon og priser,Inflation and prices,Speech,https://www.norges-bank.no/en/news-events/news/Speeches/2025/2025-03-27-pc/,Norges Bank,2025-03-27,10:30,p,13,49,https___www_norges_bank_no_en_news_events_news_Speeches_2025_2025_03_27_pc_,https___www_norges_bank_no_en_news_events_news_Speeches_2025_2025_03_27_pc__p13,2025,3
Annet / administrativt / ikke kodbar,Other / administrative / not codable,Annet / administrativt / ikke kodbar,Other / administrative / not codable,Speech,https://www.norges-bank.no/en/news-events/news/Speeches/2025/2025-03-27-pc/,Norges Bank,2025-03-27,10:30,p,14,3,https___www_norges_bank_no_en_news_events_news_Speeches_2025_2025_03_27_pc_,https___www_norges_bank_no_en_news_events_news_Speeches_2025_2025_03_27_pc__p14,2025,3
Utsikter / fremoverskuende signal,Outlook / forward guidance,Økonomisk aktivitet og arbeidsmarked,Economic activity and labor market,Speech,https://www.norges-bank.no/en/news-events/news/Speeches/2025/2025-03-27-pc/,Norges Bank,2025-03-27,10:30,p,15,7,https___www_norges_bank_no_en_news_events_news_Speeches_2025_2025_03_27_pc_,https___www_norges_bank_no_en_news_events_news_Speeches_2025_2025_03_27_pc__p15,2025,3
Utsikter / fremoverskuende signal,Outlook / forward guidance,Økonomisk aktivitet og arbeidsmarked,Economic activity and labor market,Speech,https://www.norges-bank.no/en/news-events/news/Speeches/2025/2025-03-27-pc/,Norges Bank,2025-03-27,10:30,p,16,36,https___www_norges_bank_no_en_news_events_news_Speeches_2025_2025_03_27_pc_,https___www_norges_bank_no_en_news_events_news_Speeches_2025_2025_03_27_pc__p16,2025,3
Utsikter / fremoverskuende signal,Outlook / forward guidance,Inflasjon og priser,Inflation and prices,Speech,https://www.norges-bank.no/en/news-events/news/Speeches/2025/2025-03-27-pc/,Norges Bank,2025-03-27,10:30,p,17,6,https___www_norges_bank_no_en_news_events_news_Speeches_2025_2025_03_27_pc_,https___www_norges_bank_no_en_news_events_news_Speeches_2025_2025_03_27_pc__p17,2025,3
Utsikter / fremoverskuende signal,Outlook / forward guidance,Inflasjon og priser,Inflation and prices,Speech,https://www.norges-bank.no/en/news-events/news/Speeches/2025/2025-03-27-pc/,Norges Bank,2025-03-27,10:30,p,18,57,https___www_norges_bank_no_en_news_events_news_Speeches_2025_2025_03_27_pc_,https___www_norges_bank_no_en_news_events_news_Speeches_2025_2025_03_27_pc__p18,2025,3
Utsikter / fremoverskuende signal,Outlook / forward guidance,Inflasjon og priser,Inflation and prices,Speech,https://www.norges-bank.no/en/news-events/news/Speeches/2025/2025-03-27-pc/,Norges Bank,2025-03-27,10:30,p,19,26,https___www_norges_bank_no_en_news_events_news_Speeches_2025_2025_03_27_pc_,https___www_norges_bank_no_en_news_events_news_Speeches_2025_2025_03_27_pc__p19,2025,3
Utsikter / fremoverskuende signal,Outlook / forward guidance,Rente og pengepolitisk linje,Interest rates and monetary stance,Speech,https://www.norges-bank.no/en/news-events/news/Speeches/2025/2025-03-27-pc/,Norges Bank,2025-03-27,10:30,p,20,16,https___www_norges_bank_no_en_news_events_news_Speeches_2025_2025_03_27_pc_,https___www_norges_bank_no_en_news_events_news_Speeches_2025_2025_03_27_pc__p20,2025,3
Utsikter / fremoverskuende signal,Outlook / forward guidance,Økonomisk aktivitet og arbeidsmarked,Economic activity and labor market,Speech,https://www.norges-bank.no/en/news-events/news/Speeches/2025/2025-03-27-pc/,Norges Bank,2025-03-27,10:30,p,21,8,https___www_norges_bank_no_en_news_events_news_Speeches_2025_2025_03_27_pc_,https___www_norges_bank_no_en_news_events_news_Speeches_2025_2025_03_27_pc__p21,2025,3
Politikkforklaring / begrunnelse,Policy explanation / justification,Økonomisk aktivitet og arbeidsmarked,Economic activity and labor market,Speech,https://www.norges-bank.no/en/news-events/news/Speeches/2025/2025-03-27-pc/,Norges Bank,2025-03-27,10:30,p,22,66,https___www_norges_bank_no_en_news_events_news_Speeches_2025_2025_03_27_pc_,https___www_norges_bank_no_en_news_events_news_Speeches_2025_2025_03_27_pc__p22,2025,3
Risiko / usikkerhet,Risk / uncertainty,Valutakurs og eksterne forhold,Exchange rate and external conditions,Speech,https://www.norges-bank.no/en/news-events/news/Speeches/2025/2025-03-27-pc/,Norges Bank,2025-03-27,10:30,p,23,103,https___www_norges_bank_no_en_news_events_news_Speeches_2025_2025_03_27_pc_,https___www_norges_bank_no_en_news_events_news_Speeches_2025_2025_03_27_pc__p23,2025,3
Utsikter / fremoverskuende signal,Outlook / forward guidance,Rente og pengepolitisk linje,Interest rates and monetary stance,Speech,https://www.norges-bank.no/en/news-events/news/Speeches/2025/2025-03-27-pc/,Norges Bank,2025-03-27,10:30,p,24,11,https___www_norges_bank_no_en_news_events_news_Speeches_2025_2025_03_27_pc_,https___www_norges_bank_no_en_news_events_news_Speeches_2025_2025_03_27_pc__p24,2025,3
Utsikter / fremoverskuende signal,Outlook / forward guidance,Rente og pengepolitisk linje,Interest rates and monetary stance,Speech,https://www.norges-bank.no/en/news-events/news/Speeches/2025/2025-03-27-pc/,Norges Bank,2025-03-27,10:30,p,25,71,https___www_norges_bank_no_en_news_events_news_Speeches_2025_2025_03_27_pc_,https___www_norges_bank_no_en_news_events_news_Speeches_2025_2025_03_27_pc__p25,2025,3
Utsikter / fremoverskuende signal,Outlook / forward guidance,Inflasjon og priser,Inflation and prices,Speech,https://www.norges-bank.no/en/news-events/news/Speeches/2025/2025-03-27-pc/,Norges Bank,2025-03-27,10:30,p,26,12,https___www_norges_bank_no_en_news_events_news_Speeches_2025_2025_03_27_pc_,https___www_norges_bank_no_en_news_events_news_Speeches_2025_2025_03_27_pc__p26,2025,3
Utsikter / fremoverskuende signal,Outlook / forward guidance,Inflasjon og priser,Inflation and prices,Speech,https://www.norges-bank.no/en/news-events/news/Speeches/2025/2025-03-27-pc/,Norges Bank,2025-03-27,10:30,p,27,62,https___www_norges_bank_no_en_news_events_news_Speeches_2025_2025_03_27_pc_,https___www_norges_bank_no_en_news_events_news_Speeches_2025_2025_03_27_pc__p27,2025,3
Utsikter / fremoverskuende signal,Outlook / forward guidance,Økonomisk aktivitet og arbeidsmarked,Economic activity and labor market,Speech,https://www.norges-bank.no/en/news-events/news/Speeches/2025/2025-03-27-pc/,Norges Bank,2025-03-27,10:30,p,28,61,https___www_norges_bank_no_en_news_events_news_Speeches_2025_2025_03_27_pc_,https___www_norges_bank_no_en_news_events_news_Speeches_2025_2025_03_27_pc__p28,2025,3
Politikkforklaring / begrunnelse,Policy explanation / justification,Økonomisk aktivitet og arbeidsmarked,Economic activity and labor market,Speech,https://www.norges-bank.no/en/news-events/news/Speeches/2025/2025-03-27-pc/,Norges Bank,2025-03-27,10:30,p,29,47,https___www_norges_bank_no_en_news_events_news_Speeches_2025_2025_03_27_pc_,https___www_norges_bank_no_en_news_events_news_Speeches_2025_2025_03_27_pc__p29,2025,3
Utsikter / fremoverskuende signal,Outlook / forward guidance,Rente og pengepolitisk linje,Interest rates and monetary stance,Speech,https://www.norges-bank.no/en/news-events/news/Speeches/2025/2025-03-27-pc/,Norges Bank,2025-03-27,10:30,li,30,5,https___www_norges_bank_no_en_news_events_news_Speeches_2025_2025_03_27_pc_,https___www_norges_bank_no_en_news_events_news_Speeches_2025_2025_03_27_pc__p30,2025,3
Institusjonelt ansvar / mandat,Institutional accountability / mandate,Økonomisk aktivitet og arbeidsmarked,Economic activity and labor market,Speech,https://www.norges-bank.no/en/news-events/news/Speeches/2025/2025-02-27-cape-town/,Norges Bank,2025-02-27,17:30,li,5,5,https___www_norges_bank_no_en_news_events_news_Speeches_2025_2025_02_27_cape_town_,https___www_norges_bank_no_en_news_events_news_Speeches_2025_2025_02_27_cape_town__p5,2025,2
Institusjonelt ansvar / mandat,Institutional accountability / mandate,Annet / administrativt / ikke kodbar,Other / administrative / not codable,Speech,https://www.norges-bank.no/en/news-events/news/Speeches/2025/2025-02-27-cape-town/,Norges Bank,2025-02-27,17:30,p,6,24,https___www_norges_bank_no_en_news_events_news_Speeches_2025_2025_02_27_cape_town_,https___www_norges_bank_no_en_news_events_news_Speeches_2025_2025_02_27_cape_town__p6,2025,2
Institusjonelt ansvar / mandat,Institutional accountability / mandate,Annet / administrativt / ikke kodbar,Other / administrative / not codable,Speech,https://www.norges-bank.no/en/news-events/news/Speeches/2025/2025-02-27-nb-watch/,Norges Bank,2025-02-27,10:00,li,5,6,https___www_norges_bank_no_en_news_events_news_Speeches_2025_2025_02_27_nb_watch_,https___www_norges_bank_no_en_news_events_news_Speeches_2025_2025_02_27_nb_watch__p5,2025,2
Institusjonelt ansvar / mandat,Institutional accountability / mandate,Økonomisk aktivitet og arbeidsmarked,Economic activity and labor market,Speech,https://www.norges-bank.no/en/news-events/news/Speeches/2025/2025-02-27-nb-watch/,Norges Bank,2025-02-27,10:00,p,6,12,https___www_norges_bank_no_en_news_events_news_Speeches_2025_2025_02_27_nb_watch_,https___www_norges_bank_no_en_news_events_news_Speeches_2025_2025_02_27_nb_watch__p6,2025,2
Annet / administrativt / ikke kodbar,Other / administrative / not codable,Annet / administrativt / ikke kodbar,Other / administrative / not codable,Speech,https://www.norges-bank.no/en/news-events/news/Speeches/2025/2025-02-27-nb-watch/,Norges Bank,2025-02-27,10:00,p,7,4,https___www_norges_bank_no_en_news_events_news_Speeches_2025_2025_02_27_nb_watch_,https___www_norges_bank_no_en_news_events_news_Speeches_2025_2025_02_27_nb_watch__p7,2025,2
Institusjonelt ansvar / mandat,Institutional accountability / mandate,Annet / administrativt / ikke kodbar,Other / administrative / not codable,Speech,https://www.norges-bank.no/en/news-events/news/Speeches/2025/2025-02-27-nb-watch/,Norges Bank,2025-02-27,10:00,p,8,50,https___www_norges_bank_no_en_news_events_news_Speeches_2025_2025_02_27_nb_watch_,https___www_norges_bank_no_en_news_events_news_Speeches_2025_2025_02_27_nb_watch__p8,2025,2
Institusjonelt ansvar / mandat,Institutional accountability / mandate,Annet / administrativt / ikke kodbar,Other / administrative / not codable,Speech,https://www.norges-bank.no/en/news-events/news/Speeches/2025/2025-02-27-nb-watch/,Norges Bank,2025-02-27,10:00,p,9,54,https___www_norges_bank_no_en_news_events_news_Speeches_2025_2025_02_27_nb_watch_,https___www_norges_bank_no_en_news_events_news_Speeches_2025_2025_02_27_nb_watch__p9,2025,2
Institusjonelt ansvar / mandat,Institutional accountability / mandate,Annet / administrativt / ikke kodbar,Other / administrative / not codable,Speech,https://www.norges-bank.no/en/news-events/news/Speeches/2025/2025-02-27-nb-watch/,Norges Bank,2025-02-27,10:00,p,10,47,https___www_norges_bank_no_en_news_events_news_Speeches_2025_2025_02_27_nb_watch_,https___www_norges_bank_no_en_news_events_news_Speeches_2025_2025_02_27_nb_watch__p10,2025,2
Utsikter / fremoverskuende signal,Outlook / forward guidance,Økonomisk aktivitet og arbeidsmarked,Economic activity and labor market,Speech,https://www.norges-bank.no/en/news-events/news/Speeches/2025/2025-02-27-nb-watch/,Norges Bank,2025-02-27,10:00,p,11,112,https___www_norges_bank_no_en_news_events_news_Speeches_2025_2025_02_27_nb_watch_,https___www_norges_bank_no_en_news_events_news_Speeches_2025_2025_02_27_nb_watch__p11,2025,2
Utsikter / fremoverskuende signal,Outlook / forward guidance,Rente og pengepolitisk linje,Interest rates and monetary stance,Speech,https://www.norges-bank.no/en/news-events/news/Speeches/2025/2025-02-27-nb-watch/,Norges Bank,2025-02-27,10:00,p,12,25,https___www_norges_bank_no_en_news_events_news_Speeches_2025_2025_02_27_nb_watch_,https___www_norges_bank_no_en_news_events_news_Speeches_2025_2025_02_27_nb_watch__p12,2025,2
Utsikter / fremoverskuende signal,Outlook / forward guidance,Økonomisk aktivitet og arbeidsmarked,Economic activity and labor market,Speech,https://www.norges-bank.no/en/news-events/news/Speeches/2025/2025-02-27-nb-watch/,Norges Bank,2025-02-27,10:00,p,13,3,https___www_norges_bank_no_en_news_events_news_Speeches_2025_2025_02_27_nb_watch_,https___www_norges_bank_no_en_news_events_news_Speeches_2025_2025_02_27_nb_watch__p13,2025,2
Utsikter / fremoverskuende signal,Outlook / forward guidance,Valutakurs og eksterne forhold,Exchange rate and external conditions,Speech,https://www.norges-bank.no/en/news-events/news/Speeches/2025/2025-02-27-nb-watch/,Norges Bank,2025-02-27,10:00,p,14,95,https___www_norges_bank_no_en_news_events_news_Speeches_2025_2025_02_27_nb_watch_,https___www_norges_bank_no_en_news_events_news_Speeches_2025_2025_02_27_nb_watch__p14,2025,2
Økonomisk situasjonsbeskrivelse / diagnose,Economic assessment / diagnosis,Inflasjon og priser,Inflation and prices,Speech,https://www.norges-bank.no/en/news-events/news/Speeches/2025/2025-02-27-nb-watch/,Norges Bank,2025-02-27,10:00,p,15,158,https___www_norges_bank_no_en_news_events_news_Speeches_2025_2025_02_27_nb_watch_,https___www_norges_bank_no_en_news_events_news_Speeches_2025_2025_02_27_nb_watch__p15,2025,2
Utsikter / fremoverskuende signal,Outlook / forward guidance,Valutakurs og eksterne forhold,Exchange rate and external conditions,Speech,https://www.norges-bank.no/en/news-events/news/Speeches/2025/2025-02-27-nb-watch/,Norges Bank,2025-02-27,10:00,p,16,141,https___www_norges_bank_no_en_news_events_news_Speeches_2025_2025_02_27_nb_watch_,https___www_norges_bank_no_en_news_events_news_Speeches_2025_2025_02_27_nb_watch__p16,2025,2
Politikkforklaring / begrunnelse,Policy explanation / justification,Inflasjon og priser,Inflation and prices,Speech,https://www.norges-bank.no/en/news-events/news/Speeches/2025/2025-02-27-nb-watch/,Norges Bank,2025-02-27,10:00,p,17,216,https___www_norges_bank_no_en_news_events_news_Speeches_2025_2025_02_27_nb_watch_,https___www_norges_bank_no_en_news_events_news_Speeches_2025_2025_02_27_nb_watch__p17,2025,2
Risiko / usikkerhet,Risk / uncertainty,Inflasjon og priser,Inflation and prices,Speech,https://www.norges-bank.no/en/news-events/news/Speeches/2025/2025-02-27-nb-watch/,Norges Bank,2025-02-27,10:00,p,18,19,https___www_norges_bank_no_en_news_events_news_Speeches_2025_2025_02_27_nb_watch_,https___www_norges_bank_no_en_news_events_news_Speeches_2025_2025_02_27_nb_watch__p18,2025,2
Institusjonelt ansvar / mandat,Institutional accountability / mandate,Økonomisk aktivitet og arbeidsmarked,Economic activity and labor market,Speech,https://www.norges-bank.no/en/news-events/news/Speeches/2025/2025-02-27-nb-watch/,Norges Bank,2025-02-27,10:00,p,19,6,https___www_norges_bank_no_en_news_events_news_Speeches_2025_2025_02_27_nb_watch_,https___www_norges_bank_no_en_news_events_news_Speeches_2025_2025_02_27_nb_watch__p19,2025,2
Risiko / usikkerhet,Risk / uncertainty,Rente og pengepolitisk linje,Interest rates and monetary stance,Speech,https://www.norges-bank.no/en/news-events/news/Speeches/2025/2025-02-27-nb-watch/,Norges Bank,2025-02-27,10:00,p,20,58,https___www_norges_bank_no_en_news_events_news_Speeches_2025_2025_02_27_nb_watch_,https___www_norges_bank_no_en_news_events_news_Speeches_2025_2025_02_27_nb_watch__p20,2025,2
Risiko / usikkerhet,Risk / uncertainty,Inflasjon og priser,Inflation and prices,Speech,https://www.norges-bank.no/en/news-events/news/Speeches/2025/2025-02-27-nb-watch/,Norges Bank,2025-02-27,10:00,p,21,28,https___www_norges_bank_no_en_news_events_news_Speeches_2025_2025_02_27_nb_watch_,https___www_norges_bank_no_en_news_events_news_Speeches_2025_2025_02_27_nb_watch__p21,2025,2
Utsikter / fremoverskuende signal,Outlook / forward guidance,Økonomisk aktivitet og arbeidsmarked,Economic activity and labor market,Speech,https://www.norges-bank.no/en/news-events/news/Speeches/2025/2025-02-27-nb-watch/,Norges Bank,2025-02-27,10:00,p,22,3,https___www_norges_bank_no_en_news_events_news_Speeches_2025_2025_02_27_nb_watch_,https___www_norges_bank_no_en_news_events_news_Speeches_2025_2025_02_27_nb_watch__p22,2025,2
Risiko / usikkerhet,Risk / uncertainty,Valutakurs og eksterne forhold,Exchange rate and external conditions,Speech,https://www.norges-bank.no/en/news-events/news/Speeches/2025/2025-02-27-nb-watch/,Norges Bank,2025-02-27,10:00,p,23,154,https___www_norges_bank_no_en_news_events_news_Speeches_2025_2025_02_27_nb_watch_,https___www_norges_bank_no_en_news_events_news_Speeches_2025_2025_02_27_nb_watch__p23,2025,2
Risiko / usikkerhet,Risk / uncertainty,Valutakurs og eksterne forhold,Exchange rate and external conditions,Speech,https://www.norges-bank.no/en/news-events/news/Speeches/2025/2025-02-27-nb-watch/,Norges Bank,2025-02-27,10:00,p,24,23,https___www_norges_bank_no_en_news_events_news_Speeches_2025_2025_02_27_nb_watch_,https___www_norges_bank_no_en_news_events_news_Speeches_2025_2025_02_27_nb_watch__p24,2025,2
Institusjonelt ansvar / mandat,Institutional accountability / mandate,Valutakurs og eksterne forhold,Exchange rate and external conditions,Speech,https://www.norges-bank.no/en/news-events/news/Speeches/2025/2025-02-27-nb-watch/,Norges Bank,2025-02-27,10:00,p,25,5,https___www_norges_bank_no_en_news_events_news_Speeches_2025_2025_02_27_nb_watch_,https___www_norges_bank_no_en_news_events_news_Speeches_2025_2025_02_27_nb_watch__p25,2025,2
Risiko / usikkerhet,Risk / uncertainty,Valutakurs og eksterne forhold,Exchange rate and external conditions,Speech,https://www.norges-bank.no/en/news-events/news/Speeches/2025/2025-02-27-nb-watch/,Norges Bank,2025-02-27,10:00,p,26,141,https___www_norges_bank_no_en_news_events_news_Speeches_2025_2025_02_27_nb_watch_,https___www_norges_bank_no_en_news_events_news_Speeches_2025_2025_02_27_nb_watch__p26,2025,2
Risiko / usikkerhet,Risk / uncertainty,Valutakurs og eksterne forhold,Exchange rate and external conditions,Speech,https://www.norges-bank.no/en/news-events/news/Speeches/2025/2025-02-27-nb-watch/,Norges Bank,2025-02-27,10:00,p,27,22,https___www_norges_bank_no_en_news_events_news_Speeches_2025_2025_02_27_nb_watch_,https___www_norges_bank_no_en_news_events_news_Speeches_2025_2025_02_27_nb_watch__p27,2025,2
Institusjonelt ansvar / mandat,Institutional accountability / mandate,Valutakurs og eksterne forhold,Exchange rate and external conditions,Speech,https://www.norges-bank.no/en/news-events/news/Speeches/2025/2025-02-27-nb-watch/,Norges Bank,2025-02-27,10:00,p,28,5,https___www_norges_bank_no_en_news_events_news_Speeches_2025_2025_02_27_nb_watch_,https___www_norges_bank_no_en_news_events_news_Speeches_2025_2025_02_27_nb_watch__p28,2025,2
Politikkforklaring / begrunnelse,Policy explanation / justification,Økonomisk aktivitet og arbeidsmarked,Economic activity and labor market,Speech,https://www.norges-bank.no/en/news-events/news/Speeches/2025/2025-02-27-nb-watch/,Norges Bank,2025-02-27,10:00,p,29,40,https___www_norges_bank_no_en_news_events_news_Speeches_2025_2025_02_27_nb_watch_,https___www_norges_bank_no_en_news_events_news_Speeches_2025_2025_02_27_nb_watch__p29,2025,2
Utsikter / fremoverskuende signal,Outlook / forward guidance,Økonomisk aktivitet og arbeidsmarked,Economic activity and labor market,Speech,https://www.norges-bank.no/en/news-events/news/Speeches/2025/2025-02-27-nb-watch/,Norges Bank,2025-02-27,10:00,p,30,36,https___www_norges_bank_no_en_news_events_news_Speeches_2025_2025_02_27_nb_watch_,https___www_norges_bank_no_en_news_events_news_Speeches_2025_2025_02_27_nb_watch__p30,2025,2
Utsikter / fremoverskuende signal,Outlook / forward guidance,Inflasjon og priser,Inflation and prices,Speech,https://www.norges-bank.no/en/news-events/news/Speeches/2025/2025-02-27-nb-watch/,Norges Bank,2025-02-27,10:00,p,31,19,https___www_norges_bank_no_en_news_events_news_Speeches_2025_2025_02_27_nb_watch_,https___www_norges_bank_no_en_news_events_news_Speeches_2025_2025_02_27_nb_watch__p31,2025,2
Institusjonelt ansvar / mandat,Institutional accountability / mandate,Økonomisk aktivitet og arbeidsmarked,Economic activity and labor market,Speech,https://www.norges-bank.no/en/news-events/news/Speeches/2025/2025-02-27-nb-watch/,Norges Bank,2025-02-27,10:00,p,32,6,https___www_norges_bank_no_en_news_events_news_Speeches_2025_2025_02_27_nb_watch_,https___www_norges_bank_no_en_news_events_news_Speeches_2025_2025_02_27_nb_watch__p32,2025,2
Institusjonelt ansvar / mandat,Institutional accountability / mandate,Økonomisk aktivitet og arbeidsmarked,Economic activity and labor market,Speech,https://www.norges-bank.no/en/news-events/news/Speeches/2025/2025-02-27-nb-watch/,Norges Bank,2025-02-27,10:00,p,33,136,https___www_norges_bank_no_en_news_events_news_Speeches_2025_2025_02_27_nb_watch_,https___www_norges_bank_no_en_news_events_news_Speeches_2025_2025_02_27_nb_watch__p33,2025,2
Institusjonelt ansvar / mandat,Institutional accountability / mandate,Inflasjon og priser,Inflation and prices,Speech,https://www.norges-bank.no/en/news-events/news/Speeches/2025/2025-02-27-nb-watch/,Norges Bank,2025-02-27,10:00,p,34,152,https___www_norges_bank_no_en_news_events_news_Speeches_2025_2025_02_27_nb_watch_,https___www_norges_bank_no_en_news_events_news_Speeches_2025_2025_02_27_nb_watch__p34,2025,2
Utsikter / fremoverskuende signal,Outlook / forward guidance,Økonomisk aktivitet og arbeidsmarked,Economic activity and labor market,Speech,https://www.norges-bank.no/en/news-events/news/Speeches/2025/2025-02-27-nb-watch/,Norges Bank,2025-02-27,10:00,p,35,13,https___www_norges_bank_no_en_news_events_news_Speeches_2025_2025_02_27_nb_watch_,https___www_norges_bank_no_en_news_events_news_Speeches_2025_2025_02_27_nb_watch__p35,2025,2
Utsikter / fremoverskuende signal,Outlook / forward guidance,Økonomisk aktivitet og arbeidsmarked,Economic activity and labor market,Speech,https://www.norges-bank.no/en/news-events/news/Speeches/2025/2025-02-27-nb-watch/,Norges Bank,2025-02-27,10:00,p,36,3,https___www_norges_bank_no_en_news_events_news_Speeches_2025_2025_02_27_nb_watch_,https___www_norges_bank_no_en_news_events_news_Speeches_2025_2025_02_27_nb_watch__p36,2025,2
Politikkforklaring / begrunnelse,Policy explanation / justification,Rente og pengepolitisk linje,Interest rates and monetary stance,Speech,https://www.norges-bank.no/en/news-events/news/Speeches/2025/2025-02-27-nb-watch/,Norges Bank,2025-02-27,10:00,p,37,77,https___www_norges_bank_no_en_news_events_news_Speeches_2025_2025_02_27_nb_watch_,https___www_norges_bank_no_en_news_events_news_Speeches_2025_2025_02_27_nb_watch__p37,2025,2
Politikkforklaring / begrunnelse,Policy explanation / justification,Rente og pengepolitisk linje,Interest rates and monetary stance,Speech,https://www.norges-bank.no/en/news-events/news/Speeches/2025/2025-02-27-nb-watch/,Norges Bank,2025-02-27,10:00,p,38,113,https___www_norges_bank_no_en_news_events_news_Speeches_2025_2025_02_27_nb_watch_,https___www_norges_bank_no_en_news_events_news_Speeches_2025_2025_02_27_nb_watch__p38,2025,2
Institusjonelt ansvar / mandat,Institutional accountability / mandate,Annet / administrativt / ikke kodbar,Other / administrative / not codable,Speech,https://www.norges-bank.no/en/news-events/news/Speeches/2025/2025-02-27-nb-watch/,Norges Bank,2025-02-27,10:00,p,39,32,https___www_norges_bank_no_en_news_events_news_Speeches_2025_2025_02_27_nb_watch_,https___www_norges_bank_no_en_news_events_news_Speeches_2025_2025_02_27_nb_watch__p39,2025,2
Institusjonelt ansvar / mandat,Institutional accountability / mandate,Annet / administrativt / ikke kodbar,Other / administrative / not codable,Speech,https://www.norges-bank.no/en/news-events/news/Speeches/2025/2025-02-27-nb-watch/,Norges Bank,2025-02-27,10:00,p,40,5,https___www_norges_bank_no_en_news_events_news_Speeches_2025_2025_02_27_nb_watch_,https___www_norges_bank_no_en_news_events_news_Speeches_2025_2025_02_27_nb_watch__p40,2025,2
Institusjonelt ansvar / mandat,Institutional accountability / mandate,Annet / administrativt / ikke kodbar,Other / administrative / not codable,Speech,https://www.norges-bank.no/en/news-events/news/Speeches/2025/2025-02-13-annual-address/,Norges Bank,2025-02-13,18:00,p,6,19,https___www_norges_bank_no_en_news_events_news_Speeches_2025_2025_02_13_annual_address_,https___www_norges_bank_no_en_news_events_news_Speeches_2025_2025_02_13_annual_address__p6,2025,2
Institusjonelt ansvar / mandat,Institutional accountability / mandate,Valutakurs og eksterne forhold,Exchange rate and external conditions,Speech,https://www.norges-bank.no/en/news-events/news/Speeches/2025/2025-02-13-annual-address/,Norges Bank,2025-02-13,18:00,p,7,15,https___www_norges_bank_no_en_news_events_news_Speeches_2025_2025_02_13_annual_address_,https___www_norges_bank_no_en_news_events_news_Speeches_2025_2025_02_13_annual_address__p7,2025,2
Økonomisk situasjonsbeskrivelse / diagnose,Economic assessment / diagnosis,Valutakurs og eksterne forhold,Exchange rate and external conditions,Speech,https://www.norges-bank.no/en/news-events/news/Speeches/2025/2025-02-13-annual-address/,Norges Bank,2025-02-13,18:00,p,8,31,https___www_norges_bank_no_en_news_events_news_Speeches_2025_2025_02_13_annual_address_,https___www_norges_bank_no_en_news_events_news_Speeches_2025_2025_02_13_annual_address__p8,2025,2
Institusjonelt ansvar / mandat,Institutional accountability / mandate,Annet / administrativt / ikke kodbar,Other / administrative / not codable,Speech,https://www.norges-bank.no/en/news-events/news/Speeches/2025/2025-02-13-annual-address/,Norges Bank,2025-02-13,18:00,p,9,67,https___www_norges_bank_no_en_news_events_news_Speeches_2025_2025_02_13_annual_address_,https___www_norges_bank_no_en_news_events_news_Speeches_2025_2025_02_13_annual_address__p9,2025,2
Utsikter / fremoverskuende signal,Outlook / forward guidance,Valutakurs og eksterne forhold,Exchange rate and external conditions,Speech,https://www.norges-bank.no/en/news-events/news/Speeches/2025/2025-02-13-annual-address/,Norges Bank,2025-02-13,18:00,p,10,40,https___www_norges_bank_no_en_news_events_news_Speeches_2025_2025_02_13_annual_address_,https___www_norges_bank_no_en_news_events_news_Speeches_2025_2025_02_13_annual_address__p10,2025,2
Politikkforklaring / begrunnelse,Policy explanation / justification,Valutakurs og eksterne forhold,Exchange rate and external conditions,Speech,https://www.norges-bank.no/en/news-events/news/Speeches/2025/2025-02-13-annual-address/,Norges Bank,2025-02-13,18:00,p,11,131,https___www_norges_bank_no_en_news_events_news_Speeches_2025_2025_02_13_annual_address_,https___www_norges_bank_no_en_news_events_news_Speeches_2025_2025_02_13_annual_address__p11,2025,2
Politikkforklaring / begrunnelse,Policy explanation / justification,Valutakurs og eksterne forhold,Exchange rate and external conditions,Speech,https://www.norges-bank.no/en/news-events/news/Speeches/2025/2025-02-13-annual-address/,Norges Bank,2025-02-13,18:00,p,12,49,https___www_norges_bank_no_en_news_events_news_Speeches_2025_2025_02_13_annual_address_,https___www_norges_bank_no_en_news_events_news_Speeches_2025_2025_02_13_annual_address__p12,2025,2
Utsikter / fremoverskuende signal,Outlook / forward guidance,Økonomisk aktivitet og arbeidsmarked,Economic activity and labor market,Speech,https://www.norges-bank.no/en/news-events/news/Speeches/2025/2025-02-13-annual-address/,Norges Bank,2025-02-13,18:00,p,13,54,https___www_norges_bank_no_en_news_events_news_Speeches_2025_2025_02_13_annual_address_,https___www_norges_bank_no_en_news_events_news_Speeches_2025_2025_02_13_annual_address__p13,2025,2
Utsikter / fremoverskuende signal,Outlook / forward guidance,Økonomisk aktivitet og arbeidsmarked,Economic activity and labor market,Speech,https://www.norges-bank.no/en/news-events/news/Speeches/2025/2025-02-13-annual-address/,Norges Bank,2025-02-13,18:00,p,14,19,https___www_norges_bank_no_en_news_events_news_Speeches_2025_2025_02_13_annual_address_,https___www_norges_bank_no_en_news_events_news_Speeches_2025_2025_02_13_annual_address__p14,2025,2
Institusjonelt ansvar / mandat,Institutional accountability / mandate,Økonomisk aktivitet og arbeidsmarked,Economic activity and labor market,Speech,https://www.norges-bank.no/en/news-events/news/Speeches/2025/2025-02-13-annual-address/,Norges Bank,2025-02-13,18:00,p,15,12,https___www_norges_bank_no_en_news_events_news_Speeches_2025_2025_02_13_annual_address_,https___www_norges_bank_no_en_news_events_news_Speeches_2025_2025_02_13_annual_address__p15,2025,2
Politikkforklaring / begrunnelse,Policy explanation / justification,Inflasjon og priser,Inflation and prices,Speech,https://www.norges-bank.no/en/news-events/news/Speeches/2025/2025-02-13-annual-address/,Norges Bank,2025-02-13,18:00,p,16,122,https___www_norges_bank_no_en_news_events_news_Speeches_2025_2025_02_13_annual_address_,https___www_norges_bank_no_en_news_events_news_Speeches_2025_2025_02_13_annual_address__p16,2025,2
Politikkforklaring / begrunnelse,Policy explanation / justification,Valutakurs og eksterne forhold,Exchange rate and external conditions,Speech,https://www.norges-bank.no/en/news-events/news/Speeches/2025/2025-02-13-annual-address/,Norges Bank,2025-02-13,18:00,p,17,42,https___www_norges_bank_no_en_news_events_news_Speeches_2025_2025_02_13_annual_address_,https___www_norges_bank_no_en_news_events_news_Speeches_2025_2025_02_13_annual_address__p17,2025,2
Utsikter / fremoverskuende signal,Outlook / forward guidance,Rente og pengepolitisk linje,Interest rates and monetary stance,Speech,https://www.norges-bank.no/en/news-events/news/Speeches/2025/2025-02-13-annual-address/,Norges Bank,2025-02-13,18:00,p,18,33,https___www_norges_bank_no_en_news_events_news_Speeches_2025_2025_02_13_annual_address_,https___www_norges_bank_no_en_news_events_news_Speeches_2025_2025_02_13_annual_address__p18,2025,2
Utsikter / fremoverskuende signal,Outlook / forward guidance,Økonomisk aktivitet og arbeidsmarked,Economic activity and labor market,Speech,https://www.norges-bank.no/en/news-events/news/Speeches/2025/2025-02-13-annual-address/,Norges Bank,2025-02-13,18:00,p,19,72,https___www_norges_bank_no_en_news_events_news_Speeches_2025_2025_02_13_annual_address_,https___www_norges_bank_no_en_news_events_news_Speeches_2025_2025_02_13_annual_address__p19,2025,2
Utsikter / fremoverskuende signal,Outlook / forward guidance,Inflasjon og priser,Inflation and prices,Speech,https://www.norges-bank.no/en/news-events/news/Speeches/2025/2025-02-13-annual-address/,Norges Bank,2025-02-13,18:00,p,20,89,https___www_norges_bank_no_en_news_events_news_Speeches_2025_2025_02_13_annual_address_,https___www_norges_bank_no_en_news_events_news_Speeches_2025_2025_02_13_annual_address__p20,2025,2
Utsikter / fremoverskuende signal,Outlook / forward guidance,Rente og pengepolitisk linje,Interest rates and monetary stance,Speech,https://www.norges-bank.no/en/news-events/news/Speeches/2025/2025-02-13-annual-address/,Norges Bank,2025-02-13,18:00,p,21,34,https___www_norges_bank_no_en_news_events_news_Speeches_2025_2025_02_13_annual_address_,https___www_norges_bank_no_en_news_events_news_Speeches_2025_2025_02_13_annual_address__p21,2025,2
Utsikter / fremoverskuende signal,Outlook / forward guidance,Valutakurs og eksterne forhold,Exchange rate and external conditions,Speech,https://www.norges-bank.no/en/news-events/news/Speeches/2025/2025-02-13-annual-address/,Norges Bank,2025-02-13,18:00,p,22,6,https___www_norges_bank_no_en_news_events_news_Speeches_2025_2025_02_13_annual_address_,https___www_norges_bank_no_en_news_events_news_Speeches_2025_2025_02_13_annual_address__p22,2025,2
Utsikter / fremoverskuende signal,Outlook / forward guidance,Valutakurs og eksterne forhold,Exchange rate and external conditions,Speech,https://www.norges-bank.no/en/news-events/news/Speeches/2025/2025-02-13-annual-address/,Norges Bank,2025-02-13,18:00,p,23,3,https___www_norges_bank_no_en_news_events_news_Speeches_2025_2025_02_13_annual_address_,https___www_norges_bank_no_en_news_events_news_Speeches_2025_2025_02_13_annual_address__p23,2025,2
Utsikter / fremoverskuende signal,Outlook / forward guidance,Rente og pengepolitisk linje,Interest rates and monetary stance,Speech,https://www.norges-bank.no/en/news-events/news/Speeches/2025/2025-02-13-annual-address/,Norges Bank,2025-02-13,18:00,p,24,51,https___www_norges_bank_no_en_news_events_news_Speeches_2025_2025_02_13_annual_address_,https___www_norges_bank_no_en_news_events_news_Speeches_2025_2025_02_13_annual_address__p24,2025,2
Utsikter / fremoverskuende signal,Outlook / forward guidance,Rente og pengepolitisk linje,Interest rates and monetary stance,Speech,https://www.norges-bank.no/en/news-events/news/Speeches/2025/2025-02-13-annual-address/,Norges Bank,2025-02-13,18:00,p,25,41,https___www_norges_bank_no_en_news_events_news_Speeches_2025_2025_02_13_annual_address_,https___www_norges_bank_no_en_news_events_news_Speeches_2025_2025_02_13_annual_address__p25,2025,2
Utsikter / fremoverskuende signal,Outlook / forward guidance,Inflasjon og priser,Inflation and prices,Speech,https://www.norges-bank.no/en/news-events/news/Speeches/2025/2025-02-13-annual-address/,Norges Bank,2025-02-13,18:00,p,26,36,https___www_norges_bank_no_en_news_events_news_Speeches_2025_2025_02_13_annual_address_,https___www_norges_bank_no_en_news_events_news_Speeches_2025_2025_02_13_annual_address__p26,2025,2
Risiko / usikkerhet,Risk / uncertainty,Inflasjon og priser,Inflation and prices,Speech,https://www.norges-bank.no/en/news-events/news/Speeches/2025/2025-02-13-annual-address/,Norges Bank,2025-02-13,18:00,p,27,21,https___www_norges_bank_no_en_news_events_news_Speeches_2025_2025_02_13_annual_address_,https___www_norges_bank_no_en_news_events_news_Speeches_2025_2025_02_13_annual_address__p27,2025,2
Utsikter / fremoverskuende signal,Outlook / forward guidance,Inflasjon og priser,Inflation and prices,Speech,https://www.norges-bank.no/en/news-events/news/Speeches/2025/2025-02-13-annual-address/,Norges Bank,2025-02-13,18:00,p,28,6,https___www_norges_bank_no_en_news_events_news_Speeches_2025_2025_02_13_annual_address_,https___www_norges_bank_no_en_news_events_news_Speeches_2025_2025_02_13_annual_address__p28,2025,2
Institusjonelt ansvar / mandat,Institutional accountability / mandate,Økonomisk aktivitet og arbeidsmarked,Economic activity and labor market,Speech,https://www.norges-bank.no/en/news-events/news/Speeches/2025/2025-02-13-annual-address/,Norges Bank,2025-02-13,18:00,p,29,6,https___www_norges_bank_no_en_news_events_news_Speeches_2025_2025_02_13_annual_address_,https___www_norges_bank_no_en_news_events_news_Speeches_2025_2025_02_13_annual_address__p29,2025,2
Økonomisk situasjonsbeskrivelse / diagnose,Economic assessment / diagnosis,Inflasjon og priser,Inflation and prices,Speech,https://www.norges-bank.no/en/news-events/news/Speeches/2025/2025-02-13-annual-address/,Norges Bank,2025-02-13,18:00,p,30,54,https___www_norges_bank_no_en_news_events_news_Speeches_2025_2025_02_13_annual_address_,https___www_norges_bank_no_en_news_events_news_Speeches_2025_2025_02_13_annual_address__p30,2025,2
Risiko / usikkerhet,Risk / uncertainty,Økonomisk aktivitet og arbeidsmarked,Economic activity and labor market,Speech,https://www.norges-bank.no/en/news-events/news/Speeches/2025/2025-02-13-annual-address/,Norges Bank,2025-02-13,18:00,p,31,78,https___www_norges_bank_no_en_news_events_news_Speeches_2025_2025_02_13_annual_address_,https___www_norges_bank_no_en_news_events_news_Speeches_2025_2025_02_13_annual_address__p31,2025,2
Politikkforklaring / begrunnelse,Policy explanation / justification,Rente og pengepolitisk linje,Interest rates and monetary stance,Speech,https://www.norges-bank.no/en/news-events/news/Speeches/2025/2025-02-13-annual-address/,Norges Bank,2025-02-13,18:00,p,32,114,https___www_norges_bank_no_en_news_events_news_Speeches_2025_2025_02_13_annual_address_,https___www_norges_bank_no_en_news_events_news_Speeches_2025_2025_02_13_annual_address__p32,2025,2
Utsikter / fremoverskuende signal,Outlook / forward guidance,Inflasjon og priser,Inflation and prices,Speech,https://www.norges-bank.no/en/news-events/news/Speeches/2025/2025-02-13-annual-address/,Norges Bank,2025-02-13,18:00,p,33,6,https___www_norges_bank_no_en_news_events_news_Speeches_2025_2025_02_13_annual_address_,https___www_norges_bank_no_en_news_events_news_Speeches_2025_2025_02_13_annual_address__p33,2025,2
Institusjonelt ansvar / mandat,Institutional accountability / mandate,Økonomisk aktivitet og arbeidsmarked,Economic activity and labor market,Speech,https://www.norges-bank.no/en/news-events/news/Speeches/2025/2025-02-13-annual-address/,Norges Bank,2025-02-13,18:00,p,34,6,https___www_norges_bank_no_en_news_events_news_Speeches_2025_2025_02_13_annual_address_,https___www_norges_bank_no_en_news_events_news_Speeches_2025_2025_02_13_annual_address__p34,2025,2
Utsikter / fremoverskuende signal,Outlook / forward guidance,Økonomisk aktivitet og arbeidsmarked,Economic activity and labor market,Speech,https://www.norges-bank.no/en/news-events/news/Speeches/2025/2025-02-13-annual-address/,Norges Bank,2025-02-13,18:00,p,35,31,https___www_norges_bank_no_en_news_events_news_Speeches_2025_2025_02_13_annual_address_,https___www_norges_bank_no_en_news_events_news_Speeches_2025_2025_02_13_annual_address__p35,2025,2
Utsikter / fremoverskuende signal,Outlook / forward guidance,Økonomisk aktivitet og arbeidsmarked,Economic activity and labor market,Speech,https://www.norges-bank.no/en/news-events/news/Speeches/2025/2025-02-13-annual-address/,Norges Bank,2025-02-13,18:00,p,36,88,https___www_norges_bank_no_en_news_events_news_Speeches_2025_2025_02_13_annual_address_,https___www_norges_bank_no_en_news_events_news_Speeches_2025_2025_02_13_annual_address__p36,2025,2
Institusjonelt ansvar / mandat,Institutional accountability / mandate,Inflasjon og priser,Inflation and prices,Speech,https://www.norges-bank.no/en/news-events/news/Speeches/2025/2025-02-13-annual-address/,Norges Bank,2025-02-13,18:00,p,37,149,https___www_norges_bank_no_en_news_events_news_Speeches_2025_2025_02_13_annual_address_,https___www_norges_bank_no_en_news_events_news_Speeches_2025_2025_02_13_annual_address__p37,2025,2
Politikkforklaring / begrunnelse,Policy explanation / justification,Rente og pengepolitisk linje,Interest rates and monetary stance,Speech,https://www.norges-bank.no/en/news-events/news/Speeches/2025/2025-02-13-annual-address/,Norges Bank,2025-02-13,18:00,p,38,75,https___www_norges_bank_no_en_news_events_news_Speeches_2025_2025_02_13_annual_address_,https___www_norges_bank_no_en_news_events_news_Speeches_2025_2025_02_13_annual_address__p38,2025,2
Institusjonelt ansvar / mandat,Institutional accountability / mandate,Rente og pengepolitisk linje,Interest rates and monetary stance,Speech,https://www.norges-bank.no/en/news-events/news/Speeches/2025/2025-02-13-annual-address/,Norges Bank,2025-02-13,18:00,p,39,100,https___www_norges_bank_no_en_news_events_news_Speeches_2025_2025_02_13_annual_address_,https___www_norges_bank_no_en_news_events_news_Speeches_2025_2025_02_13_annual_address__p39,2025,2
Institusjonelt ansvar / mandat,Institutional accountability / mandate,Annet / administrativt / ikke kodbar,Other / administrative / not codable,Speech,https://www.norges-bank.no/en/news-events/news/Speeches/2025/2025-02-13-annual-address/,Norges Bank,2025-02-13,18:00,p,40,106,https___www_norges_bank_no_en_news_events_news_Speeches_2025_2025_02_13_annual_address_,https___www_norges_bank_no_en_news_events_news_Speeches_2025_2025_02_13_annual_address__p40,2025,2
Politikkforklaring / begrunnelse,Policy explanation / justification,Økonomisk aktivitet og arbeidsmarked,Economic activity and labor market,Speech,https://www.norges-bank.no/en/news-events/news/Speeches/2025/2025-02-13-annual-address/,Norges Bank,2025-02-13,18:00,p,41,37,https___www_norges_bank_no_en_news_events_news_Speeches_2025_2025_02_13_annual_address_,https___www_norges_bank_no_en_news_events_news_Speeches_2025_2025_02_13_annual_address__p41,2025,2
Utsikter / fremoverskuende signal,Outlook / forward guidance,Økonomisk aktivitet og arbeidsmarked,Economic activity and labor market,Speech,https://www.norges-bank.no/en/news-events/news/Speeches/2025/2025-02-13-annual-address/,Norges Bank,2025-02-13,18:00,p,42,14,https___www_norges_bank_no_en_news_events_news_Speeches_2025_2025_02_13_annual_address_,https___www_norges_bank_no_en_news_events_news_Speeches_2025_2025_02_13_annual_address__p42,2025,2
Institusjonelt ansvar / mandat,Institutional accountability / mandate,Økonomisk aktivitet og arbeidsmarked,Economic activity and labor market,Speech,https://www.norges-bank.no/en/news-events/news/Speeches/2025/2025-02-13-annual-address/,Norges Bank,2025-02-13,18:00,p,43,10,https___www_norges_bank_no_en_news_events_news_Speeches_2025_2025_02_13_annual_address_,https___www_norges_bank_no_en_news_events_news_Speeches_2025_2025_02_13_annual_address__p43,2025,2
Økonomisk situasjonsbeskrivelse / diagnose,Economic assessment / diagnosis,Økonomisk aktivitet og arbeidsmarked,Economic activity and labor market,Speech,https://www.norges-bank.no/en/news-events/news/Speeches/2025/2025-02-13-annual-address/,Norges Bank,2025-02-13,18:00,p,44,106,https___www_norges_bank_no_en_news_events_news_Speeches_2025_2025_02_13_annual_address_,https___www_norges_bank_no_en_news_events_news_Speeches_2025_2025_02_13_annual_address__p44,2025,2
Utsikter / fremoverskuende signal,Outlook / forward guidance,Økonomisk aktivitet og arbeidsmarked,Economic activity and labor market,Speech,https://www.norges-bank.no/en/news-events/news/Speeches/2025/2025-02-13-annual-address/,Norges Bank,2025-02-13,18:00,p,45,40,https___www_norges_bank_no_en_news_events_news_Speeches_2025_2025_02_13_annual_address_,https___www_norges_bank_no_en_news_events_news_Speeches_2025_2025_02_13_annual_address__p45,2025,2
Politikkforklaring / begrunnelse,Policy explanation / justification,Inflasjon og priser,Inflation and prices,Speech,https://www.norges-bank.no/en/news-events/news/Speeches/2025/2025-02-13-annual-address/,Norges Bank,2025-02-13,18:00,p,46,48,https___www_norges_bank_no_en_news_events_news_Speeches_2025_2025_02_13_annual_address_,https___www_norges_bank_no_en_news_events_news_Speeches_2025_2025_02_13_annual_address__p46,2025,2
Risiko / usikkerhet,Risk / uncertainty,Økonomisk aktivitet og arbeidsmarked,Economic activity and labor market,Speech,https://www.norges-bank.no/en/news-events/news/Speeches/2025/2025-02-13-annual-address/,Norges Bank,2025-02-13,18:00,p,47,28,https___www_norges_bank_no_en_news_events_news_Speeches_2025_2025_02_13_annual_address_,https___www_norges_bank_no_en_news_events_news_Speeches_2025_2025_02_13_annual_address__p47,2025,2
Politikkforklaring / begrunnelse,Policy explanation / justification,Valutakurs og eksterne forhold,Exchange rate and external conditions,Speech,https://www.norges-bank.no/en/news-events/news/Speeches/2025/2025-02-13-annual-address/,Norges Bank,2025-02-13,18:00,p,48,8,https___www_norges_bank_no_en_news_events_news_Speeches_2025_2025_02_13_annual_address_,https___www_norges_bank_no_en_news_events_news_Speeches_2025_2025_02_13_annual_address__p48,2025,2
Institusjonelt ansvar / mandat,Institutional accountability / mandate,Valutakurs og eksterne forhold,Exchange rate and external conditions,Speech,https://www.norges-bank.no/en/news-events/news/Speeches/2025/2025-02-13-annual-address/,Norges Bank,2025-02-13,18:00,p,49,11,https___www_norges_bank_no_en_news_events_news_Speeches_2025_2025_02_13_annual_address_,https___www_norges_bank_no_en_news_events_news_Speeches_2025_2025_02_13_annual_address__p49,2025,2
Risiko / usikkerhet,Risk / uncertainty,Valutakurs og eksterne forhold,Exchange rate and external conditions,Speech,https://www.norges-bank.no/en/news-events/news/Speeches/2025/2025-02-13-annual-address/,Norges Bank,2025-02-13,18:00,p,50,104,https___www_norges_bank_no_en_news_events_news_Speeches_2025_2025_02_13_annual_address_,https___www_norges_bank_no_en_news_events_news_Speeches_2025_2025_02_13_annual_address__p50,2025,2
Utsikter / fremoverskuende signal,Outlook / forward guidance,Valutakurs og eksterne forhold,Exchange rate and external conditions,Speech,https://www.norges-bank.no/en/news-events/news/Speeches/2025/2025-02-13-annual-address/,Norges Bank,2025-02-13,18:00,p,51,99,https___www_norges_bank_no_en_news_events_news_Speeches_2025_2025_02_13_annual_address_,https___www_norges_bank_no_en_news_events_news_Speeches_2025_2025_02_13_annual_address__p51,2025,2
Risiko / usikkerhet,Risk / uncertainty,Valutakurs og eksterne forhold,Exchange rate and external conditions,Speech,https://www.norges-bank.no/en/news-events/news/Speeches/2025/2025-02-13-annual-address/,Norges Bank,2025-02-13,18:00,p,52,38,https___www_norges_bank_no_en_news_events_news_Speeches_2025_2025_02_13_annual_address_,https___www_norges_bank_no_en_news_events_news_Speeches_2025_2025_02_13_annual_address__p52,2025,2
Politikkforklaring / begrunnelse,Policy explanation / justification,Økonomisk aktivitet og arbeidsmarked,Economic activity and labor market,Speech,https://www.norges-bank.no/en/news-events/news/Speeches/2025/2025-02-13-annual-address/,Norges Bank,2025-02-13,18:00,p,53,21,https___www_norges_bank_no_en_news_events_news_Speeches_2025_2025_02_13_annual_address_,https___www_norges_bank_no_en_news_events_news_Speeches_2025_2025_02_13_annual_address__p53,2025,2
Institusjonelt ansvar / mandat,Institutional accountability / mandate,Valutakurs og eksterne forhold,Exchange rate and external conditions,Speech,https://www.norges-bank.no/en/news-events/news/Speeches/2025/2025-02-13-annual-address/,Norges Bank,2025-02-13,18:00,p,54,100,https___www_norges_bank_no_en_news_events_news_Speeches_2025_2025_02_13_annual_address_,https___www_norges_bank_no_en_news_events_news_Speeches_2025_2025_02_13_annual_address__p54,2025,2
Politikkforklaring / begrunnelse,Policy explanation / justification,Valutakurs og eksterne forhold,Exchange rate and external conditions,Speech,https://www.norges-bank.no/en/news-events/news/Speeches/2025/2025-02-13-annual-address/,Norges Bank,2025-02-13,18:00,p,55,87,https___www_norges_bank_no_en_news_events_news_Speeches_2025_2025_02_13_annual_address_,https___www_norges_bank_no_en_news_events_news_Speeches_2025_2025_02_13_annual_address__p55,2025,2
Utsikter / fremoverskuende signal,Outlook / forward guidance,Valutakurs og eksterne forhold,Exchange rate and external conditions,Speech,https://www.norges-bank.no/en/news-events/news/Speeches/2025/2025-02-13-annual-address/,Norges Bank,2025-02-13,18:00,p,56,8,https___www_norges_bank_no_en_news_events_news_Speeches_2025_2025_02_13_annual_address_,https___www_norges_bank_no_en_news_events_news_Speeches_2025_2025_02_13_annual_address__p56,2025,2
Institusjonelt ansvar / mandat,Institutional accountability / mandate,Valutakurs og eksterne forhold,Exchange rate and external conditions,Speech,https://www.norges-bank.no/en/news-events/news/Speeches/2025/2025-02-13-annual-address/,Norges Bank,2025-02-13,18:00,p,57,8,https___www_norges_bank_no_en_news_events_news_Speeches_2025_2025_02_13_annual_address_,https___www_norges_bank_no_en_news_events_news_Speeches_2025_2025_02_13_annual_address__p57,2025,2
Økonomisk situasjonsbeskrivelse / diagnose,Economic assessment / diagnosis,Valutakurs og eksterne forhold,Exchange rate and external conditions,Speech,https://www.norges-bank.no/en/news-events/news/Speeches/2025/2025-02-13-annual-address/,Norges Bank,2025-02-13,18:00,p,58,137,https___www_norges_bank_no_en_news_events_news_Speeches_2025_2025_02_13_annual_address_,https___www_norges_bank_no_en_news_events_news_Speeches_2025_2025_02_13_annual_address__p58,2025,2
Økonomisk situasjonsbeskrivelse / diagnose,Economic assessment / diagnosis,Valutakurs og eksterne forhold,Exchange rate and external conditions,Speech,https://www.norges-bank.no/en/news-events/news/Speeches/2025/2025-02-13-annual-address/,Norges Bank,2025-02-13,18:00,p,59,108,https___www_norges_bank_no_en_news_events_news_Speeches_2025_2025_02_13_annual_address_,https___www_norges_bank_no_en_news_events_news_Speeches_2025_2025_02_13_annual_address__p59,2025,2
Politikkforklaring / begrunnelse,Policy explanation / justification,Valutakurs og eksterne forhold,Exchange rate and external conditions,Speech,https://www.norges-bank.no/en/news-events/news/Speeches/2025/2025-02-13-annual-address/,Norges Bank,2025-02-13,18:00,p,60,130,https___www_norges_bank_no_en_news_events_news_Speeches_2025_2025_02_13_annual_address_,https___www_norges_bank_no_en_news_events_news_Speeches_2025_2025_02_13_annual_address__p60,2025,2
Institusjonelt ansvar / mandat,Institutional accountability / mandate,Finansiell stabilitet og bank,Financial stability and banking,Speech,https://www.norges-bank.no/en/news-events/news/Speeches/2025/2025-02-13-annual-address/,Norges Bank,2025-02-13,18:00,p,61,75,https___www_norges_bank_no_en_news_events_news_Speeches_2025_2025_02_13_annual_address_,https___www_norges_bank_no_en_news_events_news_Speeches_2025_2025_02_13_annual_address__p61,2025,2
Institusjonelt ansvar / mandat,Institutional accountability / mandate,Annet / administrativt / ikke kodbar,Other / administrative / not codable,Speech,https://www.norges-bank.no/en/news-events/news/Speeches/2025/2025-02-13-annual-address/,Norges Bank,2025-02-13,18:00,p,62,8,https___www_norges_bank_no_en_news_events_news_Speeches_2025_2025_02_13_annual_address_,https___www_norges_bank_no_en_news_events_news_Speeches_2025_2025_02_13_annual_address__p62,2025,2
Institusjonelt ansvar / mandat,Institutional accountability / mandate,Annet / administrativt / ikke kodbar,Other / administrative / not codable,Speech,https://www.norges-bank.no/en/news-events/news/Speeches/2025/2025-02-13-annual-address/,Norges Bank,2025-02-13,18:00,p,63,7,https___www_norges_bank_no_en_news_events_news_Speeches_2025_2025_02_13_annual_address_,https___www_norges_bank_no_en_news_events_news_Speeches_2025_2025_02_13_annual_address__p63,2025,2
Utsikter / fremoverskuende signal,Outlook / forward guidance,Valutakurs og eksterne forhold,Exchange rate and external conditions,Speech,https://www.norges-bank.no/en/news-events/news/Speeches/2025/2025-02-13-annual-address/,Norges Bank,2025-02-13,18:00,p,64,76,https___www_norges_bank_no_en_news_events_news_Speeches_2025_2025_02_13_annual_address_,https___www_norges_bank_no_en_news_events_news_Speeches_2025_2025_02_13_annual_address__p64,2025,2
Risiko / usikkerhet,Risk / uncertainty,Finansiell stabilitet og bank,Financial stability and banking,Speech,https://www.norges-bank.no/en/news-events/news/Speeches/2025/2025-02-13-annual-address/,Norges Bank,2025-02-13,18:00,p,65,82,https___www_norges_bank_no_en_news_events_news_Speeches_2025_2025_02_13_annual_address_,https___www_norges_bank_no_en_news_events_news_Speeches_2025_2025_02_13_annual_address__p65,2025,2
Institusjonelt ansvar / mandat,Institutional accountability / mandate,Annet / administrativt / ikke kodbar,Other / administrative / not codable,Speech,https://www.norges-bank.no/en/news-events/news/Speeches/2025/2025-02-13-annual-address/,Norges Bank,2025-02-13,18:00,p,66,7,https___www_norges_bank_no_en_news_events_news_Speeches_2025_2025_02_13_annual_address_,https___www_norges_bank_no_en_news_events_news_Speeches_2025_2025_02_13_annual_address__p66,2025,2
Utsikter / fremoverskuende signal,Outlook / forward guidance,Økonomisk aktivitet og arbeidsmarked,Economic activity and labor market,Speech,https://www.norges-bank.no/en/news-events/news/Speeches/2025/2025-02-13-annual-address/,Norges Bank,2025-02-13,18:00,p,67,3,https___www_norges_bank_no_en_news_events_news_Speeches_2025_2025_02_13_annual_address_,https___www_norges_bank_no_en_news_events_news_Speeches_2025_2025_02_13_annual_address__p67,2025,2
Utsikter / fremoverskuende signal,Outlook / forward guidance,Valutakurs og eksterne forhold,Exchange rate and external conditions,Speech,https://www.norges-bank.no/en/news-events/news/Speeches/2025/2025-02-13-annual-address/,Norges Bank,2025-02-13,18:00,p,68,76,https___www_norges_bank_no_en_news_events_news_Speeches_2025_2025_02_13_annual_address_,https___www_norges_bank_no_en_news_events_news_Speeches_2025_2025_02_13_annual_address__p68,2025,2
Institusjonelt ansvar / mandat,Institutional accountability / mandate,Valutakurs og eksterne forhold,Exchange rate and external conditions,Speech,https://www.norges-bank.no/en/news-events/news/Speeches/2025/2025-02-13-annual-address/,Norges Bank,2025-02-13,18:00,p,69,126,https___www_norges_bank_no_en_news_events_news_Speeches_2025_2025_02_13_annual_address_,https___www_norges_bank_no_en_news_events_news_Speeches_2025_2025_02_13_annual_address__p69,2025,2
Institusjonelt ansvar / mandat,Institutional accountability / mandate,,,Speech,https://www.norges-bank.no/en/news-events/news/Speeches/2025/2025-02-13-annual-address/,Norges Bank,2025-02-13,18:00,p,70,120,https___www_norges_bank_no_en_news_events_news_Speeches_2025_2025_02_13_annual_address_,https___www_norges_bank_no_en_news_events_news_Speeches_2025_2025_02_13_annual_address__p70,2025,2
Utsikter / fremoverskuende signal,Outlook / forward guidance,Valutakurs og eksterne forhold,Exchange rate and external conditions,Speech,https://www.norges-bank.no/en/news-events/news/Speeches/2025/2025-02-13-annual-address/,Norges Bank,2025-02-13,18:00,p,71,93,https___www_norges_bank_no_en_news_events_news_Speeches_2025_2025_02_13_annual_address_,https___www_norges_bank_no_en_news_events_news_Speeches_2025_2025_02_13_annual_address__p71,2025,2
Politikkforklaring / begrunnelse,Policy explanation / justification,Valutakurs og eksterne forhold,Exchange rate and external conditions,Speech,https://www.norges-bank.no/en/news-events/news/Speeches/2025/2025-02-13-annual-address/,Norges Bank,2025-02-13,18:00,p,72,43,https___www_norges_bank_no_en_news_events_news_Speeches_2025_2025_02_13_annual_address_,https___www_norges_bank_no_en_news_events_news_Speeches_2025_2025_02_13_annual_address__p72,2025,2
Institusjonelt ansvar / mandat,Institutional accountability / mandate,Økonomisk aktivitet og arbeidsmarked,Economic activity and labor market,Speech,https://www.norges-bank.no/en/news-events/news/Speeches/2025/2025-02-13-annual-address/,Norges Bank,2025-02-13,18:00,p,73,59,https___www_norges_bank_no_en_news_events_news_Speeches_2025_2025_02_13_annual_address_,https___www_norges_bank_no_en_news_events_news_Speeches_2025_2025_02_13_annual_address__p73,2025,2
Institusjonelt ansvar / mandat,Institutional accountability / mandate,Rente og pengepolitisk linje,Interest rates and monetary stance,Speech,https://www.norges-bank.no/en/news-events/news/Speeches/2025/2025-02-13-annual-address/,Norges Bank,2025-02-13,18:00,p,74,80,https___www_norges_bank_no_en_news_events_news_Speeches_2025_2025_02_13_annual_address_,https___www_norges_bank_no_en_news_events_news_Speeches_2025_2025_02_13_annual_address__p74,2025,2
Institusjonelt ansvar / mandat,Institutional accountability / mandate,Annet / administrativt / ikke kodbar,Other / administrative / not codable,Speech,https://www.norges-bank.no/en/news-events/news/Speeches/2025/2025-02-13-annual-address/,Norges Bank,2025-02-13,18:00,p,75,5,https___www_norges_bank_no_en_news_events_news_Speeches_2025_2025_02_13_annual_address_,https___www_norges_bank_no_en_news_events_news_Speeches_2025_2025_02_13_annual_address__p75,2025,2
Institusjonelt ansvar / mandat,Institutional accountability / mandate,Annet / administrativt / ikke kodbar,Other / administrative / not codable,Speech,https://www.norges-bank.no/en/news-events/news/Speeches/2025/2025-02-13-annual-address/,Norges Bank,2025-02-13,18:00,p,90,9,https___www_norges_bank_no_en_news_events_news_Speeches_2025_2025_02_13_annual_address_,https___www_norges_bank_no_en_news_events_news_Speeches_2025_2025_02_13_annual_address__p90,2025,2
Utsikter / fremoverskuende signal,Outlook / forward guidance,Valutakurs og eksterne forhold,Exchange rate and external conditions,Speech,https://www.norges-bank.no/en/news-events/news/Speeches/2025/2025-01-30-bech-moen/,Norges Bank,2025-02-06,09:00,li,5,6,https___www_norges_bank_no_en_news_events_news_Speeches_2025_2025_01_30_bech_moen_,https___www_norges_bank_no_en_news_events_news_Speeches_2025_2025_01_30_bech_moen__p5,2025,2
Institusjonelt ansvar / mandat,Institutional accountability / mandate,Valutakurs og eksterne forhold,Exchange rate and external conditions,Speech,https://www.norges-bank.no/en/news-events/news/Speeches/2025/2025-01-30-bech-moen/,Norges Bank,2025-02-06,09:00,p,6,24,https___www_norges_bank_no_en_news_events_news_Speeches_2025_2025_01_30_bech_moen_,https___www_norges_bank_no_en_news_events_news_Speeches_2025_2025_01_30_bech_moen__p6,2025,2
Utsikter / fremoverskuende signal,Outlook / forward guidance,Økonomisk aktivitet og arbeidsmarked,Economic activity and labor market,Speech,https://www.norges-bank.no/en/news-events/news/Speeches/2025/2025-01-30-bech-moen/,Norges Bank,2025-02-06,09:00,p,7,13,https___www_norges_bank_no_en_news_events_news_Speeches_2025_2025_01_30_bech_moen_,https___www_norges_bank_no_en_news_events_news_Speeches_2025_2025_01_30_bech_moen__p7,2025,2
Annet / administrativt / ikke kodbar,Other / administrative / not codable,Valutakurs og eksterne forhold,Exchange rate and external conditions,Speech,https://www.norges-bank.no/en/news-events/news/Speeches/2025/2025-01-30-bech-moen/,Norges Bank,2025-02-06,09:00,p,9,7,https___www_norges_bank_no_en_news_events_news_Speeches_2025_2025_01_30_bech_moen_,https___www_norges_bank_no_en_news_events_news_Speeches_2025_2025_01_30_bech_moen__p9,2025,2
Utsikter / fremoverskuende signal,Outlook / forward guidance,Valutakurs og eksterne forhold,Exchange rate and external conditions,Speech,https://www.norges-bank.no/en/news-events/news/Speeches/2025/2025-01-30-bech-moen/,Norges Bank,2025-02-06,09:00,p,10,199,https___www_norges_bank_no_en_news_events_news_Speeches_2025_2025_01_30_bech_moen_,https___www_norges_bank_no_en_news_events_news_Speeches_2025_2025_01_30_bech_moen__p10,2025,2
Utsikter / fremoverskuende signal,Outlook / forward guidance,Valutakurs og eksterne forhold,Exchange rate and external conditions,Speech,https://www.norges-bank.no/en/news-events/news/Speeches/2025/2025-01-30-bech-moen/,Norges Bank,2025-02-06,09:00,p,11,10,https___www_norges_bank_no_en_news_events_news_Speeches_2025_2025_01_30_bech_moen_,https___www_norges_bank_no_en_news_events_news_Speeches_2025_2025_01_30_bech_moen__p11,2025,2
Utsikter / fremoverskuende signal,Outlook / forward guidance,Valutakurs og eksterne forhold,Exchange rate and external conditions,Speech,https://www.norges-bank.no/en/news-events/news/Speeches/2025/2025-01-30-bech-moen/,Norges Bank,2025-02-06,09:00,p,12,103,https___www_norges_bank_no_en_news_events_news_Speeches_2025_2025_01_30_bech_moen_,https___www_norges_bank_no_en_news_events_news_Speeches_2025_2025_01_30_bech_moen__p12,2025,2
Utsikter / fremoverskuende signal,Outlook / forward guidance,Valutakurs og eksterne forhold,Exchange rate and external conditions,Speech,https://www.norges-bank.no/en/news-events/news/Speeches/2025/2025-01-30-bech-moen/,Norges Bank,2025-02-06,09:00,p,13,12,https___www_norges_bank_no_en_news_events_news_Speeches_2025_2025_01_30_bech_moen_,https___www_norges_bank_no_en_news_events_news_Speeches_2025_2025_01_30_bech_moen__p13,2025,2
Utsikter / fremoverskuende signal,Outlook / forward guidance,Valutakurs og eksterne forhold,Exchange rate and external conditions,Speech,https://www.norges-bank.no/en/news-events/news/Speeches/2025/2025-01-30-bech-moen/,Norges Bank,2025-02-06,09:00,p,14,78,https___www_norges_bank_no_en_news_events_news_Speeches_2025_2025_01_30_bech_moen_,https___www_norges_bank_no_en_news_events_news_Speeches_2025_2025_01_30_bech_moen__p14,2025,2
Risiko / usikkerhet,Risk / uncertainty,Valutakurs og eksterne forhold,Exchange rate and external conditions,Speech,https://www.norges-bank.no/en/news-events/news/Speeches/2025/2025-01-30-bech-moen/,Norges Bank,2025-02-06,09:00,p,15,8,https___www_norges_bank_no_en_news_events_news_Speeches_2025_2025_01_30_bech_moen_,https___www_norges_bank_no_en_news_events_news_Speeches_2025_2025_01_30_bech_moen__p15,2025,2
Økonomisk situasjonsbeskrivelse / diagnose,Economic assessment / diagnosis,Valutakurs og eksterne forhold,Exchange rate and external conditions,Speech,https://www.norges-bank.no/en/news-events/news/Speeches/2025/2025-01-30-bech-moen/,Norges Bank,2025-02-06,09:00,p,16,99,https___www_norges_bank_no_en_news_events_news_Speeches_2025_2025_01_30_bech_moen_,https___www_norges_bank_no_en_news_events_news_Speeches_2025_2025_01_30_bech_moen__p16,2025,2
Økonomisk situasjonsbeskrivelse / diagnose,Economic assessment / diagnosis,Inflasjon og priser,Inflation and prices,Speech,https://www.norges-bank.no/en/news-events/news/Speeches/2025/2025-01-30-bech-moen/,Norges Bank,2025-02-06,09:00,p,17,113,https___www_norges_bank_no_en_news_events_news_Speeches_2025_2025_01_30_bech_moen_,https___www_norges_bank_no_en_news_events_news_Speeches_2025_2025_01_30_bech_moen__p17,2025,2
Økonomisk situasjonsbeskrivelse / diagnose,Economic assessment / diagnosis,Inflasjon og priser,Inflation and prices,Speech,https://www.norges-bank.no/en/news-events/news/Speeches/2025/2025-01-30-bech-moen/,Norges Bank,2025-02-06,09:00,p,18,149,https___www_norges_bank_no_en_news_events_news_Speeches_2025_2025_01_30_bech_moen_,https___www_norges_bank_no_en_news_events_news_Speeches_2025_2025_01_30_bech_moen__p18,2025,2
Risiko / usikkerhet,Risk / uncertainty,Valutakurs og eksterne forhold,Exchange rate and external conditions,Speech,https://www.norges-bank.no/en/news-events/news/Speeches/2025/2025-01-30-bech-moen/,Norges Bank,2025-02-06,09:00,p,19,12,https___www_norges_bank_no_en_news_events_news_Speeches_2025_2025_01_30_bech_moen_,https___www_norges_bank_no_en_news_events_news_Speeches_2025_2025_01_30_bech_moen__p19,2025,2
Utsikter / fremoverskuende signal,Outlook / forward guidance,Valutakurs og eksterne forhold,Exchange rate and external conditions,Speech,https://www.norges-bank.no/en/news-events/news/Speeches/2025/2025-01-30-bech-moen/,Norges Bank,2025-02-06,09:00,p,20,77,https___www_norges_bank_no_en_news_events_news_Speeches_2025_2025_01_30_bech_moen_,https___www_norges_bank_no_en_news_events_news_Speeches_2025_2025_01_30_bech_moen__p20,2025,2
Økonomisk situasjonsbeskrivelse / diagnose,Economic assessment / diagnosis,Økonomisk aktivitet og arbeidsmarked,Economic activity and labor market,Speech,https://www.norges-bank.no/en/news-events/news/Speeches/2025/2025-01-30-bech-moen/,Norges Bank,2025-02-06,09:00,p,21,68,https___www_norges_bank_no_en_news_events_news_Speeches_2025_2025_01_30_bech_moen_,https___www_norges_bank_no_en_news_events_news_Speeches_2025_2025_01_30_bech_moen__p21,2025,2
Utsikter / fremoverskuende signal,Outlook / forward guidance,Valutakurs og eksterne forhold,Exchange rate and external conditions,Speech,https://www.norges-bank.no/en/news-events/news/Speeches/2025/2025-01-30-bech-moen/,Norges Bank,2025-02-06,09:00,p,22,8,https___www_norges_bank_no_en_news_events_news_Speeches_2025_2025_01_30_bech_moen_,https___www_norges_bank_no_en_news_events_news_Speeches_2025_2025_01_30_bech_moen__p22,2025,2
Utsikter / fremoverskuende signal,Outlook / forward guidance,Inflasjon og priser,Inflation and prices,Speech,https://www.norges-bank.no/en/news-events/news/Speeches/2025/2025-01-30-bech-moen/,Norges Bank,2025-02-06,09:00,p,23,47,https___www_norges_bank_no_en_news_events_news_Speeches_2025_2025_01_30_bech_moen_,https___www_norges_bank_no_en_news_events_news_Speeches_2025_2025_01_30_bech_moen__p23,2025,2
Utsikter / fremoverskuende signal,Outlook / forward guidance,Valutakurs og eksterne forhold,Exchange rate and external conditions,Speech,https://www.norges-bank.no/en/news-events/news/Speeches/2025/2025-01-30-bech-moen/,Norges Bank,2025-02-06,09:00,p,24,10,https___www_norges_bank_no_en_news_events_news_Speeches_2025_2025_01_30_bech_moen_,https___www_norges_bank_no_en_news_events_news_Speeches_2025_2025_01_30_bech_moen__p24,2025,2
Økonomisk situasjonsbeskrivelse / diagnose,Economic assessment / diagnosis,Valutakurs og eksterne forhold,Exchange rate and external conditions,Speech,https://www.norges-bank.no/en/news-events/news/Speeches/2025/2025-01-30-bech-moen/,Norges Bank,2025-02-06,09:00,p,25,84,https___www_norges_bank_no_en_news_events_news_Speeches_2025_2025_01_30_bech_moen_,https___www_norges_bank_no_en_news_events_news_Speeches_2025_2025_01_30_bech_moen__p25,2025,2
Utsikter / fremoverskuende signal,Outlook / forward guidance,Økonomisk aktivitet og arbeidsmarked,Economic activity and labor market,Speech,https://www.norges-bank.no/en/news-events/news/Speeches/2025/2025-01-30-bech-moen/,Norges Bank,2025-02-06,09:00,p,26,9,https___www_norges_bank_no_en_news_events_news_Speeches_2025_2025_01_30_bech_moen_,https___www_norges_bank_no_en_news_events_news_Speeches_2025_2025_01_30_bech_moen__p26,2025,2
Utsikter / fremoverskuende signal,Outlook / forward guidance,Økonomisk aktivitet og arbeidsmarked,Economic activity and labor market,Speech,https://www.norges-bank.no/en/news-events/news/Speeches/2025/2025-01-30-bech-moen/,Norges Bank,2025-02-06,09:00,p,27,55,https___www_norges_bank_no_en_news_events_news_Speeches_2025_2025_01_30_bech_moen_,https___www_norges_bank_no_en_news_events_news_Speeches_2025_2025_01_30_bech_moen__p27,2025,2
Utsikter / fremoverskuende signal,Outlook / forward guidance,Valutakurs og eksterne forhold,Exchange rate and external conditions,Speech,https://www.norges-bank.no/en/news-events/news/Speeches/2025/2025-01-30-bech-moen/,Norges Bank,2025-02-06,09:00,p,28,11,https___www_norges_bank_no_en_news_events_news_Speeches_2025_2025_01_30_bech_moen_,https___www_norges_bank_no_en_news_events_news_Speeches_2025_2025_01_30_bech_moen__p28,2025,2
Utsikter / fremoverskuende signal,Outlook / forward guidance,Valutakurs og eksterne forhold,Exchange rate and external conditions,Speech,https://www.norges-bank.no/en/news-events/news/Speeches/2025/2025-01-30-bech-moen/,Norges Bank,2025-02-06,09:00,p,29,123,https___www_norges_bank_no_en_news_events_news_Speeches_2025_2025_01_30_bech_moen_,https___www_norges_bank_no_en_news_events_news_Speeches_2025_2025_01_30_bech_moen__p29,2025,2
Utsikter / fremoverskuende signal,Outlook / forward guidance,Valutakurs og eksterne forhold,Exchange rate and external conditions,Speech,https://www.norges-bank.no/en/news-events/news/Speeches/2025/2025-01-30-bech-moen/,Norges Bank,2025-02-06,09:00,p,30,11,https___www_norges_bank_no_en_news_events_news_Speeches_2025_2025_01_30_bech_moen_,https___www_norges_bank_no_en_news_events_news_Speeches_2025_2025_01_30_bech_moen__p30,2025,2
Økonomisk situasjonsbeskrivelse / diagnose,Economic assessment / diagnosis,Valutakurs og eksterne forhold,Exchange rate and external conditions,Speech,https://www.norges-bank.no/en/news-events/news/Speeches/2025/2025-01-30-bech-moen/,Norges Bank,2025-02-06,09:00,p,31,68,https___www_norges_bank_no_en_news_events_news_Speeches_2025_2025_01_30_bech_moen_,https___www_norges_bank_no_en_news_events_news_Speeches_2025_2025_01_30_bech_moen__p31,2025,2
Utsikter / fremoverskuende signal,Outlook / forward guidance,Valutakurs og eksterne forhold,Exchange rate and external conditions,Speech,https://www.norges-bank.no/en/news-events/news/Speeches/2025/2025-01-30-bech-moen/,Norges Bank,2025-02-06,09:00,p,32,48,https___www_norges_bank_no_en_news_events_news_Speeches_2025_2025_01_30_bech_moen_,https___www_norges_bank_no_en_news_events_news_Speeches_2025_2025_01_30_bech_moen__p32,2025,2
Utsikter / fremoverskuende signal,Outlook / forward guidance,Valutakurs og eksterne forhold,Exchange rate and external conditions,Speech,https://www.norges-bank.no/en/news-events/news/Speeches/2025/2025-01-30-bech-moen/,Norges Bank,2025-02-06,09:00,p,33,7,https___www_norges_bank_no_en_news_events_news_Speeches_2025_2025_01_30_bech_moen_,https___www_norges_bank_no_en_news_events_news_Speeches_2025_2025_01_30_bech_moen__p33,2025,2
Utsikter / fremoverskuende signal,Outlook / forward guidance,Økonomisk aktivitet og arbeidsmarked,Economic activity and labor market,Speech,https://www.norges-bank.no/en/news-events/news/Speeches/2025/2025-01-30-bech-moen/,Norges Bank,2025-02-06,09:00,p,34,48,https___www_norges_bank_no_en_news_events_news_Speeches_2025_2025_01_30_bech_moen_,https___www_norges_bank_no_en_news_events_news_Speeches_2025_2025_01_30_bech_moen__p34,2025,2
Politikkforklaring / begrunnelse,Policy explanation / justification,Valutakurs og eksterne forhold,Exchange rate and external conditions,Speech,https://www.norges-bank.no/en/news-events/news/Speeches/2025/2025-01-30-bech-moen/,Norges Bank,2025-02-06,09:00,p,35,10,https___www_norges_bank_no_en_news_events_news_Speeches_2025_2025_01_30_bech_moen_,https___www_norges_bank_no_en_news_events_news_Speeches_2025_2025_01_30_bech_moen__p35,2025,2
Økonomisk situasjonsbeskrivelse / diagnose,Economic assessment / diagnosis,Valutakurs og eksterne forhold,Exchange rate and external conditions,Speech,https://www.norges-bank.no/en/news-events/news/Speeches/2025/2025-01-30-bech-moen/,Norges Bank,2025-02-06,09:00,p,36,128,https___www_norges_bank_no_en_news_events_news_Speeches_2025_2025_01_30_bech_moen_,https___www_norges_bank_no_en_news_events_news_Speeches_2025_2025_01_30_bech_moen__p36,2025,2
Økonomisk situasjonsbeskrivelse / diagnose,Economic assessment / diagnosis,Valutakurs og eksterne forhold,Exchange rate and external conditions,Speech,https://www.norges-bank.no/en/news-events/news/Speeches/2025/2025-01-30-bech-moen/,Norges Bank,2025-02-06,09:00,p,37,27,https___www_norges_bank_no_en_news_events_news_Speeches_2025_2025_01_30_bech_moen_,https___www_norges_bank_no_en_news_events_news_Speeches_2025_2025_01_30_bech_moen__p37,2025,2
Politikkforklaring / begrunnelse,Policy explanation / justification,Valutakurs og eksterne forhold,Exchange rate and external conditions,Speech,https://www.norges-bank.no/en/news-events/news/Speeches/2025/2025-01-30-bech-moen/,Norges Bank,2025-02-06,09:00,p,38,9,https___www_norges_bank_no_en_news_events_news_Speeches_2025_2025_01_30_bech_moen_,https___www_norges_bank_no_en_news_events_news_Speeches_2025_2025_01_30_bech_moen__p38,2025,2
Utsikter / fremoverskuende signal,Outlook / forward guidance,Valutakurs og eksterne forhold,Exchange rate and external conditions,Speech,https://www.norges-bank.no/en/news-events/news/Speeches/2025/2025-01-30-bech-moen/,Norges Bank,2025-02-06,09:00,p,39,43,https___www_norges_bank_no_en_news_events_news_Speeches_2025_2025_01_30_bech_moen_,https___www_norges_bank_no_en_news_events_news_Speeches_2025_2025_01_30_bech_moen__p39,2025,2
Utsikter / fremoverskuende signal,Outlook / forward guidance,Valutakurs og eksterne forhold,Exchange rate and external conditions,Speech,https://www.norges-bank.no/en/news-events/news/Speeches/2025/2025-01-30-bech-moen/,Norges Bank,2025-02-06,09:00,p,40,70,https___www_norges_bank_no_en_news_events_news_Speeches_2025_2025_01_30_bech_moen_,https___www_norges_bank_no_en_news_events_news_Speeches_2025_2025_01_30_bech_moen__p40,2025,2
Utsikter / fremoverskuende signal,Outlook / forward guidance,Valutakurs og eksterne forhold,Exchange rate and external conditions,Speech,https://www.norges-bank.no/en/news-events/news/Speeches/2025/2025-01-30-bech-moen/,Norges Bank,2025-02-06,09:00,p,41,12,https___www_norges_bank_no_en_news_events_news_Speeches_2025_2025_01_30_bech_moen_,https___www_norges_bank_no_en_news_events_news_Speeches_2025_2025_01_30_bech_moen__p41,2025,2
Økonomisk situasjonsbeskrivelse / diagnose,Economic assessment / diagnosis,Valutakurs og eksterne forhold,Exchange rate and external conditions,Speech,https://www.norges-bank.no/en/news-events/news/Speeches/2025/2025-01-30-bech-moen/,Norges Bank,2025-02-06,09:00,p,42,88,https___www_norges_bank_no_en_news_events_news_Speeches_2025_2025_01_30_bech_moen_,https___www_norges_bank_no_en_news_events_news_Speeches_2025_2025_01_30_bech_moen__p42,2025,2
Utsikter / fremoverskuende signal,Outlook / forward guidance,Valutakurs og eksterne forhold,Exchange rate and external conditions,Speech,https://www.norges-bank.no/en/news-events/news/Speeches/2025/2025-01-30-bech-moen/,Norges Bank,2025-02-06,09:00,p,43,11,https___www_norges_bank_no_en_news_events_news_Speeches_2025_2025_01_30_bech_moen_,https___www_norges_bank_no_en_news_events_news_Speeches_2025_2025_01_30_bech_moen__p43,2025,2
Utsikter / fremoverskuende signal,Outlook / forward guidance,Valutakurs og eksterne forhold,Exchange rate and external conditions,Speech,https://www.norges-bank.no/en/news-events/news/Speeches/2025/2025-01-30-bech-moen/,Norges Bank,2025-02-06,09:00,p,44,95,https___www_norges_bank_no_en_news_events_news_Speeches_2025_2025_01_30_bech_moen_,https___www_norges_bank_no_en_news_events_news_Speeches_2025_2025_01_30_bech_moen__p44,2025,2
Utsikter / fremoverskuende signal,Outlook / forward guidance,Rente og pengepolitisk linje,Interest rates and monetary stance,Speech,https://www.norges-bank.no/en/news-events/news/Speeches/2025/2025-01-30-bech-moen/,Norges Bank,2025-02-06,09:00,p,45,11,https___www_norges_bank_no_en_news_events_news_Speeches_2025_2025_01_30_bech_moen_,https___www_norges_bank_no_en_news_events_news_Speeches_2025_2025_01_30_bech_moen__p45,2025,2
Risiko / usikkerhet,Risk / uncertainty,Valutakurs og eksterne forhold,Exchange rate and external conditions,Speech,https://www.norges-bank.no/en/news-events/news/Speeches/2025/2025-01-30-bech-moen/,Norges Bank,2025-02-06,09:00,p,46,168,https___www_norges_bank_no_en_news_events_news_Speeches_2025_2025_01_30_bech_moen_,https___www_norges_bank_no_en_news_events_news_Speeches_2025_2025_01_30_bech_moen__p46,2025,2
Utsikter / fremoverskuende signal,Outlook / forward guidance,Valutakurs og eksterne forhold,Exchange rate and external conditions,Speech,https://www.norges-bank.no/en/news-events/news/Speeches/2025/2025-01-30-bech-moen/,Norges Bank,2025-02-06,09:00,p,47,8,https___www_norges_bank_no_en_news_events_news_Speeches_2025_2025_01_30_bech_moen_,https___www_norges_bank_no_en_news_events_news_Speeches_2025_2025_01_30_bech_moen__p47,2025,2
Utsikter / fremoverskuende signal,Outlook / forward guidance,Valutakurs og eksterne forhold,Exchange rate and external conditions,Speech,https://www.norges-bank.no/en/news-events/news/Speeches/2025/2025-01-30-bech-moen/,Norges Bank,2025-02-06,09:00,p,48,142,https___www_norges_bank_no_en_news_events_news_Speeches_2025_2025_01_30_bech_moen_,https___www_norges_bank_no_en_news_events_news_Speeches_2025_2025_01_30_bech_moen__p48,2025,2
Institusjonelt ansvar / mandat,Institutional accountability / mandate,Annet / administrativt / ikke kodbar,Other / administrative / not codable,Speech,https://www.norges-bank.no/en/news-events/news/Speeches/2025/2025-01-30-bech-moen/,Norges Bank,2025-02-06,09:00,p,49,5,https___www_norges_bank_no_en_news_events_news_Speeches_2025_2025_01_30_bech_moen_,https___www_norges_bank_no_en_news_events_news_Speeches_2025_2025_01_30_bech_moen__p49,2025,2
Utsikter / fremoverskuende signal,Outlook / forward guidance,Rente og pengepolitisk linje,Interest rates and monetary stance,Speech,https://www.norges-bank.no/en/news-events/news/Speeches/2025/2025-01-23-pc/,Norges Bank,2025-01-23,10:30,li,5,6,https___www_norges_bank_no_en_news_events_news_Speeches_2025_2025_01_23_pc_,https___www_norges_bank_no_en_news_events_news_Speeches_2025_2025_01_23_pc__p5,2025,1
Institusjonelt ansvar / mandat,Institutional accountability / mandate,Rente og pengepolitisk linje,Interest rates and monetary stance,Speech,https://www.norges-bank.no/en/news-events/news/Speeches/2025/2025-01-23-pc/,Norges Bank,2025-01-23,10:30,p,6,22,https___www_norges_bank_no_en_news_events_news_Speeches_2025_2025_01_23_pc_,https___www_norges_bank_no_en_news_events_news_Speeches_2025_2025_01_23_pc__p6,2025,1
Politikkforklaring / begrunnelse,Policy explanation / justification,Rente og pengepolitisk linje,Interest rates and monetary stance,Speech,https://www.norges-bank.no/en/news-events/news/Speeches/2025/2025-01-23-pc/,Norges Bank,2025-01-23,10:30,p,7,9,https___www_norges_bank_no_en_news_events_news_Speeches_2025_2025_01_23_pc_,https___www_norges_bank_no_en_news_events_news_Speeches_2025_2025_01_23_pc__p7,2025,1
Institusjonelt ansvar / mandat,Institutional accountability / mandate,Rente og pengepolitisk linje,Interest rates and monetary stance,Speech,https://www.norges-bank.no/en/news-events/news/Speeches/2025/2025-01-23-pc/,Norges Bank,2025-01-23,10:30,p,8,19,https___www_norges_bank_no_en_news_events_news_Speeches_2025_2025_01_23_pc_,https___www_norges_bank_no_en_news_events_news_Speeches_2025_2025_01_23_pc__p8,2025,1
Institusjonelt ansvar / mandat,Institutional accountability / mandate,Økonomisk aktivitet og arbeidsmarked,Economic activity and labor market,Speech,https://www.norges-bank.no/en/news-events/news/Speeches/2025/2025-01-23-pc/,Norges Bank,2025-01-23,10:30,p,9,39,https___www_norges_bank_no_en_news_events_news_Speeches_2025_2025_01_23_pc_,https___www_norges_bank_no_en_news_events_news_Speeches_2025_2025_01_23_pc__p9,2025,1
Politikkforklaring / begrunnelse,Policy explanation / justification,Inflasjon og priser,Inflation and prices,Speech,https://www.norges-bank.no/en/news-events/news/Speeches/2025/2025-01-23-pc/,Norges Bank,2025-01-23,10:30,p,10,53,https___www_norges_bank_no_en_news_events_news_Speeches_2025_2025_01_23_pc_,https___www_norges_bank_no_en_news_events_news_Speeches_2025_2025_01_23_pc__p10,2025,1
Utsikter / fremoverskuende signal,Outlook / forward guidance,Inflasjon og priser,Inflation and prices,Speech,https://www.norges-bank.no/en/news-events/news/Speeches/2025/2025-01-23-pc/,Norges Bank,2025-01-23,10:30,p,11,79,https___www_norges_bank_no_en_news_events_news_Speeches_2025_2025_01_23_pc_,https___www_norges_bank_no_en_news_events_news_Speeches_2025_2025_01_23_pc__p11,2025,1
Utsikter / fremoverskuende signal,Outlook / forward guidance,Rente og pengepolitisk linje,Interest rates and monetary stance,Speech,https://www.norges-bank.no/en/news-events/news/Speeches/2025/2025-01-23-pc/,Norges Bank,2025-01-23,10:30,p,12,40,https___www_norges_bank_no_en_news_events_news_Speeches_2025_2025_01_23_pc_,https___www_norges_bank_no_en_news_events_news_Speeches_2025_2025_01_23_pc__p12,2025,1
Utsikter / fremoverskuende signal,Outlook / forward guidance,Økonomisk aktivitet og arbeidsmarked,Economic activity and labor market,Speech,https://www.norges-bank.no/en/news-events/news/Speeches/2025/2025-01-23-pc/,Norges Bank,2025-01-23,10:30,p,13,25,https___www_norges_bank_no_en_news_events_news_Speeches_2025_2025_01_23_pc_,https___www_norges_bank_no_en_news_events_news_Speeches_2025_2025_01_23_pc__p13,2025,1
Utsikter / fremoverskuende signal,Outlook / forward guidance,Økonomisk aktivitet og arbeidsmarked,Economic activity and labor market,Speech,https://www.norges-bank.no/en/news-events/news/Speeches/2025/2025-01-23-pc/,Norges Bank,2025-01-23,10:30,p,14,6,https___www_norges_bank_no_en_news_events_news_Speeches_2025_2025_01_23_pc_,https___www_norges_bank_no_en_news_events_news_Speeches_2025_2025_01_23_pc__p14,2025,1
Utsikter / fremoverskuende signal,Outlook / forward guidance,Økonomisk aktivitet og arbeidsmarked,Economic activity and labor market,Speech,https://www.norges-bank.no/en/news-events/news/Speeches/2025/2025-01-23-pc/,Norges Bank,2025-01-23,10:30,p,15,60,https___www_norges_bank_no_en_news_events_news_Speeches_2025_2025_01_23_pc_,https___www_norges_bank_no_en_news_events_news_Speeches_2025_2025_01_23_pc__p15,2025,1
Utsikter / fremoverskuende signal,Outlook / forward guidance,Inflasjon og priser,Inflation and prices,Speech,https://www.norges-bank.no/en/news-events/news/Speeches/2025/2025-01-23-pc/,Norges Bank,2025-01-23,10:30,p,16,8,https___www_norges_bank_no_en_news_events_news_Speeches_2025_2025_01_23_pc_,https___www_norges_bank_no_en_news_events_news_Speeches_2025_2025_01_23_pc__p16,2025,1
Økonomisk situasjonsbeskrivelse / diagnose,Economic assessment / diagnosis,Inflasjon og priser,Inflation and prices,Speech,https://www.norges-bank.no/en/news-events/news/Speeches/2025/2025-01-23-pc/,Norges Bank,2025-01-23,10:30,p,17,35,https___www_norges_bank_no_en_news_events_news_Speeches_2025_2025_01_23_pc_,https___www_norges_bank_no_en_news_events_news_Speeches_2025_2025_01_23_pc__p17,2025,1
Utsikter / fremoverskuende signal,Outlook / forward guidance,Inflasjon og priser,Inflation and prices,Speech,https://www.norges-bank.no/en/news-events/news/Speeches/2025/2025-01-23-pc/,Norges Bank,2025-01-23,10:30,p,18,47,https___www_norges_bank_no_en_news_events_news_Speeches_2025_2025_01_23_pc_,https___www_norges_bank_no_en_news_events_news_Speeches_2025_2025_01_23_pc__p18,2025,1
Risiko / usikkerhet,Risk / uncertainty,Valutakurs og eksterne forhold,Exchange rate and external conditions,Speech,https://www.norges-bank.no/en/news-events/news/Speeches/2025/2025-01-23-pc/,Norges Bank,2025-01-23,10:30,p,19,61,https___www_norges_bank_no_en_news_events_news_Speeches_2025_2025_01_23_pc_,https___www_norges_bank_no_en_news_events_news_Speeches_2025_2025_01_23_pc__p19,2025,1
Utsikter / fremoverskuende signal,Outlook / forward guidance,Økonomisk aktivitet og arbeidsmarked,Economic activity and labor market,Speech,https://www.norges-bank.no/en/news-events/news/Speeches/2025/2025-01-23-pc/,Norges Bank,2025-01-23,10:30,p,20,28,https___www_norges_bank_no_en_news_events_news_Speeches_2025_2025_01_23_pc_,https___www_norges_bank_no_en_news_events_news_Speeches_2025_2025_01_23_pc__p20,2025,1
Utsikter / fremoverskuende signal,Outlook / forward guidance,Rente og pengepolitisk linje,Interest rates and monetary stance,Speech,https://www.norges-bank.no/en/news-events/news/Speeches/2025/2025-01-23-pc/,Norges Bank,2025-01-23,10:30,li,21,4,https___www_norges_bank_no_en_news_events_news_Speeches_2025_2025_01_23_pc_,https___www_norges_bank_no_en_news_events_news_Speeches_2025_2025_01_23_pc__p21,2025,1
Utsikter / fremoverskuende signal,Outlook / forward guidance,Rente og pengepolitisk linje,Interest rates and monetary stance,Speech,https://www.norges-bank.no/en/news-events/news/Speeches/2024/2024-12-19-pc/,Norges Bank,2024-12-19,10:30,li,5,5,https___www_norges_bank_no_en_news_events_news_Speeches_2024_2024_12_19_pc_,https___www_norges_bank_no_en_news_events_news_Speeches_2024_2024_12_19_pc__p5,2024,12
Institusjonelt ansvar / mandat,Institutional accountability / mandate,Rente og pengepolitisk linje,Interest rates and monetary stance,Speech,https://www.norges-bank.no/en/news-events/news/Speeches/2024/2024-12-19-pc/,Norges Bank,2024-12-19,10:30,p,6,22,https___www_norges_bank_no_en_news_events_news_Speeches_2024_2024_12_19_pc_,https___www_norges_bank_no_en_news_events_news_Speeches_2024_2024_12_19_pc__p6,2024,12
Politikkforklaring / begrunnelse,Policy explanation / justification,Rente og pengepolitisk linje,Interest rates and monetary stance,Speech,https://www.norges-bank.no/en/news-events/news/Speeches/2024/2024-12-19-pc/,Norges Bank,2024-12-19,10:30,p,7,9,https___www_norges_bank_no_en_news_events_news_Speeches_2024_2024_12_19_pc_,https___www_norges_bank_no_en_news_events_news_Speeches_2024_2024_12_19_pc__p7,2024,12
Institusjonelt ansvar / mandat,Institutional accountability / mandate,Rente og pengepolitisk linje,Interest rates and monetary stance,Speech,https://www.norges-bank.no/en/news-events/news/Speeches/2024/2024-12-19-pc/,Norges Bank,2024-12-19,10:30,p,8,18,https___www_norges_bank_no_en_news_events_news_Speeches_2024_2024_12_19_pc_,https___www_norges_bank_no_en_news_events_news_Speeches_2024_2024_12_19_pc__p8,2024,12
Institusjonelt ansvar / mandat,Institutional accountability / mandate,Økonomisk aktivitet og arbeidsmarked,Economic activity and labor market,Speech,https://www.norges-bank.no/en/news-events/news/Speeches/2024/2024-12-19-pc/,Norges Bank,2024-12-19,10:30,p,9,39,https___www_norges_bank_no_en_news_events_news_Speeches_2024_2024_12_19_pc_,https___www_norges_bank_no_en_news_events_news_Speeches_2024_2024_12_19_pc__p9,2024,12
Politikkforklaring / begrunnelse,Policy explanation / justification,Rente og pengepolitisk linje,Interest rates and monetary stance,Speech,https://www.norges-bank.no/en/news-events/news/Speeches/2024/2024-12-19-pc/,Norges Bank,2024-12-19,10:30,p,10,102,https___www_norges_bank_no_en_news_events_news_Speeches_2024_2024_12_19_pc_,https___www_norges_bank_no_en_news_events_news_Speeches_2024_2024_12_19_pc__p10,2024,12
Utsikter / fremoverskuende signal,Outlook / forward guidance,Økonomisk aktivitet og arbeidsmarked,Economic activity and labor market,Speech,https://www.norges-bank.no/en/news-events/news/Speeches/2024/2024-12-19-pc/,Norges Bank,2024-12-19,10:30,p,11,25,https___www_norges_bank_no_en_news_events_news_Speeches_2024_2024_12_19_pc_,https___www_norges_bank_no_en_news_events_news_Speeches_2024_2024_12_19_pc__p11,2024,12
Utsikter / fremoverskuende signal,Outlook / forward guidance,Rente og pengepolitisk linje,Interest rates and monetary stance,Speech,https://www.norges-bank.no/en/news-events/news/Speeches/2024/2024-12-19-pc/,Norges Bank,2024-12-19,10:30,p,12,42,https___www_norges_bank_no_en_news_events_news_Speeches_2024_2024_12_19_pc_,https___www_norges_bank_no_en_news_events_news_Speeches_2024_2024_12_19_pc__p12,2024,12
Utsikter / fremoverskuende signal,Outlook / forward guidance,Rente og pengepolitisk linje,Interest rates and monetary stance,Speech,https://www.norges-bank.no/en/news-events/news/Speeches/2024/2024-12-19-pc/,Norges Bank,2024-12-19,10:30,p,13,10,https___www_norges_bank_no_en_news_events_news_Speeches_2024_2024_12_19_pc_,https___www_norges_bank_no_en_news_events_news_Speeches_2024_2024_12_19_pc__p13,2024,12
Utsikter / fremoverskuende signal,Outlook / forward guidance,Rente og pengepolitisk linje,Interest rates and monetary stance,Speech,https://www.norges-bank.no/en/news-events/news/Speeches/2024/2024-12-19-pc/,Norges Bank,2024-12-19,10:30,p,14,46,https___www_norges_bank_no_en_news_events_news_Speeches_2024_2024_12_19_pc_,https___www_norges_bank_no_en_news_events_news_Speeches_2024_2024_12_19_pc__p14,2024,12
Utsikter / fremoverskuende signal,Outlook / forward guidance,Rente og pengepolitisk linje,Interest rates and monetary stance,Speech,https://www.norges-bank.no/en/news-events/news/Speeches/2024/2024-12-19-pc/,Norges Bank,2024-12-19,10:30,p,15,60,https___www_norges_bank_no_en_news_events_news_Speeches_2024_2024_12_19_pc_,https___www_norges_bank_no_en_news_events_news_Speeches_2024_2024_12_19_pc__p15,2024,12
Risiko / usikkerhet,Risk / uncertainty,Valutakurs og eksterne forhold,Exchange rate and external conditions,Speech,https://www.norges-bank.no/en/news-events/news/Speeches/2024/2024-12-19-pc/,Norges Bank,2024-12-19,10:30,p,16,118,https___www_norges_bank_no_en_news_events_news_Speeches_2024_2024_12_19_pc_,https___www_norges_bank_no_en_news_events_news_Speeches_2024_2024_12_19_pc__p16,2024,12
Institusjonelt ansvar / mandat,Institutional accountability / mandate,Rente og pengepolitisk linje,Interest rates and monetary stance,Speech,https://www.norges-bank.no/en/news-events/news/Speeches/2024/2024-12-19-pc/,Norges Bank,2024-12-19,10:30,p,17,18,https___www_norges_bank_no_en_news_events_news_Speeches_2024_2024_12_19_pc_,https___www_norges_bank_no_en_news_events_news_Speeches_2024_2024_12_19_pc__p17,2024,12
Utsikter / fremoverskuende signal,Outlook / forward guidance,Økonomisk aktivitet og arbeidsmarked,Economic activity and labor market,Speech,https://www.norges-bank.no/en/news-events/news/Speeches/2024/2024-12-19-pc/,Norges Bank,2024-12-19,10:30,p,18,11,https___www_norges_bank_no_en_news_events_news_Speeches_2024_2024_12_19_pc_,https___www_norges_bank_no_en_news_events_news_Speeches_2024_2024_12_19_pc__p18,2024,12
Utsikter / fremoverskuende signal,Outlook / forward guidance,Økonomisk aktivitet og arbeidsmarked,Economic activity and labor market,Speech,https://www.norges-bank.no/en/news-events/news/Speeches/2024/2024-12-19-pc/,Norges Bank,2024-12-19,10:30,p,19,65,https___www_norges_bank_no_en_news_events_news_Speeches_2024_2024_12_19_pc_,https___www_norges_bank_no_en_news_events_news_Speeches_2024_2024_12_19_pc__p19,2024,12
Utsikter / fremoverskuende signal,Outlook / forward guidance,Økonomisk aktivitet og arbeidsmarked,Economic activity and labor market,Speech,https://www.norges-bank.no/en/news-events/news/Speeches/2024/2024-12-19-pc/,Norges Bank,2024-12-19,10:30,p,20,56,https___www_norges_bank_no_en_news_events_news_Speeches_2024_2024_12_19_pc_,https___www_norges_bank_no_en_news_events_news_Speeches_2024_2024_12_19_pc__p20,2024,12
Utsikter / fremoverskuende signal,Outlook / forward guidance,Inflasjon og priser,Inflation and prices,Speech,https://www.norges-bank.no/en/news-events/news/Speeches/2024/2024-12-19-pc/,Norges Bank,2024-12-19,10:30,p,21,9,https___www_norges_bank_no_en_news_events_news_Speeches_2024_2024_12_19_pc_,https___www_norges_bank_no_en_news_events_news_Speeches_2024_2024_12_19_pc__p21,2024,12
Utsikter / fremoverskuende signal,Outlook / forward guidance,Rente og pengepolitisk linje,Interest rates and monetary stance,Speech,https://www.norges-bank.no/en/news-events/news/Speeches/2024/2024-12-19-pc/,Norges Bank,2024-12-19,10:30,p,22,28,https___www_norges_bank_no_en_news_events_news_Speeches_2024_2024_12_19_pc_,https___www_norges_bank_no_en_news_events_news_Speeches_2024_2024_12_19_pc__p22,2024,12
Utsikter / fremoverskuende signal,Outlook / forward guidance,Inflasjon og priser,Inflation and prices,Speech,https://www.norges-bank.no/en/news-events/news/Speeches/2024/2024-12-19-pc/,Norges Bank,2024-12-19,10:30,p,23,76,https___www_norges_bank_no_en_news_events_news_Speeches_2024_2024_12_19_pc_,https___www_norges_bank_no_en_news_events_news_Speeches_2024_2024_12_19_pc__p23,2024,12
Utsikter / fremoverskuende signal,Outlook / forward guidance,Økonomisk aktivitet og arbeidsmarked,Economic activity and labor market,Speech,https://www.norges-bank.no/en/news-events/news/Speeches/2024/2024-12-19-pc/,Norges Bank,2024-12-19,10:30,p,24,55,https___www_norges_bank_no_en_news_events_news_Speeches_2024_2024_12_19_pc_,https___www_norges_bank_no_en_news_events_news_Speeches_2024_2024_12_19_pc__p24,2024,12
Utsikter / fremoverskuende signal,Outlook / forward guidance,Inflasjon og priser,Inflation and prices,Speech,https://www.norges-bank.no/en/news-events/news/Speeches/2024/2024-12-19-pc/,Norges Bank,2024-12-19,10:30,p,25,12,https___www_norges_bank_no_en_news_events_news_Speeches_2024_2024_12_19_pc_,https___www_norges_bank_no_en_news_events_news_Speeches_2024_2024_12_19_pc__p25,2024,12
Utsikter / fremoverskuende signal,Outlook / forward guidance,Økonomisk aktivitet og arbeidsmarked,Economic activity and labor market,Speech,https://www.norges-bank.no/en/news-events/news/Speeches/2024/2024-12-19-pc/,Norges Bank,2024-12-19,10:30,p,26,60,https___www_norges_bank_no_en_news_events_news_Speeches_2024_2024_12_19_pc_,https___www_norges_bank_no_en_news_events_news_Speeches_2024_2024_12_19_pc__p26,2024,12
Utsikter / fremoverskuende signal,Outlook / forward guidance,Rente og pengepolitisk linje,Interest rates and monetary stance,Speech,https://www.norges-bank.no/en/news-events/news/Speeches/2024/2024-12-19-pc/,Norges Bank,2024-12-19,10:30,li,27,4,https___www_norges_bank_no_en_news_events_news_Speeches_2024_2024_12_19_pc_,https___www_norges_bank_no_en_news_events_news_Speeches_2024_2024_12_19_pc__p27,2024,12
Utsikter / fremoverskuende signal,Outlook / forward guidance,Rente og pengepolitisk linje,Interest rates and monetary stance,Speech,https://www.norges-bank.no/en/news-events/news/Speeches/2024/2024-11-07-pc/,Norges Bank,2024-11-07,10:30,li,5,6,https___www_norges_bank_no_en_news_events_news_Speeches_2024_2024_11_07_pc_,https___www_norges_bank_no_en_news_events_news_Speeches_2024_2024_11_07_pc__p5,2024,11
Institusjonelt ansvar / mandat,Institutional accountability / mandate,Rente og pengepolitisk linje,Interest rates and monetary stance,Speech,https://www.norges-bank.no/en/news-events/news/Speeches/2024/2024-11-07-pc/,Norges Bank,2024-11-07,10:30,p,6,22,https___www_norges_bank_no_en_news_events_news_Speeches_2024_2024_11_07_pc_,https___www_norges_bank_no_en_news_events_news_Speeches_2024_2024_11_07_pc__p6,2024,11
Institusjonelt ansvar / mandat,Institutional accountability / mandate,Rente og pengepolitisk linje,Interest rates and monetary stance,Speech,https://www.norges-bank.no/en/news-events/news/Speeches/2024/2024-11-07-pc/,Norges Bank,2024-11-07,10:30,p,7,18,https___www_norges_bank_no_en_news_events_news_Speeches_2024_2024_11_07_pc_,https___www_norges_bank_no_en_news_events_news_Speeches_2024_2024_11_07_pc__p7,2024,11
Institusjonelt ansvar / mandat,Institutional accountability / mandate,Økonomisk aktivitet og arbeidsmarked,Economic activity and labor market,Speech,https://www.norges-bank.no/en/news-events/news/Speeches/2024/2024-11-07-pc/,Norges Bank,2024-11-07,10:30,p,8,39,https___www_norges_bank_no_en_news_events_news_Speeches_2024_2024_11_07_pc_,https___www_norges_bank_no_en_news_events_news_Speeches_2024_2024_11_07_pc__p8,2024,11
Politikkforklaring / begrunnelse,Policy explanation / justification,Rente og pengepolitisk linje,Interest rates and monetary stance,Speech,https://www.norges-bank.no/en/news-events/news/Speeches/2024/2024-11-07-pc/,Norges Bank,2024-11-07,10:30,p,9,43,https___www_norges_bank_no_en_news_events_news_Speeches_2024_2024_11_07_pc_,https___www_norges_bank_no_en_news_events_news_Speeches_2024_2024_11_07_pc__p9,2024,11
Utsikter / fremoverskuende signal,Outlook / forward guidance,Rente og pengepolitisk linje,Interest rates and monetary stance,Speech,https://www.norges-bank.no/en/news-events/news/Speeches/2024/2024-11-07-pc/,Norges Bank,2024-11-07,10:30,p,10,90,https___www_norges_bank_no_en_news_events_news_Speeches_2024_2024_11_07_pc_,https___www_norges_bank_no_en_news_events_news_Speeches_2024_2024_11_07_pc__p10,2024,11
Utsikter / fremoverskuende signal,Outlook / forward guidance,Inflasjon og priser,Inflation and prices,Speech,https://www.norges-bank.no/en/news-events/news/Speeches/2024/2024-11-07-pc/,Norges Bank,2024-11-07,10:30,p,11,30,https___www_norges_bank_no_en_news_events_news_Speeches_2024_2024_11_07_pc_,https___www_norges_bank_no_en_news_events_news_Speeches_2024_2024_11_07_pc__p11,2024,11
Utsikter / fremoverskuende signal,Outlook / forward guidance,Rente og pengepolitisk linje,Interest rates and monetary stance,Speech,https://www.norges-bank.no/en/news-events/news/Speeches/2024/2024-11-07-pc/,Norges Bank,2024-11-07,10:30,p,12,37,https___www_norges_bank_no_en_news_events_news_Speeches_2024_2024_11_07_pc_,https___www_norges_bank_no_en_news_events_news_Speeches_2024_2024_11_07_pc__p12,2024,11
Utsikter / fremoverskuende signal,Outlook / forward guidance,Inflasjon og priser,Inflation and prices,Speech,https://www.norges-bank.no/en/news-events/news/Speeches/2024/2024-11-07-pc/,Norges Bank,2024-11-07,10:30,p,13,64,https___www_norges_bank_no_en_news_events_news_Speeches_2024_2024_11_07_pc_,https___www_norges_bank_no_en_news_events_news_Speeches_2024_2024_11_07_pc__p13,2024,11
Utsikter / fremoverskuende signal,Outlook / forward guidance,Inflasjon og priser,Inflation and prices,Speech,https://www.norges-bank.no/en/news-events/news/Speeches/2024/2024-11-07-pc/,Norges Bank,2024-11-07,10:30,p,14,32,https___www_norges_bank_no_en_news_events_news_Speeches_2024_2024_11_07_pc_,https___www_norges_bank_no_en_news_events_news_Speeches_2024_2024_11_07_pc__p14,2024,11
Utsikter / fremoverskuende signal,Outlook / forward guidance,Valutakurs og eksterne forhold,Exchange rate and external conditions,Speech,https://www.norges-bank.no/en/news-events/news/Speeches/2024/2024-11-07-pc/,Norges Bank,2024-11-07,10:30,p,15,70,https___www_norges_bank_no_en_news_events_news_Speeches_2024_2024_11_07_pc_,https___www_norges_bank_no_en_news_events_news_Speeches_2024_2024_11_07_pc__p15,2024,11
Utsikter / fremoverskuende signal,Outlook / forward guidance,Økonomisk aktivitet og arbeidsmarked,Economic activity and labor market,Speech,https://www.norges-bank.no/en/news-events/news/Speeches/2024/2024-11-07-pc/,Norges Bank,2024-11-07,10:30,p,16,54,https___www_norges_bank_no_en_news_events_news_Speeches_2024_2024_11_07_pc_,https___www_norges_bank_no_en_news_events_news_Speeches_2024_2024_11_07_pc__p16,2024,11
Politikkforklaring / begrunnelse,Policy explanation / justification,Rente og pengepolitisk linje,Interest rates and monetary stance,Speech,https://www.norges-bank.no/en/news-events/news/Speeches/2024/2024-11-07-pc/,Norges Bank,2024-11-07,10:30,p,17,73,https___www_norges_bank_no_en_news_events_news_Speeches_2024_2024_11_07_pc_,https___www_norges_bank_no_en_news_events_news_Speeches_2024_2024_11_07_pc__p17,2024,11
Utsikter / fremoverskuende signal,Outlook / forward guidance,Økonomisk aktivitet og arbeidsmarked,Economic activity and labor market,Speech,https://www.norges-bank.no/en/news-events/news/Speeches/2024/2024-11-07-pc/,Norges Bank,2024-11-07,10:30,p,18,32,https___www_norges_bank_no_en_news_events_news_Speeches_2024_2024_11_07_pc_,https___www_norges_bank_no_en_news_events_news_Speeches_2024_2024_11_07_pc__p18,2024,11
Utsikter / fremoverskuende signal,Outlook / forward guidance,Rente og pengepolitisk linje,Interest rates and monetary stance,Speech,https://www.norges-bank.no/en/news-events/news/Speeches/2024/2024-11-07-pc/,Norges Bank,2024-11-07,10:30,li,19,4,https___www_norges_bank_no_en_news_events_news_Speeches_2024_2024_11_07_pc_,https___www_norges_bank_no_en_news_events_news_Speeches_2024_2024_11_07_pc__p19,2024,11
Institusjonelt ansvar / mandat,Institutional accountability / mandate,Annet / administrativt / ikke kodbar,Other / administrative / not codable,Speech,https://www.norges-bank.no/en/news-events/news/Speeches/2024/2024-11-07-th/,Norges Bank,2024-11-07,15:00,li,5,5,https___www_norges_bank_no_en_news_events_news_Speeches_2024_2024_11_07_th_,https___www_norges_bank_no_en_news_events_news_Speeches_2024_2024_11_07_th__p5,2024,11
Institusjonelt ansvar / mandat,Institutional accountability / mandate,Finansiell stabilitet og bank,Financial stability and banking,Speech,https://www.norges-bank.no/en/news-events/news/Speeches/2024/2024-11-07-th/,Norges Bank,2024-11-07,15:00,p,6,16,https___www_norges_bank_no_en_news_events_news_Speeches_2024_2024_11_07_th_,https___www_norges_bank_no_en_news_events_news_Speeches_2024_2024_11_07_th__p6,2024,11
Utsikter / fremoverskuende signal,Outlook / forward guidance,Økonomisk aktivitet og arbeidsmarked,Economic activity and labor market,Speech,https://www.norges-bank.no/en/news-events/news/Speeches/2024/2024-11-07-th/,Norges Bank,2024-11-07,15:00,p,7,12,https___www_norges_bank_no_en_news_events_news_Speeches_2024_2024_11_07_th_,https___www_norges_bank_no_en_news_events_news_Speeches_2024_2024_11_07_th__p7,2024,11
Institusjonelt ansvar / mandat,Institutional accountability / mandate,Annet / administrativt / ikke kodbar,Other / administrative / not codable,Speech,https://www.norges-bank.no/en/news-events/news/Speeches/2024/2024-11-07-th/,Norges Bank,2024-11-07,15:00,p,8,46,https___www_norges_bank_no_en_news_events_news_Speeches_2024_2024_11_07_th_,https___www_norges_bank_no_en_news_events_news_Speeches_2024_2024_11_07_th__p8,2024,11
Institusjonelt ansvar / mandat,Institutional accountability / mandate,Finansiell stabilitet og bank,Financial stability and banking,Speech,https://www.norges-bank.no/en/news-events/news/Speeches/2024/2024-11-07-th/,Norges Bank,2024-11-07,15:00,p,9,89,https___www_norges_bank_no_en_news_events_news_Speeches_2024_2024_11_07_th_,https___www_norges_bank_no_en_news_events_news_Speeches_2024_2024_11_07_th__p9,2024,11
Institusjonelt ansvar / mandat,Institutional accountability / mandate,Annet / administrativt / ikke kodbar,Other / administrative / not codable,Speech,https://www.norges-bank.no/en/news-events/news/Speeches/2024/2024-11-07-th/,Norges Bank,2024-11-07,15:00,p,10,49,https___www_norges_bank_no_en_news_events_news_Speeches_2024_2024_11_07_th_,https___www_norges_bank_no_en_news_events_news_Speeches_2024_2024_11_07_th__p10,2024,11
Institusjonelt ansvar / mandat,Institutional accountability / mandate,Annet / administrativt / ikke kodbar,Other / administrative / not codable,Speech,https://www.norges-bank.no/en/news-events/news/Speeches/2024/2024-11-07-th/,Norges Bank,2024-11-07,15:00,p,11,32,https___www_norges_bank_no_en_news_events_news_Speeches_2024_2024_11_07_th_,https___www_norges_bank_no_en_news_events_news_Speeches_2024_2024_11_07_th__p11,2024,11
Økonomisk situasjonsbeskrivelse / diagnose,Economic assessment / diagnosis,Finansiell stabilitet og bank,Financial stability and banking,Speech,https://www.norges-bank.no/en/news-events/news/Speeches/2024/2024-11-07-th/,Norges Bank,2024-11-07,15:00,p,12,29,https___www_norges_bank_no_en_news_events_news_Speeches_2024_2024_11_07_th_,https___www_norges_bank_no_en_news_events_news_Speeches_2024_2024_11_07_th__p12,2024,11
Institusjonelt ansvar / mandat,Institutional accountability / mandate,Annet / administrativt / ikke kodbar,Other / administrative / not codable,Speech,https://www.norges-bank.no/en/news-events/news/Speeches/2024/2024-11-07-th/,Norges Bank,2024-11-07,15:00,p,13,32,https___www_norges_bank_no_en_news_events_news_Speeches_2024_2024_11_07_th_,https___www_norges_bank_no_en_news_events_news_Speeches_2024_2024_11_07_th__p13,2024,11
Utsikter / fremoverskuende signal,Outlook / forward guidance,Finansiell stabilitet og bank,Financial stability and banking,Speech,https://www.norges-bank.no/en/news-events/news/Speeches/2024/2024-11-07-th/,Norges Bank,2024-11-07,15:00,p,14,29,https___www_norges_bank_no_en_news_events_news_Speeches_2024_2024_11_07_th_,https___www_norges_bank_no_en_news_events_news_Speeches_2024_2024_11_07_th__p14,2024,11
Politikkforklaring / begrunnelse,Policy explanation / justification,Finansiell stabilitet og bank,Financial stability and banking,Speech,https://www.norges-bank.no/en/news-events/news/Speeches/2024/2024-11-07-th/,Norges Bank,2024-11-07,15:00,p,15,31,https___www_norges_bank_no_en_news_events_news_Speeches_2024_2024_11_07_th_,https___www_norges_bank_no_en_news_events_news_Speeches_2024_2024_11_07_th__p15,2024,11
Institusjonelt ansvar / mandat,Institutional accountability / mandate,Finansiell stabilitet og bank,Financial stability and banking,Speech,https://www.norges-bank.no/en/news-events/news/Speeches/2024/2024-11-07-th/,Norges Bank,2024-11-07,15:00,p,16,55,https___www_norges_bank_no_en_news_events_news_Speeches_2024_2024_11_07_th_,https___www_norges_bank_no_en_news_events_news_Speeches_2024_2024_11_07_th__p16,2024,11
Institusjonelt ansvar / mandat,Institutional accountability / mandate,Annet / administrativt / ikke kodbar,Other / administrative / not codable,Speech,https://www.norges-bank.no/en/news-events/news/Speeches/2024/2024-11-07-th/,Norges Bank,2024-11-07,15:00,p,17,24,https___www_norges_bank_no_en_news_events_news_Speeches_2024_2024_11_07_th_,https___www_norges_bank_no_en_news_events_news_Speeches_2024_2024_11_07_th__p17,2024,11
Politikkforklaring / begrunnelse,Policy explanation / justification,Annet / administrativt / ikke kodbar,Other / administrative / not codable,Speech,https://www.norges-bank.no/en/news-events/news/Speeches/2024/2024-11-07-th/,Norges Bank,2024-11-07,15:00,p,18,28,https___www_norges_bank_no_en_news_events_news_Speeches_2024_2024_11_07_th_,https___www_norges_bank_no_en_news_events_news_Speeches_2024_2024_11_07_th__p18,2024,11
Utsikter / fremoverskuende signal,Outlook / forward guidance,Annet / administrativt / ikke kodbar,Other / administrative / not codable,Speech,https://www.norges-bank.no/en/news-events/news/Speeches/2024/2024-11-07-th/,Norges Bank,2024-11-07,15:00,p,19,28,https___www_norges_bank_no_en_news_events_news_Speeches_2024_2024_11_07_th_,https___www_norges_bank_no_en_news_events_news_Speeches_2024_2024_11_07_th__p19,2024,11
Politikkforklaring / begrunnelse,Policy explanation / justification,Finansiell stabilitet og bank,Financial stability and banking,Speech,https://www.norges-bank.no/en/news-events/news/Speeches/2024/2024-11-07-th/,Norges Bank,2024-11-07,15:00,p,20,70,https___www_norges_bank_no_en_news_events_news_Speeches_2024_2024_11_07_th_,https___www_norges_bank_no_en_news_events_news_Speeches_2024_2024_11_07_th__p20,2024,11
Politikkforklaring / begrunnelse,Policy explanation / justification,Finansiell stabilitet og bank,Financial stability and banking,Speech,https://www.norges-bank.no/en/news-events/news/Speeches/2024/2024-11-07-th/,Norges Bank,2024-11-07,15:00,p,21,112,https___www_norges_bank_no_en_news_events_news_Speeches_2024_2024_11_07_th_,https___www_norges_bank_no_en_news_events_news_Speeches_2024_2024_11_07_th__p21,2024,11
Politikkforklaring / begrunnelse,Policy explanation / justification,Finansiell stabilitet og bank,Financial stability and banking,Speech,https://www.norges-bank.no/en/news-events/news/Speeches/2024/2024-11-07-th/,Norges Bank,2024-11-07,15:00,p,22,101,https___www_norges_bank_no_en_news_events_news_Speeches_2024_2024_11_07_th_,https___www_norges_bank_no_en_news_events_news_Speeches_2024_2024_11_07_th__p22,2024,11
Institusjonelt ansvar / mandat,Institutional accountability / mandate,Finansiell stabilitet og bank,Financial stability and banking,Speech,https://www.norges-bank.no/en/news-events/news/Speeches/2024/2024-11-07-th/,Norges Bank,2024-11-07,15:00,p,23,93,https___www_norges_bank_no_en_news_events_news_Speeches_2024_2024_11_07_th_,https___www_norges_bank_no_en_news_events_news_Speeches_2024_2024_11_07_th__p23,2024,11
Politikkforklaring / begrunnelse,Policy explanation / justification,Finansiell stabilitet og bank,Financial stability and banking,Speech,https://www.norges-bank.no/en/news-events/news/Speeches/2024/2024-11-07-th/,Norges Bank,2024-11-07,15:00,p,24,77,https___www_norges_bank_no_en_news_events_news_Speeches_2024_2024_11_07_th_,https___www_norges_bank_no_en_news_events_news_Speeches_2024_2024_11_07_th__p24,2024,11
Utsikter / fremoverskuende signal,Outlook / forward guidance,Finansiell stabilitet og bank,Financial stability and banking,Speech,https://www.norges-bank.no/en/news-events/news/Speeches/2024/2024-11-07-th/,Norges Bank,2024-11-07,15:00,p,25,77,https___www_norges_bank_no_en_news_events_news_Speeches_2024_2024_11_07_th_,https___www_norges_bank_no_en_news_events_news_Speeches_2024_2024_11_07_th__p25,2024,11
Politikkforklaring / begrunnelse,Policy explanation / justification,Finansiell stabilitet og bank,Financial stability and banking,Speech,https://www.norges-bank.no/en/news-events/news/Speeches/2024/2024-11-07-th/,Norges Bank,2024-11-07,15:00,p,26,78,https___www_norges_bank_no_en_news_events_news_Speeches_2024_2024_11_07_th_,https___www_norges_bank_no_en_news_events_news_Speeches_2024_2024_11_07_th__p26,2024,11
Risiko / usikkerhet,Risk / uncertainty,Finansiell stabilitet og bank,Financial stability and banking,Speech,https://www.norges-bank.no/en/news-events/news/Speeches/2024/2024-11-07-th/,Norges Bank,2024-11-07,15:00,p,27,68,https___www_norges_bank_no_en_news_events_news_Speeches_2024_2024_11_07_th_,https___www_norges_bank_no_en_news_events_news_Speeches_2024_2024_11_07_th__p27,2024,11
Institusjonelt ansvar / mandat,Institutional accountability / mandate,Finansiell stabilitet og bank,Financial stability and banking,Speech,https://www.norges-bank.no/en/news-events/news/Speeches/2024/2024-11-07-th/,Norges Bank,2024-11-07,15:00,p,28,37,https___www_norges_bank_no_en_news_events_news_Speeches_2024_2024_11_07_th_,https___www_norges_bank_no_en_news_events_news_Speeches_2024_2024_11_07_th__p28,2024,11
Politikkforklaring / begrunnelse,Policy explanation / justification,Finansiell stabilitet og bank,Financial stability and banking,Speech,https://www.norges-bank.no/en/news-events/news/Speeches/2024/2024-11-07-th/,Norges Bank,2024-11-07,15:00,p,29,69,https___www_norges_bank_no_en_news_events_news_Speeches_2024_2024_11_07_th_,https___www_norges_bank_no_en_news_events_news_Speeches_2024_2024_11_07_th__p29,2024,11
Politikkforklaring / begrunnelse,Policy explanation / justification,Annet / administrativt / ikke kodbar,Other / administrative / not codable,Speech,https://www.norges-bank.no/en/news-events/news/Speeches/2024/2024-11-07-th/,Norges Bank,2024-11-07,15:00,p,30,26,https___www_norges_bank_no_en_news_events_news_Speeches_2024_2024_11_07_th_,https___www_norges_bank_no_en_news_events_news_Speeches_2024_2024_11_07_th__p30,2024,11
Institusjonelt ansvar / mandat,Institutional accountability / mandate,Annet / administrativt / ikke kodbar,Other / administrative / not codable,Speech,https://www.norges-bank.no/en/news-events/news/Speeches/2024/2024-11-07-th/,Norges Bank,2024-11-07,15:00,p,31,32,https___www_norges_bank_no_en_news_events_news_Speeches_2024_2024_11_07_th_,https___www_norges_bank_no_en_news_events_news_Speeches_2024_2024_11_07_th__p31,2024,11
Utsikter / fremoverskuende signal,Outlook / forward guidance,Valutakurs og eksterne forhold,Exchange rate and external conditions,Speech,https://www.norges-bank.no/en/news-events/news/Speeches/2024/2024-11-07-th/,Norges Bank,2024-11-07,15:00,p,32,75,https___www_norges_bank_no_en_news_events_news_Speeches_2024_2024_11_07_th_,https___www_norges_bank_no_en_news_events_news_Speeches_2024_2024_11_07_th__p32,2024,11
Politikkforklaring / begrunnelse,Policy explanation / justification,Valutakurs og eksterne forhold,Exchange rate and external conditions,Speech,https://www.norges-bank.no/en/news-events/news/Speeches/2024/2024-11-07-th/,Norges Bank,2024-11-07,15:00,p,33,42,https___www_norges_bank_no_en_news_events_news_Speeches_2024_2024_11_07_th_,https___www_norges_bank_no_en_news_events_news_Speeches_2024_2024_11_07_th__p33,2024,11
Institusjonelt ansvar / mandat,Institutional accountability / mandate,Finansiell stabilitet og bank,Financial stability and banking,Speech,https://www.norges-bank.no/en/news-events/news/Speeches/2024/2024-11-07-th/,Norges Bank,2024-11-07,15:00,p,34,48,https___www_norges_bank_no_en_news_events_news_Speeches_2024_2024_11_07_th_,https___www_norges_bank_no_en_news_events_news_Speeches_2024_2024_11_07_th__p34,2024,11
Politikkforklaring / begrunnelse,Policy explanation / justification,Finansiell stabilitet og bank,Financial stability and banking,Speech,https://www.norges-bank.no/en/news-events/news/Speeches/2024/2024-11-07-th/,Norges Bank,2024-11-07,15:00,p,35,41,https___www_norges_bank_no_en_news_events_news_Speeches_2024_2024_11_07_th_,https___www_norges_bank_no_en_news_events_news_Speeches_2024_2024_11_07_th__p35,2024,11
Politikkforklaring / begrunnelse,Policy explanation / justification,Finansiell stabilitet og bank,Financial stability and banking,Speech,https://www.norges-bank.no/en/news-events/news/Speeches/2024/2024-11-07-th/,Norges Bank,2024-11-07,15:00,p,36,83,https___www_norges_bank_no_en_news_events_news_Speeches_2024_2024_11_07_th_,https___www_norges_bank_no_en_news_events_news_Speeches_2024_2024_11_07_th__p36,2024,11
Politikkforklaring / begrunnelse,Policy explanation / justification,Finansiell stabilitet og bank,Financial stability and banking,Speech,https://www.norges-bank.no/en/news-events/news/Speeches/2024/2024-11-07-th/,Norges Bank,2024-11-07,15:00,p,37,77,https___www_norges_bank_no_en_news_events_news_Speeches_2024_2024_11_07_th_,https___www_norges_bank_no_en_news_events_news_Speeches_2024_2024_11_07_th__p37,2024,11
Institusjonelt ansvar / mandat,Institutional accountability / mandate,Annet / administrativt / ikke kodbar,Other / administrative / not codable,Speech,https://www.norges-bank.no/en/news-events/news/Speeches/2024/2024-11-07-th/,Norges Bank,2024-11-07,15:00,p,38,63,https___www_norges_bank_no_en_news_events_news_Speeches_2024_2024_11_07_th_,https___www_norges_bank_no_en_news_events_news_Speeches_2024_2024_11_07_th__p38,2024,11
Politikkforklaring / begrunnelse,Policy explanation / justification,Finansiell stabilitet og bank,Financial stability and banking,Speech,https://www.norges-bank.no/en/news-events/news/Speeches/2024/2024-11-07-th/,Norges Bank,2024-11-07,15:00,p,39,40,https___www_norges_bank_no_en_news_events_news_Speeches_2024_2024_11_07_th_,https___www_norges_bank_no_en_news_events_news_Speeches_2024_2024_11_07_th__p39,2024,11
Institusjonelt ansvar / mandat,Institutional accountability / mandate,Finansiell stabilitet og bank,Financial stability and banking,Speech,https://www.norges-bank.no/en/news-events/news/Speeches/2024/2024-11-07-th/,Norges Bank,2024-11-07,15:00,p,40,39,https___www_norges_bank_no_en_news_events_news_Speeches_2024_2024_11_07_th_,https___www_norges_bank_no_en_news_events_news_Speeches_2024_2024_11_07_th__p40,2024,11
Utsikter / fremoverskuende signal,Outlook / forward guidance,Finansiell stabilitet og bank,Financial stability and banking,Speech,https://www.norges-bank.no/en/news-events/news/Speeches/2024/2024-11-07-th/,Norges Bank,2024-11-07,15:00,p,41,33,https___www_norges_bank_no_en_news_events_news_Speeches_2024_2024_11_07_th_,https___www_norges_bank_no_en_news_events_news_Speeches_2024_2024_11_07_th__p41,2024,11
Institusjonelt ansvar / mandat,Institutional accountability / mandate,Finansiell stabilitet og bank,Financial stability and banking,Speech,https://www.norges-bank.no/en/news-events/news/Speeches/2024/2024-11-07-th/,Norges Bank,2024-11-07,15:00,p,42,67,https___www_norges_bank_no_en_news_events_news_Speeches_2024_2024_11_07_th_,https___www_norges_bank_no_en_news_events_news_Speeches_2024_2024_11_07_th__p42,2024,11
Risiko / usikkerhet,Risk / uncertainty,Valutakurs og eksterne forhold,Exchange rate and external conditions,Speech,https://www.norges-bank.no/en/news-events/news/Speeches/2024/2024-11-07-th/,Norges Bank,2024-11-07,15:00,p,43,56,https___www_norges_bank_no_en_news_events_news_Speeches_2024_2024_11_07_th_,https___www_norges_bank_no_en_news_events_news_Speeches_2024_2024_11_07_th__p43,2024,11
Institusjonelt ansvar / mandat,Institutional accountability / mandate,Finansiell stabilitet og bank,Financial stability and banking,Speech,https://www.norges-bank.no/en/news-events/news/Speeches/2024/2024-11-07-th/,Norges Bank,2024-11-07,15:00,p,44,47,https___www_norges_bank_no_en_news_events_news_Speeches_2024_2024_11_07_th_,https___www_norges_bank_no_en_news_events_news_Speeches_2024_2024_11_07_th__p44,2024,11
Institusjonelt ansvar / mandat,Institutional accountability / mandate,Økonomisk aktivitet og arbeidsmarked,Economic activity and labor market,Speech,https://www.norges-bank.no/en/news-events/news/Speeches/2024/2024-11-07-th/,Norges Bank,2024-11-07,15:00,p,45,18,https___www_norges_bank_no_en_news_events_news_Speeches_2024_2024_11_07_th_,https___www_norges_bank_no_en_news_events_news_Speeches_2024_2024_11_07_th__p45,2024,11
Politikkforklaring / begrunnelse,Policy explanation / justification,Finansiell stabilitet og bank,Financial stability and banking,Speech,https://www.norges-bank.no/en/news-events/news/Speeches/2024/2024-11-07-th/,Norges Bank,2024-11-07,15:00,p,46,82,https___www_norges_bank_no_en_news_events_news_Speeches_2024_2024_11_07_th_,https___www_norges_bank_no_en_news_events_news_Speeches_2024_2024_11_07_th__p46,2024,11
Institusjonelt ansvar / mandat,Institutional accountability / mandate,Finansiell stabilitet og bank,Financial stability and banking,Speech,https://www.norges-bank.no/en/news-events/news/Speeches/2024/2024-11-07-th/,Norges Bank,2024-11-07,15:00,p,47,96,https___www_norges_bank_no_en_news_events_news_Speeches_2024_2024_11_07_th_,https___www_norges_bank_no_en_news_events_news_Speeches_2024_2024_11_07_th__p47,2024,11
Institusjonelt ansvar / mandat,Institutional accountability / mandate,Finansiell stabilitet og bank,Financial stability and banking,Speech,https://www.norges-bank.no/en/news-events/news/Speeches/2024/2024-11-07-th/,Norges Bank,2024-11-07,15:00,p,48,95,https___www_norges_bank_no_en_news_events_news_Speeches_2024_2024_11_07_th_,https___www_norges_bank_no_en_news_events_news_Speeches_2024_2024_11_07_th__p48,2024,11
Utsikter / fremoverskuende signal,Outlook / forward guidance,Finansiell stabilitet og bank,Financial stability and banking,Speech,https://www.norges-bank.no/en/news-events/news/Speeches/2024/2024-11-07-th/,Norges Bank,2024-11-07,15:00,p,49,84,https___www_norges_bank_no_en_news_events_news_Speeches_2024_2024_11_07_th_,https___www_norges_bank_no_en_news_events_news_Speeches_2024_2024_11_07_th__p49,2024,11
Institusjonelt ansvar / mandat,Institutional accountability / mandate,Finansiell stabilitet og bank,Financial stability and banking,Speech,https://www.norges-bank.no/en/news-events/news/Speeches/2024/2024-11-07-th/,Norges Bank,2024-11-07,15:00,p,50,43,https___www_norges_bank_no_en_news_events_news_Speeches_2024_2024_11_07_th_,https___www_norges_bank_no_en_news_events_news_Speeches_2024_2024_11_07_th__p50,2024,11
Politikkforklaring / begrunnelse,Policy explanation / justification,Finansiell stabilitet og bank,Financial stability and banking,Speech,https://www.norges-bank.no/en/news-events/news/Speeches/2024/2024-11-07-th/,Norges Bank,2024-11-07,15:00,p,51,76,https___www_norges_bank_no_en_news_events_news_Speeches_2024_2024_11_07_th_,https___www_norges_bank_no_en_news_events_news_Speeches_2024_2024_11_07_th__p51,2024,11
Institusjonelt ansvar / mandat,Institutional accountability / mandate,Finansiell stabilitet og bank,Financial stability and banking,Speech,https://www.norges-bank.no/en/news-events/news/Speeches/2024/2024-11-07-th/,Norges Bank,2024-11-07,15:00,p,52,56,https___www_norges_bank_no_en_news_events_news_Speeches_2024_2024_11_07_th_,https___www_norges_bank_no_en_news_events_news_Speeches_2024_2024_11_07_th__p52,2024,11
Institusjonelt ansvar / mandat,Institutional accountability / mandate,Annet / administrativt / ikke kodbar,Other / administrative / not codable,Speech,https://www.norges-bank.no/en/news-events/news/Speeches/2024/2024-11-07-th/,Norges Bank,2024-11-07,15:00,p,53,118,https___www_norges_bank_no_en_news_events_news_Speeches_2024_2024_11_07_th_,https___www_norges_bank_no_en_news_events_news_Speeches_2024_2024_11_07_th__p53,2024,11
Institusjonelt ansvar / mandat,Institutional accountability / mandate,Finansiell stabilitet og bank,Financial stability and banking,Speech,https://www.norges-bank.no/en/news-events/news/Speeches/2024/2024-11-07-th/,Norges Bank,2024-11-07,15:00,p,54,44,https___www_norges_bank_no_en_news_events_news_Speeches_2024_2024_11_07_th_,https___www_norges_bank_no_en_news_events_news_Speeches_2024_2024_11_07_th__p54,2024,11
Institusjonelt ansvar / mandat,Institutional accountability / mandate,Økonomisk aktivitet og arbeidsmarked,Economic activity and labor market,Speech,https://www.norges-bank.no/en/news-events/news/Speeches/2024/2024-11-07-th/,Norges Bank,2024-11-07,15:00,p,55,57,https___www_norges_bank_no_en_news_events_news_Speeches_2024_2024_11_07_th_,https___www_norges_bank_no_en_news_events_news_Speeches_2024_2024_11_07_th__p55,2024,11
Institusjonelt ansvar / mandat,Institutional accountability / mandate,Finansiell stabilitet og bank,Financial stability and banking,Speech,https://www.norges-bank.no/en/news-events/news/Speeches/2024/2024-11-07-th/,Norges Bank,2024-11-07,15:00,p,56,48,https___www_norges_bank_no_en_news_events_news_Speeches_2024_2024_11_07_th_,https___www_norges_bank_no_en_news_events_news_Speeches_2024_2024_11_07_th__p56,2024,11
Institusjonelt ansvar / mandat,Institutional accountability / mandate,Finansiell stabilitet og bank,Financial stability and banking,Speech,https://www.norges-bank.no/en/news-events/news/Speeches/2024/2024-11-07-th/,Norges Bank,2024-11-07,15:00,p,57,63,https___www_norges_bank_no_en_news_events_news_Speeches_2024_2024_11_07_th_,https___www_norges_bank_no_en_news_events_news_Speeches_2024_2024_11_07_th__p57,2024,11
Institusjonelt ansvar / mandat,Institutional accountability / mandate,Finansiell stabilitet og bank,Financial stability and banking,Speech,https://www.norges-bank.no/en/news-events/news/Speeches/2024/2024-11-07-th/,Norges Bank,2024-11-07,15:00,p,58,61,https___www_norges_bank_no_en_news_events_news_Speeches_2024_2024_11_07_th_,https___www_norges_bank_no_en_news_events_news_Speeches_2024_2024_11_07_th__p58,2024,11
Politikkforklaring / begrunnelse,Policy explanation / justification,Finansiell stabilitet og bank,Financial stability and banking,Speech,https://www.norges-bank.no/en/news-events/news/Speeches/2024/2024-11-07-th/,Norges Bank,2024-11-07,15:00,p,59,72,https___www_norges_bank_no_en_news_events_news_Speeches_2024_2024_11_07_th_,https___www_norges_bank_no_en_news_events_news_Speeches_2024_2024_11_07_th__p59,2024,11
Risiko / usikkerhet,Risk / uncertainty,Finansiell stabilitet og bank,Financial stability and banking,Speech,https://www.norges-bank.no/en/news-events/news/Speeches/2024/2024-11-07-th/,Norges Bank,2024-11-07,15:00,p,60,35,https___www_norges_bank_no_en_news_events_news_Speeches_2024_2024_11_07_th_,https___www_norges_bank_no_en_news_events_news_Speeches_2024_2024_11_07_th__p60,2024,11
Institusjonelt ansvar / mandat,Institutional accountability / mandate,Annet / administrativt / ikke kodbar,Other / administrative / not codable,Speech,https://www.norges-bank.no/en/news-events/news/Speeches/2024/2024-11-07-th/,Norges Bank,2024-11-07,15:00,p,61,44,https___www_norges_bank_no_en_news_events_news_Speeches_2024_2024_11_07_th_,https___www_norges_bank_no_en_news_events_news_Speeches_2024_2024_11_07_th__p61,2024,11
Institusjonelt ansvar / mandat,Institutional accountability / mandate,Annet / administrativt / ikke kodbar,Other / administrative / not codable,Speech,https://www.norges-bank.no/en/news-events/news/Speeches/2024/2024-11-07-th/,Norges Bank,2024-11-07,15:00,p,62,26,https___www_norges_bank_no_en_news_events_news_Speeches_2024_2024_11_07_th_,https___www_norges_bank_no_en_news_events_news_Speeches_2024_2024_11_07_th__p62,2024,11
Institusjonelt ansvar / mandat,Institutional accountability / mandate,Rente og pengepolitisk linje,Interest rates and monetary stance,Speech,https://www.norges-bank.no/en/news-events/news/Speeches/2024/2024-11-07-th/,Norges Bank,2024-11-07,15:00,p,63,78,https___www_norges_bank_no_en_news_events_news_Speeches_2024_2024_11_07_th_,https___www_norges_bank_no_en_news_events_news_Speeches_2024_2024_11_07_th__p63,2024,11
Institusjonelt ansvar / mandat,Institutional accountability / mandate,Finansiell stabilitet og bank,Financial stability and banking,Speech,https://www.norges-bank.no/en/news-events/news/Speeches/2024/2024-11-07-th/,Norges Bank,2024-11-07,15:00,p,64,73,https___www_norges_bank_no_en_news_events_news_Speeches_2024_2024_11_07_th_,https___www_norges_bank_no_en_news_events_news_Speeches_2024_2024_11_07_th__p64,2024,11
Politikkforklaring / begrunnelse,Policy explanation / justification,Finansiell stabilitet og bank,Financial stability and banking,Speech,https://www.norges-bank.no/en/news-events/news/Speeches/2024/2024-11-07-th/,Norges Bank,2024-11-07,15:00,p,65,159,https___www_norges_bank_no_en_news_events_news_Speeches_2024_2024_11_07_th_,https___www_norges_bank_no_en_news_events_news_Speeches_2024_2024_11_07_th__p65,2024,11
Institusjonelt ansvar / mandat,Institutional accountability / mandate,Finansiell stabilitet og bank,Financial stability and banking,Speech,https://www.norges-bank.no/en/news-events/news/Speeches/2024/2024-11-07-th/,Norges Bank,2024-11-07,15:00,p,66,75,https___www_norges_bank_no_en_news_events_news_Speeches_2024_2024_11_07_th_,https___www_norges_bank_no_en_news_events_news_Speeches_2024_2024_11_07_th__p66,2024,11
Institusjonelt ansvar / mandat,Institutional accountability / mandate,Annet / administrativt / ikke kodbar,Other / administrative / not codable,Speech,https://www.norges-bank.no/en/news-events/news/Speeches/2024/2024-11-07-th/,Norges Bank,2024-11-07,15:00,p,67,46,https___www_norges_bank_no_en_news_events_news_Speeches_2024_2024_11_07_th_,https___www_norges_bank_no_en_news_events_news_Speeches_2024_2024_11_07_th__p67,2024,11
Utsikter / fremoverskuende signal,Outlook / forward guidance,Finansiell stabilitet og bank,Financial stability and banking,Speech,https://www.norges-bank.no/en/news-events/news/Speeches/2024/2024-11-07-th/,Norges Bank,2024-11-07,15:00,p,68,89,https___www_norges_bank_no_en_news_events_news_Speeches_2024_2024_11_07_th_,https___www_norges_bank_no_en_news_events_news_Speeches_2024_2024_11_07_th__p68,2024,11
Politikkforklaring / begrunnelse,Policy explanation / justification,Rente og pengepolitisk linje,Interest rates and monetary stance,Speech,https://www.norges-bank.no/en/news-events/news/Speeches/2024/2024-10-24-peterson-institute/,Norges Bank,2024-10-24,19:15,li,5,5,https___www_norges_bank_no_en_news_events_news_Speeches_2024_2024_10_24_peterson_institute_,https___www_norges_bank_no_en_news_events_news_Speeches_2024_2024_10_24_peterson_institute__p5,2024,10
Institusjonelt ansvar / mandat,Institutional accountability / mandate,Annet / administrativt / ikke kodbar,Other / administrative / not codable,Speech,https://www.norges-bank.no/en/news-events/news/Speeches/2024/2024-10-24-peterson-institute/,Norges Bank,2024-10-24,19:15,p,6,30,https___www_norges_bank_no_en_news_events_news_Speeches_2024_2024_10_24_peterson_institute_,https___www_norges_bank_no_en_news_events_news_Speeches_2024_2024_10_24_peterson_institute__p6,2024,10
Utsikter / fremoverskuende signal,Outlook / forward guidance,Valutakurs og eksterne forhold,Exchange rate and external conditions,Speech,https://www.norges-bank.no/en/news-events/news/Speeches/2024/2024-10-24-peterson-institute/,Norges Bank,2024-10-24,19:15,p,7,7,https___www_norges_bank_no_en_news_events_news_Speeches_2024_2024_10_24_peterson_institute_,https___www_norges_bank_no_en_news_events_news_Speeches_2024_2024_10_24_peterson_institute__p7,2024,10
Utsikter / fremoverskuende signal,Outlook / forward guidance,Rente og pengepolitisk linje,Interest rates and monetary stance,Speech,https://www.norges-bank.no/en/news-events/news/Speeches/2024/2024-10-24-peterson-institute/,Norges Bank,2024-10-24,19:15,p,8,39,https___www_norges_bank_no_en_news_events_news_Speeches_2024_2024_10_24_peterson_institute_,https___www_norges_bank_no_en_news_events_news_Speeches_2024_2024_10_24_peterson_institute__p8,2024,10
Økonomisk situasjonsbeskrivelse / diagnose,Economic assessment / diagnosis,Inflasjon og priser,Inflation and prices,Speech,https://www.norges-bank.no/en/news-events/news/Speeches/2024/2024-10-24-peterson-institute/,Norges Bank,2024-10-24,19:15,p,9,117,https___www_norges_bank_no_en_news_events_news_Speeches_2024_2024_10_24_peterson_institute_,https___www_norges_bank_no_en_news_events_news_Speeches_2024_2024_10_24_peterson_institute__p9,2024,10
Utsikter / fremoverskuende signal,Outlook / forward guidance,Rente og pengepolitisk linje,Interest rates and monetary stance,Speech,https://www.norges-bank.no/en/news-events/news/Speeches/2024/2024-10-24-peterson-institute/,Norges Bank,2024-10-24,19:15,p,10,12,https___www_norges_bank_no_en_news_events_news_Speeches_2024_2024_10_24_peterson_institute_,https___www_norges_bank_no_en_news_events_news_Speeches_2024_2024_10_24_peterson_institute__p10,2024,10
Utsikter / fremoverskuende signal,Outlook / forward guidance,Rente og pengepolitisk linje,Interest rates and monetary stance,Speech,https://www.norges-bank.no/en/news-events/news/Speeches/2024/2024-10-24-peterson-institute/,Norges Bank,2024-10-24,19:15,p,11,58,https___www_norges_bank_no_en_news_events_news_Speeches_2024_2024_10_24_peterson_institute_,https___www_norges_bank_no_en_news_events_news_Speeches_2024_2024_10_24_peterson_institute__p11,2024,10
Politikkforklaring / begrunnelse,Policy explanation / justification,Rente og pengepolitisk linje,Interest rates and monetary stance,Speech,https://www.norges-bank.no/en/news-events/news/Speeches/2024/2024-10-24-peterson-institute/,Norges Bank,2024-10-24,19:15,p,12,63,https___www_norges_bank_no_en_news_events_news_Speeches_2024_2024_10_24_peterson_institute_,https___www_norges_bank_no_en_news_events_news_Speeches_2024_2024_10_24_peterson_institute__p12,2024,10
Politikkforklaring / begrunnelse,Policy explanation / justification,Rente og pengepolitisk linje,Interest rates and monetary stance,Speech,https://www.norges-bank.no/en/news-events/news/Speeches/2024/2024-10-24-peterson-institute/,Norges Bank,2024-10-24,19:15,p,13,62,https___www_norges_bank_no_en_news_events_news_Speeches_2024_2024_10_24_peterson_institute_,https___www_norges_bank_no_en_news_events_news_Speeches_2024_2024_10_24_peterson_institute__p13,2024,10
Politikkforklaring / begrunnelse,Policy explanation / justification,Økonomisk aktivitet og arbeidsmarked,Economic activity and labor market,Speech,https://www.norges-bank.no/en/news-events/news/Speeches/2024/2024-10-24-peterson-institute/,Norges Bank,2024-10-24,19:15,p,14,11,https___www_norges_bank_no_en_news_events_news_Speeches_2024_2024_10_24_peterson_institute_,https___www_norges_bank_no_en_news_events_news_Speeches_2024_2024_10_24_peterson_institute__p14,2024,10
Utsikter / fremoverskuende signal,Outlook / forward guidance,Rente og pengepolitisk linje,Interest rates and monetary stance,Speech,https://www.norges-bank.no/en/news-events/news/Speeches/2024/2024-10-24-peterson-institute/,Norges Bank,2024-10-24,19:15,p,15,39,https___www_norges_bank_no_en_news_events_news_Speeches_2024_2024_10_24_peterson_institute_,https___www_norges_bank_no_en_news_events_news_Speeches_2024_2024_10_24_peterson_institute__p15,2024,10
Politikkforklaring / begrunnelse,Policy explanation / justification,Finansiell stabilitet og bank,Financial stability and banking,Speech,https://www.norges-bank.no/en/news-events/news/Speeches/2024/2024-10-24-peterson-institute/,Norges Bank,2024-10-24,19:15,p,16,87,https___www_norges_bank_no_en_news_events_news_Speeches_2024_2024_10_24_peterson_institute_,https___www_norges_bank_no_en_news_events_news_Speeches_2024_2024_10_24_peterson_institute__p16,2024,10
Politikkforklaring / begrunnelse,Policy explanation / justification,Rente og pengepolitisk linje,Interest rates and monetary stance,Speech,https://www.norges-bank.no/en/news-events/news/Speeches/2024/2024-10-24-peterson-institute/,Norges Bank,2024-10-24,19:15,p,17,89,https___www_norges_bank_no_en_news_events_news_Speeches_2024_2024_10_24_peterson_institute_,https___www_norges_bank_no_en_news_events_news_Speeches_2024_2024_10_24_peterson_institute__p17,2024,10
Utsikter / fremoverskuende signal,Outlook / forward guidance,Rente og pengepolitisk linje,Interest rates and monetary stance,Speech,https://www.norges-bank.no/en/news-events/news/Speeches/2024/2024-10-24-peterson-institute/,Norges Bank,2024-10-24,19:15,p,18,11,https___www_norges_bank_no_en_news_events_news_Speeches_2024_2024_10_24_peterson_institute_,https___www_norges_bank_no_en_news_events_news_Speeches_2024_2024_10_24_peterson_institute__p18,2024,10
Økonomisk situasjonsbeskrivelse / diagnose,Economic assessment / diagnosis,Rente og pengepolitisk linje,Interest rates and monetary stance,Speech,https://www.norges-bank.no/en/news-events/news/Speeches/2024/2024-10-24-peterson-institute/,Norges Bank,2024-10-24,19:15,p,19,163,https___www_norges_bank_no_en_news_events_news_Speeches_2024_2024_10_24_peterson_institute_,https___www_norges_bank_no_en_news_events_news_Speeches_2024_2024_10_24_peterson_institute__p19,2024,10
Økonomisk situasjonsbeskrivelse / diagnose,Economic assessment / diagnosis,Finansiell stabilitet og bank,Financial stability and banking,Speech,https://www.norges-bank.no/en/news-events/news/Speeches/2024/2024-10-24-peterson-institute/,Norges Bank,2024-10-24,19:15,p,20,9,https___www_norges_bank_no_en_news_events_news_Speeches_2024_2024_10_24_peterson_institute_,https___www_norges_bank_no_en_news_events_news_Speeches_2024_2024_10_24_peterson_institute__p20,2024,10
Økonomisk situasjonsbeskrivelse / diagnose,Economic assessment / diagnosis,Økonomisk aktivitet og arbeidsmarked,Economic activity and labor market,Speech,https://www.norges-bank.no/en/news-events/news/Speeches/2024/2024-10-24-peterson-institute/,Norges Bank,2024-10-24,19:15,p,21,110,https___www_norges_bank_no_en_news_events_news_Speeches_2024_2024_10_24_peterson_institute_,https___www_norges_bank_no_en_news_events_news_Speeches_2024_2024_10_24_peterson_institute__p21,2024,10
Politikkforklaring / begrunnelse,Policy explanation / justification,Rente og pengepolitisk linje,Interest rates and monetary stance,Speech,https://www.norges-bank.no/en/news-events/news/Speeches/2024/2024-10-24-peterson-institute/,Norges Bank,2024-10-24,19:15,p,22,209,https___www_norges_bank_no_en_news_events_news_Speeches_2024_2024_10_24_peterson_institute_,https___www_norges_bank_no_en_news_events_news_Speeches_2024_2024_10_24_peterson_institute__p22,2024,10
Utsikter / fremoverskuende signal,Outlook / forward guidance,Valutakurs og eksterne forhold,Exchange rate and external conditions,Speech,https://www.norges-bank.no/en/news-events/news/Speeches/2024/2024-10-24-peterson-institute/,Norges Bank,2024-10-24,19:15,p,23,6,https___www_norges_bank_no_en_news_events_news_Speeches_2024_2024_10_24_peterson_institute_,https___www_norges_bank_no_en_news_events_news_Speeches_2024_2024_10_24_peterson_institute__p23,2024,10
Utsikter / fremoverskuende signal,Outlook / forward guidance,Valutakurs og eksterne forhold,Exchange rate and external conditions,Speech,https://www.norges-bank.no/en/news-events/news/Speeches/2024/2024-10-24-peterson-institute/,Norges Bank,2024-10-24,19:15,p,24,50,https___www_norges_bank_no_en_news_events_news_Speeches_2024_2024_10_24_peterson_institute_,https___www_norges_bank_no_en_news_events_news_Speeches_2024_2024_10_24_peterson_institute__p24,2024,10
Økonomisk situasjonsbeskrivelse / diagnose,Economic assessment / diagnosis,Valutakurs og eksterne forhold,Exchange rate and external conditions,Speech,https://www.norges-bank.no/en/news-events/news/Speeches/2024/2024-10-24-peterson-institute/,Norges Bank,2024-10-24,19:15,p,25,48,https___www_norges_bank_no_en_news_events_news_Speeches_2024_2024_10_24_peterson_institute_,https___www_norges_bank_no_en_news_events_news_Speeches_2024_2024_10_24_peterson_institute__p25,2024,10
Økonomisk situasjonsbeskrivelse / diagnose,Economic assessment / diagnosis,Valutakurs og eksterne forhold,Exchange rate and external conditions,Speech,https://www.norges-bank.no/en/news-events/news/Speeches/2024/2024-10-24-peterson-institute/,Norges Bank,2024-10-24,19:15,p,26,63,https___www_norges_bank_no_en_news_events_news_Speeches_2024_2024_10_24_peterson_institute_,https___www_norges_bank_no_en_news_events_news_Speeches_2024_2024_10_24_peterson_institute__p26,2024,10
Risiko / usikkerhet,Risk / uncertainty,Valutakurs og eksterne forhold,Exchange rate and external conditions,Speech,https://www.norges-bank.no/en/news-events/news/Speeches/2024/2024-10-24-peterson-institute/,Norges Bank,2024-10-24,19:15,p,27,65,https___www_norges_bank_no_en_news_events_news_Speeches_2024_2024_10_24_peterson_institute_,https___www_norges_bank_no_en_news_events_news_Speeches_2024_2024_10_24_peterson_institute__p27,2024,10
Utsikter / fremoverskuende signal,Outlook / forward guidance,Rente og pengepolitisk linje,Interest rates and monetary stance,Speech,https://www.norges-bank.no/en/news-events/news/Speeches/2024/2024-10-24-peterson-institute/,Norges Bank,2024-10-24,19:15,p,28,11,https___www_norges_bank_no_en_news_events_news_Speeches_2024_2024_10_24_peterson_institute_,https___www_norges_bank_no_en_news_events_news_Speeches_2024_2024_10_24_peterson_institute__p28,2024,10
Politikkforklaring / begrunnelse,Policy explanation / justification,Valutakurs og eksterne forhold,Exchange rate and external conditions,Speech,https://www.norges-bank.no/en/news-events/news/Speeches/2024/2024-10-24-peterson-institute/,Norges Bank,2024-10-24,19:15,p,29,82,https___www_norges_bank_no_en_news_events_news_Speeches_2024_2024_10_24_peterson_institute_,https___www_norges_bank_no_en_news_events_news_Speeches_2024_2024_10_24_peterson_institute__p29,2024,10
Utsikter / fremoverskuende signal,Outlook / forward guidance,Inflasjon og priser,Inflation and prices,Speech,https://www.norges-bank.no/en/news-events/news/Speeches/2024/2024-10-24-peterson-institute/,Norges Bank,2024-10-24,19:15,p,30,8,https___www_norges_bank_no_en_news_events_news_Speeches_2024_2024_10_24_peterson_institute_,https___www_norges_bank_no_en_news_events_news_Speeches_2024_2024_10_24_peterson_institute__p30,2024,10
Politikkforklaring / begrunnelse,Policy explanation / justification,Inflasjon og priser,Inflation and prices,Speech,https://www.norges-bank.no/en/news-events/news/Speeches/2024/2024-10-24-peterson-institute/,Norges Bank,2024-10-24,19:15,p,31,156,https___www_norges_bank_no_en_news_events_news_Speeches_2024_2024_10_24_peterson_institute_,https___www_norges_bank_no_en_news_events_news_Speeches_2024_2024_10_24_peterson_institute__p31,2024,10
Politikkforklaring / begrunnelse,Policy explanation / justification,Valutakurs og eksterne forhold,Exchange rate and external conditions,Speech,https://www.norges-bank.no/en/news-events/news/Speeches/2024/2024-10-24-peterson-institute/,Norges Bank,2024-10-24,19:15,p,32,70,https___www_norges_bank_no_en_news_events_news_Speeches_2024_2024_10_24_peterson_institute_,https___www_norges_bank_no_en_news_events_news_Speeches_2024_2024_10_24_peterson_institute__p32,2024,10
Utsikter / fremoverskuende signal,Outlook / forward guidance,Økonomisk aktivitet og arbeidsmarked,Economic activity and labor market,Speech,https://www.norges-bank.no/en/news-events/news/Speeches/2024/2024-10-24-peterson-institute/,Norges Bank,2024-10-24,19:15,p,33,8,https___www_norges_bank_no_en_news_events_news_Speeches_2024_2024_10_24_peterson_institute_,https___www_norges_bank_no_en_news_events_news_Speeches_2024_2024_10_24_peterson_institute__p33,2024,10
Utsikter / fremoverskuende signal,Outlook / forward guidance,Rente og pengepolitisk linje,Interest rates and monetary stance,Speech,https://www.norges-bank.no/en/news-events/news/Speeches/2024/2024-10-24-peterson-institute/,Norges Bank,2024-10-24,19:15,p,34,76,https___www_norges_bank_no_en_news_events_news_Speeches_2024_2024_10_24_peterson_institute_,https___www_norges_bank_no_en_news_events_news_Speeches_2024_2024_10_24_peterson_institute__p34,2024,10
Utsikter / fremoverskuende signal,Outlook / forward guidance,Økonomisk aktivitet og arbeidsmarked,Economic activity and labor market,Speech,https://www.norges-bank.no/en/news-events/news/Speeches/2024/2024-10-24-peterson-institute/,Norges Bank,2024-10-24,19:15,p,35,65,https___www_norges_bank_no_en_news_events_news_Speeches_2024_2024_10_24_peterson_institute_,https___www_norges_bank_no_en_news_events_news_Speeches_2024_2024_10_24_peterson_institute__p35,2024,10
Politikkforklaring / begrunnelse,Policy explanation / justification,Økonomisk aktivitet og arbeidsmarked,Economic activity and labor market,Speech,https://www.norges-bank.no/en/news-events/news/Speeches/2024/2024-10-24-peterson-institute/,Norges Bank,2024-10-24,19:15,p,36,61,https___www_norges_bank_no_en_news_events_news_Speeches_2024_2024_10_24_peterson_institute_,https___www_norges_bank_no_en_news_events_news_Speeches_2024_2024_10_24_peterson_institute__p36,2024,10
Annet / administrativt / ikke kodbar,Other / administrative / not codable,Finansiell stabilitet og bank,Financial stability and banking,Speech,https://www.norges-bank.no/en/news-events/news/Speeches/2024/2024-10-24-peterson-institute/,Norges Bank,2024-10-24,19:15,p,38,23,https___www_norges_bank_no_en_news_events_news_Speeches_2024_2024_10_24_peterson_institute_,https___www_norges_bank_no_en_news_events_news_Speeches_2024_2024_10_24_peterson_institute__p38,2024,10
Institusjonelt ansvar / mandat,Institutional accountability / mandate,Valutakurs og eksterne forhold,Exchange rate and external conditions,Speech,https://www.norges-bank.no/en/news-events/news/Speeches/2024/2024-10-24-peterson-institute/,Norges Bank,2024-10-24,19:15,p,39,34,https___www_norges_bank_no_en_news_events_news_Speeches_2024_2024_10_24_peterson_institute_,https___www_norges_bank_no_en_news_events_news_Speeches_2024_2024_10_24_peterson_institute__p39,2024,10
Institusjonelt ansvar / mandat,Institutional accountability / mandate,Valutakurs og eksterne forhold,Exchange rate and external conditions,Speech,https://www.norges-bank.no/en/news-events/news/Speeches/2024/2024-10-24-peterson-institute/,Norges Bank,2024-10-24,19:15,p,40,27,https___www_norges_bank_no_en_news_events_news_Speeches_2024_2024_10_24_peterson_institute_,https___www_norges_bank_no_en_news_events_news_Speeches_2024_2024_10_24_peterson_institute__p40,2024,10
Økonomisk situasjonsbeskrivelse / diagnose,Economic assessment / diagnosis,Annet / administrativt / ikke kodbar,Other / administrative / not codable,Speech,https://www.norges-bank.no/en/news-events/news/Speeches/2024/2024-10-24-peterson-institute/,Norges Bank,2024-10-24,19:15,p,41,19,https___www_norges_bank_no_en_news_events_news_Speeches_2024_2024_10_24_peterson_institute_,https___www_norges_bank_no_en_news_events_news_Speeches_2024_2024_10_24_peterson_institute__p41,2024,10
Økonomisk situasjonsbeskrivelse / diagnose,Economic assessment / diagnosis,Valutakurs og eksterne forhold,Exchange rate and external conditions,Speech,https://www.norges-bank.no/en/news-events/news/Speeches/2024/2024-10-24-peterson-institute/,Norges Bank,2024-10-24,19:15,p,42,22,https___www_norges_bank_no_en_news_events_news_Speeches_2024_2024_10_24_peterson_institute_,https___www_norges_bank_no_en_news_events_news_Speeches_2024_2024_10_24_peterson_institute__p42,2024,10
Økonomisk situasjonsbeskrivelse / diagnose,Economic assessment / diagnosis,Annet / administrativt / ikke kodbar,Other / administrative / not codable,Speech,https://www.norges-bank.no/en/news-events/news/Speeches/2024/2024-10-24-peterson-institute/,Norges Bank,2024-10-24,19:15,p,43,24,https___www_norges_bank_no_en_news_events_news_Speeches_2024_2024_10_24_peterson_institute_,https___www_norges_bank_no_en_news_events_news_Speeches_2024_2024_10_24_peterson_institute__p43,2024,10
Økonomisk situasjonsbeskrivelse / diagnose,Economic assessment / diagnosis,Annet / administrativt / ikke kodbar,Other / administrative / not codable,Speech,https://www.norges-bank.no/en/news-events/news/Speeches/2024/2024-10-24-peterson-institute/,Norges Bank,2024-10-24,19:15,p,44,29,https___www_norges_bank_no_en_news_events_news_Speeches_2024_2024_10_24_peterson_institute_,https___www_norges_bank_no_en_news_events_news_Speeches_2024_2024_10_24_peterson_institute__p44,2024,10
Økonomisk situasjonsbeskrivelse / diagnose,Economic assessment / diagnosis,Annet / administrativt / ikke kodbar,Other / administrative / not codable,Speech,https://www.norges-bank.no/en/news-events/news/Speeches/2024/2024-10-24-peterson-institute/,Norges Bank,2024-10-24,19:15,p,45,26,https___www_norges_bank_no_en_news_events_news_Speeches_2024_2024_10_24_peterson_institute_,https___www_norges_bank_no_en_news_events_news_Speeches_2024_2024_10_24_peterson_institute__p45,2024,10
Annet / administrativt / ikke kodbar,Other / administrative / not codable,Annet / administrativt / ikke kodbar,Other / administrative / not codable,Speech,https://www.norges-bank.no/en/news-events/news/Speeches/2024/2024-10-24-peterson-institute/,Norges Bank,2024-10-24,19:15,p,46,19,https___www_norges_bank_no_en_news_events_news_Speeches_2024_2024_10_24_peterson_institute_,https___www_norges_bank_no_en_news_events_news_Speeches_2024_2024_10_24_peterson_institute__p46,2024,10
Annet / administrativt / ikke kodbar,Other / administrative / not codable,Valutakurs og eksterne forhold,Exchange rate and external conditions,Speech,https://www.norges-bank.no/en/news-events/news/Speeches/2024/2024-10-24-peterson-institute/,Norges Bank,2024-10-24,19:15,p,47,21,https___www_norges_bank_no_en_news_events_news_Speeches_2024_2024_10_24_peterson_institute_,https___www_norges_bank_no_en_news_events_news_Speeches_2024_2024_10_24_peterson_institute__p47,2024,10
Utsikter / fremoverskuende signal,Outlook / forward guidance,Økonomisk aktivitet og arbeidsmarked,Economic activity and labor market,Speech,https://www.norges-bank.no/en/news-events/news/Speeches/2024/2024-10-24-peterson-institute/,Norges Bank,2024-10-24,19:15,p,48,17,https___www_norges_bank_no_en_news_events_news_Speeches_2024_2024_10_24_peterson_institute_,https___www_norges_bank_no_en_news_events_news_Speeches_2024_2024_10_24_peterson_institute__p48,2024,10
Annet / administrativt / ikke kodbar,Other / administrative / not codable,Valutakurs og eksterne forhold,Exchange rate and external conditions,Speech,https://www.norges-bank.no/en/news-events/news/Speeches/2024/2024-10-24-peterson-institute/,Norges Bank,2024-10-24,19:15,p,49,16,https___www_norges_bank_no_en_news_events_news_Speeches_2024_2024_10_24_peterson_institute_,https___www_norges_bank_no_en_news_events_news_Speeches_2024_2024_10_24_peterson_institute__p49,2024,10
Økonomisk situasjonsbeskrivelse / diagnose,Economic assessment / diagnosis,Inflasjon og priser,Inflation and prices,Speech,https://www.norges-bank.no/en/news-events/news/Speeches/2024/2024-10-24-peterson-institute/,Norges Bank,2024-10-24,19:15,p,50,19,https___www_norges_bank_no_en_news_events_news_Speeches_2024_2024_10_24_peterson_institute_,https___www_norges_bank_no_en_news_events_news_Speeches_2024_2024_10_24_peterson_institute__p50,2024,10
Institusjonelt ansvar / mandat,Institutional accountability / mandate,Annet / administrativt / ikke kodbar,Other / administrative / not codable,Speech,https://www.norges-bank.no/en/news-events/news/Speeches/2024/2024-10-24-peterson-institute/,Norges Bank,2024-10-24,19:15,li,71,4,https___www_norges_bank_no_en_news_events_news_Speeches_2024_2024_10_24_peterson_institute_,https___www_norges_bank_no_en_news_events_news_Speeches_2024_2024_10_24_peterson_institute__p71,2024,10
Institusjonelt ansvar / mandat,Institutional accountability / mandate,Finansiell stabilitet og bank,Financial stability and banking,Speech,https://www.norges-bank.no/en/news-events/news/Speeches/2024/2024-10-17-cme/,Norges Bank,2024-10-17,15:00,li,5,4,https___www_norges_bank_no_en_news_events_news_Speeches_2024_2024_10_17_cme_,https___www_norges_bank_no_en_news_events_news_Speeches_2024_2024_10_17_cme__p5,2024,10
Institusjonelt ansvar / mandat,Institutional accountability / mandate,Annet / administrativt / ikke kodbar,Other / administrative / not codable,Speech,https://www.norges-bank.no/en/news-events/news/Speeches/2024/2024-10-17-cme/,Norges Bank,2024-10-17,15:00,p,6,21,https___www_norges_bank_no_en_news_events_news_Speeches_2024_2024_10_17_cme_,https___www_norges_bank_no_en_news_events_news_Speeches_2024_2024_10_17_cme__p6,2024,10
Utsikter / fremoverskuende signal,Outlook / forward guidance,Økonomisk aktivitet og arbeidsmarked,Economic activity and labor market,Speech,https://www.norges-bank.no/en/news-events/news/Speeches/2024/2024-10-17-cme/,Norges Bank,2024-10-17,15:00,p,8,13,https___www_norges_bank_no_en_news_events_news_Speeches_2024_2024_10_17_cme_,https___www_norges_bank_no_en_news_events_news_Speeches_2024_2024_10_17_cme__p8,2024,10
Institusjonelt ansvar / mandat,Institutional accountability / mandate,Annet / administrativt / ikke kodbar,Other / administrative / not codable,Speech,https://www.norges-bank.no/en/news-events/news/Speeches/2024/2024-10-17-cme/,Norges Bank,2024-10-17,15:00,p,9,22,https___www_norges_bank_no_en_news_events_news_Speeches_2024_2024_10_17_cme_,https___www_norges_bank_no_en_news_events_news_Speeches_2024_2024_10_17_cme__p9,2024,10
Utsikter / fremoverskuende signal,Outlook / forward guidance,Rente og pengepolitisk linje,Interest rates and monetary stance,Speech,https://www.norges-bank.no/en/news-events/news/Speeches/2024/2024-10-17-cme/,Norges Bank,2024-10-17,15:00,p,10,119,https___www_norges_bank_no_en_news_events_news_Speeches_2024_2024_10_17_cme_,https___www_norges_bank_no_en_news_events_news_Speeches_2024_2024_10_17_cme__p10,2024,10
Institusjonelt ansvar / mandat,Institutional accountability / mandate,Finansiell stabilitet og bank,Financial stability and banking,Speech,https://www.norges-bank.no/en/news-events/news/Speeches/2024/2024-10-17-cme/,Norges Bank,2024-10-17,15:00,p,11,94,https___www_norges_bank_no_en_news_events_news_Speeches_2024_2024_10_17_cme_,https___www_norges_bank_no_en_news_events_news_Speeches_2024_2024_10_17_cme__p11,2024,10
Institusjonelt ansvar / mandat,Institutional accountability / mandate,Finansiell stabilitet og bank,Financial stability and banking,Speech,https://www.norges-bank.no/en/news-events/news/Speeches/2024/2024-10-17-cme/,Norges Bank,2024-10-17,15:00,p,12,8,https___www_norges_bank_no_en_news_events_news_Speeches_2024_2024_10_17_cme_,https___www_norges_bank_no_en_news_events_news_Speeches_2024_2024_10_17_cme__p12,2024,10
Politikkforklaring / begrunnelse,Policy explanation / justification,Finansiell stabilitet og bank,Financial stability and banking,Speech,https://www.norges-bank.no/en/news-events/news/Speeches/2024/2024-10-17-cme/,Norges Bank,2024-10-17,15:00,p,13,82,https___www_norges_bank_no_en_news_events_news_Speeches_2024_2024_10_17_cme_,https___www_norges_bank_no_en_news_events_news_Speeches_2024_2024_10_17_cme__p13,2024,10
Politikkforklaring / begrunnelse,Policy explanation / justification,Rente og pengepolitisk linje,Interest rates and monetary stance,Speech,https://www.norges-bank.no/en/news-events/news/Speeches/2024/2024-10-17-cme/,Norges Bank,2024-10-17,15:00,p,14,89,https___www_norges_bank_no_en_news_events_news_Speeches_2024_2024_10_17_cme_,https___www_norges_bank_no_en_news_events_news_Speeches_2024_2024_10_17_cme__p14,2024,10
Politikkforklaring / begrunnelse,Policy explanation / justification,Finansiell stabilitet og bank,Financial stability and banking,Speech,https://www.norges-bank.no/en/news-events/news/Speeches/2024/2024-10-17-cme/,Norges Bank,2024-10-17,15:00,p,15,40,https___www_norges_bank_no_en_news_events_news_Speeches_2024_2024_10_17_cme_,https___www_norges_bank_no_en_news_events_news_Speeches_2024_2024_10_17_cme__p15,2024,10
Institusjonelt ansvar / mandat,Institutional accountability / mandate,Finansiell stabilitet og bank,Financial stability and banking,Speech,https://www.norges-bank.no/en/news-events/news/Speeches/2024/2024-10-17-cme/,Norges Bank,2024-10-17,15:00,p,16,8,https___www_norges_bank_no_en_news_events_news_Speeches_2024_2024_10_17_cme_,https___www_norges_bank_no_en_news_events_news_Speeches_2024_2024_10_17_cme__p16,2024,10
Institusjonelt ansvar / mandat,Institutional accountability / mandate,Finansiell stabilitet og bank,Financial stability and banking,Speech,https://www.norges-bank.no/en/news-events/news/Speeches/2024/2024-10-17-cme/,Norges Bank,2024-10-17,15:00,p,17,11,https___www_norges_bank_no_en_news_events_news_Speeches_2024_2024_10_17_cme_,https___www_norges_bank_no_en_news_events_news_Speeches_2024_2024_10_17_cme__p17,2024,10
Institusjonelt ansvar / mandat,Institutional accountability / mandate,Valutakurs og eksterne forhold,Exchange rate and external conditions,Speech,https://www.norges-bank.no/en/news-events/news/Speeches/2024/2024-10-17-cme/,Norges Bank,2024-10-17,15:00,p,18,55,https___www_norges_bank_no_en_news_events_news_Speeches_2024_2024_10_17_cme_,https___www_norges_bank_no_en_news_events_news_Speeches_2024_2024_10_17_cme__p18,2024,10
Politikkforklaring / begrunnelse,Policy explanation / justification,Finansiell stabilitet og bank,Financial stability and banking,Speech,https://www.norges-bank.no/en/news-events/news/Speeches/2024/2024-10-17-cme/,Norges Bank,2024-10-17,15:00,p,19,65,https___www_norges_bank_no_en_news_events_news_Speeches_2024_2024_10_17_cme_,https___www_norges_bank_no_en_news_events_news_Speeches_2024_2024_10_17_cme__p19,2024,10
Institusjonelt ansvar / mandat,Institutional accountability / mandate,Finansiell stabilitet og bank,Financial stability and banking,Speech,https://www.norges-bank.no/en/news-events/news/Speeches/2024/2024-10-17-cme/,Norges Bank,2024-10-17,15:00,p,20,17,https___www_norges_bank_no_en_news_events_news_Speeches_2024_2024_10_17_cme_,https___www_norges_bank_no_en_news_events_news_Speeches_2024_2024_10_17_cme__p20,2024,10
Institusjonelt ansvar / mandat,Institutional accountability / mandate,Finansiell stabilitet og bank,Financial stability and banking,Speech,https://www.norges-bank.no/en/news-events/news/Speeches/2024/2024-10-17-cme/,Norges Bank,2024-10-17,15:00,p,21,81,https___www_norges_bank_no_en_news_events_news_Speeches_2024_2024_10_17_cme_,https___www_norges_bank_no_en_news_events_news_Speeches_2024_2024_10_17_cme__p21,2024,10
Politikkforklaring / begrunnelse,Policy explanation / justification,Rente og pengepolitisk linje,Interest rates and monetary stance,Speech,https://www.norges-bank.no/en/news-events/news/Speeches/2024/2024-10-17-cme/,Norges Bank,2024-10-17,15:00,p,22,45,https___www_norges_bank_no_en_news_events_news_Speeches_2024_2024_10_17_cme_,https___www_norges_bank_no_en_news_events_news_Speeches_2024_2024_10_17_cme__p22,2024,10
Politikkforklaring / begrunnelse,Policy explanation / justification,Finansiell stabilitet og bank,Financial stability and banking,Speech,https://www.norges-bank.no/en/news-events/news/Speeches/2024/2024-10-17-cme/,Norges Bank,2024-10-17,15:00,p,23,62,https___www_norges_bank_no_en_news_events_news_Speeches_2024_2024_10_17_cme_,https___www_norges_bank_no_en_news_events_news_Speeches_2024_2024_10_17_cme__p23,2024,10
Institusjonelt ansvar / mandat,Institutional accountability / mandate,Finansiell stabilitet og bank,Financial stability and banking,Speech,https://www.norges-bank.no/en/news-events/news/Speeches/2024/2024-10-17-cme/,Norges Bank,2024-10-17,15:00,p,24,20,https___www_norges_bank_no_en_news_events_news_Speeches_2024_2024_10_17_cme_,https___www_norges_bank_no_en_news_events_news_Speeches_2024_2024_10_17_cme__p24,2024,10
Institusjonelt ansvar / mandat,Institutional accountability / mandate,Finansiell stabilitet og bank,Financial stability and banking,Speech,https://www.norges-bank.no/en/news-events/news/Speeches/2024/2024-10-17-cme/,Norges Bank,2024-10-17,15:00,p,25,8,https___www_norges_bank_no_en_news_events_news_Speeches_2024_2024_10_17_cme_,https___www_norges_bank_no_en_news_events_news_Speeches_2024_2024_10_17_cme__p25,2024,10
Politikkforklaring / begrunnelse,Policy explanation / justification,Finansiell stabilitet og bank,Financial stability and banking,Speech,https://www.norges-bank.no/en/news-events/news/Speeches/2024/2024-10-17-cme/,Norges Bank,2024-10-17,15:00,p,26,54,https___www_norges_bank_no_en_news_events_news_Speeches_2024_2024_10_17_cme_,https___www_norges_bank_no_en_news_events_news_Speeches_2024_2024_10_17_cme__p26,2024,10
Politikkforklaring / begrunnelse,Policy explanation / justification,Rente og pengepolitisk linje,Interest rates and monetary stance,Speech,https://www.norges-bank.no/en/news-events/news/Speeches/2024/2024-10-17-cme/,Norges Bank,2024-10-17,15:00,p,27,78,https___www_norges_bank_no_en_news_events_news_Speeches_2024_2024_10_17_cme_,https___www_norges_bank_no_en_news_events_news_Speeches_2024_2024_10_17_cme__p27,2024,10
Risiko / usikkerhet,Risk / uncertainty,Finansiell stabilitet og bank,Financial stability and banking,Speech,https://www.norges-bank.no/en/news-events/news/Speeches/2024/2024-10-17-cme/,Norges Bank,2024-10-17,15:00,p,28,115,https___www_norges_bank_no_en_news_events_news_Speeches_2024_2024_10_17_cme_,https___www_norges_bank_no_en_news_events_news_Speeches_2024_2024_10_17_cme__p28,2024,10
Politikkforklaring / begrunnelse,Policy explanation / justification,Finansiell stabilitet og bank,Financial stability and banking,Speech,https://www.norges-bank.no/en/news-events/news/Speeches/2024/2024-10-17-cme/,Norges Bank,2024-10-17,15:00,p,29,51,https___www_norges_bank_no_en_news_events_news_Speeches_2024_2024_10_17_cme_,https___www_norges_bank_no_en_news_events_news_Speeches_2024_2024_10_17_cme__p29,2024,10
Risiko / usikkerhet,Risk / uncertainty,Finansiell stabilitet og bank,Financial stability and banking,Speech,https://www.norges-bank.no/en/news-events/news/Speeches/2024/2024-10-17-cme/,Norges Bank,2024-10-17,15:00,p,30,10,https___www_norges_bank_no_en_news_events_news_Speeches_2024_2024_10_17_cme_,https___www_norges_bank_no_en_news_events_news_Speeches_2024_2024_10_17_cme__p30,2024,10
Politikkforklaring / begrunnelse,Policy explanation / justification,Finansiell stabilitet og bank,Financial stability and banking,Speech,https://www.norges-bank.no/en/news-events/news/Speeches/2024/2024-10-17-cme/,Norges Bank,2024-10-17,15:00,p,31,61,https___www_norges_bank_no_en_news_events_news_Speeches_2024_2024_10_17_cme_,https___www_norges_bank_no_en_news_events_news_Speeches_2024_2024_10_17_cme__p31,2024,10
Institusjonelt ansvar / mandat,Institutional accountability / mandate,Finansiell stabilitet og bank,Financial stability and banking,Speech,https://www.norges-bank.no/en/news-events/news/Speeches/2024/2024-10-17-cme/,Norges Bank,2024-10-17,15:00,p,32,41,https___www_norges_bank_no_en_news_events_news_Speeches_2024_2024_10_17_cme_,https___www_norges_bank_no_en_news_events_news_Speeches_2024_2024_10_17_cme__p32,2024,10
Politikkforklaring / begrunnelse,Policy explanation / justification,Annet / administrativt / ikke kodbar,Other / administrative / not codable,Speech,https://www.norges-bank.no/en/news-events/news/Speeches/2024/2024-10-17-cme/,Norges Bank,2024-10-17,15:00,p,33,9,https___www_norges_bank_no_en_news_events_news_Speeches_2024_2024_10_17_cme_,https___www_norges_bank_no_en_news_events_news_Speeches_2024_2024_10_17_cme__p33,2024,10
Annet / administrativt / ikke kodbar,Other / administrative / not codable,Annet / administrativt / ikke kodbar,Other / administrative / not codable,Speech,https://www.norges-bank.no/en/news-events/news/Speeches/2024/2024-10-17-cme/,Norges Bank,2024-10-17,15:00,p,34,3,https___www_norges_bank_no_en_news_events_news_Speeches_2024_2024_10_17_cme_,https___www_norges_bank_no_en_news_events_news_Speeches_2024_2024_10_17_cme__p34,2024,10
Institusjonelt ansvar / mandat,Institutional accountability / mandate,Finansiell stabilitet og bank,Financial stability and banking,Speech,https://www.norges-bank.no/en/news-events/news/Speeches/2024/2024-10-17-cme/,Norges Bank,2024-10-17,15:00,p,35,16,https___www_norges_bank_no_en_news_events_news_Speeches_2024_2024_10_17_cme_,https___www_norges_bank_no_en_news_events_news_Speeches_2024_2024_10_17_cme__p35,2024,10
Politikkforklaring / begrunnelse,Policy explanation / justification,Finansiell stabilitet og bank,Financial stability and banking,Speech,https://www.norges-bank.no/en/news-events/news/Speeches/2024/2024-10-17-cme/,Norges Bank,2024-10-17,15:00,p,36,63,https___www_norges_bank_no_en_news_events_news_Speeches_2024_2024_10_17_cme_,https___www_norges_bank_no_en_news_events_news_Speeches_2024_2024_10_17_cme__p36,2024,10
Politikkforklaring / begrunnelse,Policy explanation / justification,Finansiell stabilitet og bank,Financial stability and banking,Speech,https://www.norges-bank.no/en/news-events/news/Speeches/2024/2024-10-17-cme/,Norges Bank,2024-10-17,15:00,p,37,60,https___www_norges_bank_no_en_news_events_news_Speeches_2024_2024_10_17_cme_,https___www_norges_bank_no_en_news_events_news_Speeches_2024_2024_10_17_cme__p37,2024,10
Politikkforklaring / begrunnelse,Policy explanation / justification,Finansiell stabilitet og bank,Financial stability and banking,Speech,https://www.norges-bank.no/en/news-events/news/Speeches/2024/2024-10-17-cme/,Norges Bank,2024-10-17,15:00,p,38,95,https___www_norges_bank_no_en_news_events_news_Speeches_2024_2024_10_17_cme_,https___www_norges_bank_no_en_news_events_news_Speeches_2024_2024_10_17_cme__p38,2024,10
Risiko / usikkerhet,Risk / uncertainty,Finansiell stabilitet og bank,Financial stability and banking,Speech,https://www.norges-bank.no/en/news-events/news/Speeches/2024/2024-10-17-cme/,Norges Bank,2024-10-17,15:00,p,39,13,https___www_norges_bank_no_en_news_events_news_Speeches_2024_2024_10_17_cme_,https___www_norges_bank_no_en_news_events_news_Speeches_2024_2024_10_17_cme__p39,2024,10
Politikkforklaring / begrunnelse,Policy explanation / justification,Finansiell stabilitet og bank,Financial stability and banking,Speech,https://www.norges-bank.no/en/news-events/news/Speeches/2024/2024-10-17-cme/,Norges Bank,2024-10-17,15:00,p,40,15,https___www_norges_bank_no_en_news_events_news_Speeches_2024_2024_10_17_cme_,https___www_norges_bank_no_en_news_events_news_Speeches_2024_2024_10_17_cme__p40,2024,10
Politikkforklaring / begrunnelse,Policy explanation / justification,Finansiell stabilitet og bank,Financial stability and banking,Speech,https://www.norges-bank.no/en/news-events/news/Speeches/2024/2024-10-17-cme/,Norges Bank,2024-10-17,15:00,p,41,56,https___www_norges_bank_no_en_news_events_news_Speeches_2024_2024_10_17_cme_,https___www_norges_bank_no_en_news_events_news_Speeches_2024_2024_10_17_cme__p41,2024,10
Risiko / usikkerhet,Risk / uncertainty,Finansiell stabilitet og bank,Financial stability and banking,Speech,https://www.norges-bank.no/en/news-events/news/Speeches/2024/2024-10-17-cme/,Norges Bank,2024-10-17,15:00,p,42,79,https___www_norges_bank_no_en_news_events_news_Speeches_2024_2024_10_17_cme_,https___www_norges_bank_no_en_news_events_news_Speeches_2024_2024_10_17_cme__p42,2024,10
Politikkforklaring / begrunnelse,Policy explanation / justification,Rente og pengepolitisk linje,Interest rates and monetary stance,Speech,https://www.norges-bank.no/en/news-events/news/Speeches/2024/2024-10-17-cme/,Norges Bank,2024-10-17,15:00,p,43,121,https___www_norges_bank_no_en_news_events_news_Speeches_2024_2024_10_17_cme_,https___www_norges_bank_no_en_news_events_news_Speeches_2024_2024_10_17_cme__p43,2024,10
Politikkforklaring / begrunnelse,Policy explanation / justification,Finansiell stabilitet og bank,Financial stability and banking,Speech,https://www.norges-bank.no/en/news-events/news/Speeches/2024/2024-10-17-cme/,Norges Bank,2024-10-17,15:00,p,44,35,https___www_norges_bank_no_en_news_events_news_Speeches_2024_2024_10_17_cme_,https___www_norges_bank_no_en_news_events_news_Speeches_2024_2024_10_17_cme__p44,2024,10
Institusjonelt ansvar / mandat,Institutional accountability / mandate,Finansiell stabilitet og bank,Financial stability and banking,Speech,https://www.norges-bank.no/en/news-events/news/Speeches/2024/2024-10-17-cme/,Norges Bank,2024-10-17,15:00,p,45,8,https___www_norges_bank_no_en_news_events_news_Speeches_2024_2024_10_17_cme_,https___www_norges_bank_no_en_news_events_news_Speeches_2024_2024_10_17_cme__p45,2024,10
Risiko / usikkerhet,Risk / uncertainty,Finansiell stabilitet og bank,Financial stability and banking,Speech,https://www.norges-bank.no/en/news-events/news/Speeches/2024/2024-10-17-cme/,Norges Bank,2024-10-17,15:00,p,46,97,https___www_norges_bank_no_en_news_events_news_Speeches_2024_2024_10_17_cme_,https___www_norges_bank_no_en_news_events_news_Speeches_2024_2024_10_17_cme__p46,2024,10
Institusjonelt ansvar / mandat,Institutional accountability / mandate,Finansiell stabilitet og bank,Financial stability and banking,Speech,https://www.norges-bank.no/en/news-events/news/Speeches/2024/2024-10-17-cme/,Norges Bank,2024-10-17,15:00,p,47,40,https___www_norges_bank_no_en_news_events_news_Speeches_2024_2024_10_17_cme_,https___www_norges_bank_no_en_news_events_news_Speeches_2024_2024_10_17_cme__p47,2024,10
Utsikter / fremoverskuende signal,Outlook / forward guidance,Valutakurs og eksterne forhold,Exchange rate and external conditions,Speech,https://www.norges-bank.no/en/news-events/news/Speeches/2024/2024-10-17-cme/,Norges Bank,2024-10-17,15:00,p,48,9,https___www_norges_bank_no_en_news_events_news_Speeches_2024_2024_10_17_cme_,https___www_norges_bank_no_en_news_events_news_Speeches_2024_2024_10_17_cme__p48,2024,10
Politikkforklaring / begrunnelse,Policy explanation / justification,Valutakurs og eksterne forhold,Exchange rate and external conditions,Speech,https://www.norges-bank.no/en/news-events/news/Speeches/2024/2024-10-17-cme/,Norges Bank,2024-10-17,15:00,p,49,84,https___www_norges_bank_no_en_news_events_news_Speeches_2024_2024_10_17_cme_,https___www_norges_bank_no_en_news_events_news_Speeches_2024_2024_10_17_cme__p49,2024,10
Institusjonelt ansvar / mandat,Institutional accountability / mandate,Valutakurs og eksterne forhold,Exchange rate and external conditions,Speech,https://www.norges-bank.no/en/news-events/news/Speeches/2024/2024-10-17-cme/,Norges Bank,2024-10-17,15:00,p,50,21,https___www_norges_bank_no_en_news_events_news_Speeches_2024_2024_10_17_cme_,https___www_norges_bank_no_en_news_events_news_Speeches_2024_2024_10_17_cme__p50,2024,10
Institusjonelt ansvar / mandat,Institutional accountability / mandate,Valutakurs og eksterne forhold,Exchange rate and external conditions,Speech,https://www.norges-bank.no/en/news-events/news/Speeches/2024/2024-10-17-cme/,Norges Bank,2024-10-17,15:00,p,51,10,https___www_norges_bank_no_en_news_events_news_Speeches_2024_2024_10_17_cme_,https___www_norges_bank_no_en_news_events_news_Speeches_2024_2024_10_17_cme__p51,2024,10
Institusjonelt ansvar / mandat,Institutional accountability / mandate,Valutakurs og eksterne forhold,Exchange rate and external conditions,Speech,https://www.norges-bank.no/en/news-events/news/Speeches/2024/2024-10-17-cme/,Norges Bank,2024-10-17,15:00,p,52,43,https___www_norges_bank_no_en_news_events_news_Speeches_2024_2024_10_17_cme_,https___www_norges_bank_no_en_news_events_news_Speeches_2024_2024_10_17_cme__p52,2024,10
Institusjonelt ansvar / mandat,Institutional accountability / mandate,Finansiell stabilitet og bank,Financial stability and banking,Speech,https://www.norges-bank.no/en/news-events/news/Speeches/2024/2024-10-17-cme/,Norges Bank,2024-10-17,15:00,p,53,32,https___www_norges_bank_no_en_news_events_news_Speeches_2024_2024_10_17_cme_,https___www_norges_bank_no_en_news_events_news_Speeches_2024_2024_10_17_cme__p53,2024,10
Institusjonelt ansvar / mandat,Institutional accountability / mandate,Annet / administrativt / ikke kodbar,Other / administrative / not codable,Speech,https://www.norges-bank.no/en/news-events/news/Speeches/2024/2024-10-17-cme/,Norges Bank,2024-10-17,15:00,p,54,7,https___www_norges_bank_no_en_news_events_news_Speeches_2024_2024_10_17_cme_,https___www_norges_bank_no_en_news_events_news_Speeches_2024_2024_10_17_cme__p54,2024,10
Institusjonelt ansvar / mandat,Institutional accountability / mandate,Finansiell stabilitet og bank,Financial stability and banking,Speech,https://www.norges-bank.no/en/news-events/news/Speeches/2024/2024-10-17-cme/,Norges Bank,2024-10-17,15:00,p,55,10,https___www_norges_bank_no_en_news_events_news_Speeches_2024_2024_10_17_cme_,https___www_norges_bank_no_en_news_events_news_Speeches_2024_2024_10_17_cme__p55,2024,10
Institusjonelt ansvar / mandat,Institutional accountability / mandate,Finansiell stabilitet og bank,Financial stability and banking,Speech,https://www.norges-bank.no/en/news-events/news/Speeches/2024/2024-10-17-cme/,Norges Bank,2024-10-17,15:00,p,56,39,https___www_norges_bank_no_en_news_events_news_Speeches_2024_2024_10_17_cme_,https___www_norges_bank_no_en_news_events_news_Speeches_2024_2024_10_17_cme__p56,2024,10
Institusjonelt ansvar / mandat,Institutional accountability / mandate,Finansiell stabilitet og bank,Financial stability and banking,Speech,https://www.norges-bank.no/en/news-events/news/Speeches/2024/2024-10-17-cme/,Norges Bank,2024-10-17,15:00,p,57,21,https___www_norges_bank_no_en_news_events_news_Speeches_2024_2024_10_17_cme_,https___www_norges_bank_no_en_news_events_news_Speeches_2024_2024_10_17_cme__p57,2024,10
Politikkforklaring / begrunnelse,Policy explanation / justification,Rente og pengepolitisk linje,Interest rates and monetary stance,Speech,https://www.norges-bank.no/en/news-events/news/Speeches/2024/2024-10-17-cme/,Norges Bank,2024-10-17,15:00,p,58,11,https___www_norges_bank_no_en_news_events_news_Speeches_2024_2024_10_17_cme_,https___www_norges_bank_no_en_news_events_news_Speeches_2024_2024_10_17_cme__p58,2024,10
Politikkforklaring / begrunnelse,Policy explanation / justification,Finansiell stabilitet og bank,Financial stability and banking,Speech,https://www.norges-bank.no/en/news-events/news/Speeches/2024/2024-10-17-cme/,Norges Bank,2024-10-17,15:00,p,59,98,https___www_norges_bank_no_en_news_events_news_Speeches_2024_2024_10_17_cme_,https___www_norges_bank_no_en_news_events_news_Speeches_2024_2024_10_17_cme__p59,2024,10
Politikkforklaring / begrunnelse,Policy explanation / justification,Valutakurs og eksterne forhold,Exchange rate and external conditions,Speech,https://www.norges-bank.no/en/news-events/news/Speeches/2024/2024-10-17-cme/,Norges Bank,2024-10-17,15:00,p,60,35,https___www_norges_bank_no_en_news_events_news_Speeches_2024_2024_10_17_cme_,https___www_norges_bank_no_en_news_events_news_Speeches_2024_2024_10_17_cme__p60,2024,10
Institusjonelt ansvar / mandat,Institutional accountability / mandate,Finansiell stabilitet og bank,Financial stability and banking,Speech,https://www.norges-bank.no/en/news-events/news/Speeches/2024/2024-10-17-cme/,Norges Bank,2024-10-17,15:00,p,61,14,https___www_norges_bank_no_en_news_events_news_Speeches_2024_2024_10_17_cme_,https___www_norges_bank_no_en_news_events_news_Speeches_2024_2024_10_17_cme__p61,2024,10
Politikkforklaring / begrunnelse,Policy explanation / justification,Finansiell stabilitet og bank,Financial stability and banking,Speech,https://www.norges-bank.no/en/news-events/news/Speeches/2024/2024-10-17-cme/,Norges Bank,2024-10-17,15:00,p,62,73,https___www_norges_bank_no_en_news_events_news_Speeches_2024_2024_10_17_cme_,https___www_norges_bank_no_en_news_events_news_Speeches_2024_2024_10_17_cme__p62,2024,10
Institusjonelt ansvar / mandat,Institutional accountability / mandate,Rente og pengepolitisk linje,Interest rates and monetary stance,Speech,https://www.norges-bank.no/en/news-events/news/Speeches/2024/2024-10-17-cme/,Norges Bank,2024-10-17,15:00,p,63,90,https___www_norges_bank_no_en_news_events_news_Speeches_2024_2024_10_17_cme_,https___www_norges_bank_no_en_news_events_news_Speeches_2024_2024_10_17_cme__p63,2024,10
Utsikter / fremoverskuende signal,Outlook / forward guidance,Finansiell stabilitet og bank,Financial stability and banking,Speech,https://www.norges-bank.no/en/news-events/news/Speeches/2024/2024-10-17-cme/,Norges Bank,2024-10-17,15:00,p,64,10,https___www_norges_bank_no_en_news_events_news_Speeches_2024_2024_10_17_cme_,https___www_norges_bank_no_en_news_events_news_Speeches_2024_2024_10_17_cme__p64,2024,10
Utsikter / fremoverskuende signal,Outlook / forward guidance,Rente og pengepolitisk linje,Interest rates and monetary stance,Speech,https://www.norges-bank.no/en/news-events/news/Speeches/2024/2024-10-17-cme/,Norges Bank,2024-10-17,15:00,p,65,25,https___www_norges_bank_no_en_news_events_news_Speeches_2024_2024_10_17_cme_,https___www_norges_bank_no_en_news_events_news_Speeches_2024_2024_10_17_cme__p65,2024,10
Politikkforklaring / begrunnelse,Policy explanation / justification,Finansiell stabilitet og bank,Financial stability and banking,Speech,https://www.norges-bank.no/en/news-events/news/Speeches/2024/2024-10-17-cme/,Norges Bank,2024-10-17,15:00,p,66,48,https___www_norges_bank_no_en_news_events_news_Speeches_2024_2024_10_17_cme_,https___www_norges_bank_no_en_news_events_news_Speeches_2024_2024_10_17_cme__p66,2024,10
Politikkforklaring / begrunnelse,Policy explanation / justification,Valutakurs og eksterne forhold,Exchange rate and external conditions,Speech,https://www.norges-bank.no/en/news-events/news/Speeches/2024/2024-10-17-cme/,Norges Bank,2024-10-17,15:00,p,67,27,https___www_norges_bank_no_en_news_events_news_Speeches_2024_2024_10_17_cme_,https___www_norges_bank_no_en_news_events_news_Speeches_2024_2024_10_17_cme__p67,2024,10
Politikkforklaring / begrunnelse,Policy explanation / justification,Annet / administrativt / ikke kodbar,Other / administrative / not codable,Speech,https://www.norges-bank.no/en/news-events/news/Speeches/2024/2024-10-17-cme/,Norges Bank,2024-10-17,15:00,p,68,10,https___www_norges_bank_no_en_news_events_news_Speeches_2024_2024_10_17_cme_,https___www_norges_bank_no_en_news_events_news_Speeches_2024_2024_10_17_cme__p68,2024,10
Politikkforklaring / begrunnelse,Policy explanation / justification,Rente og pengepolitisk linje,Interest rates and monetary stance,Speech,https://www.norges-bank.no/en/news-events/news/Speeches/2024/2024-10-17-cme/,Norges Bank,2024-10-17,15:00,p,69,162,https___www_norges_bank_no_en_news_events_news_Speeches_2024_2024_10_17_cme_,https___www_norges_bank_no_en_news_events_news_Speeches_2024_2024_10_17_cme__p69,2024,10
Politikkforklaring / begrunnelse,Policy explanation / justification,Valutakurs og eksterne forhold,Exchange rate and external conditions,Speech,https://www.norges-bank.no/en/news-events/news/Speeches/2024/2024-10-17-cme/,Norges Bank,2024-10-17,15:00,p,70,61,https___www_norges_bank_no_en_news_events_news_Speeches_2024_2024_10_17_cme_,https___www_norges_bank_no_en_news_events_news_Speeches_2024_2024_10_17_cme__p70,2024,10
Utsikter / fremoverskuende signal,Outlook / forward guidance,Annet / administrativt / ikke kodbar,Other / administrative / not codable,Speech,https://www.norges-bank.no/en/news-events/news/Speeches/2024/2024-10-17-cme/,Norges Bank,2024-10-17,15:00,p,71,8,https___www_norges_bank_no_en_news_events_news_Speeches_2024_2024_10_17_cme_,https___www_norges_bank_no_en_news_events_news_Speeches_2024_2024_10_17_cme__p71,2024,10
Politikkforklaring / begrunnelse,Policy explanation / justification,Valutakurs og eksterne forhold,Exchange rate and external conditions,Speech,https://www.norges-bank.no/en/news-events/news/Speeches/2024/2024-10-17-cme/,Norges Bank,2024-10-17,15:00,p,72,143,https___www_norges_bank_no_en_news_events_news_Speeches_2024_2024_10_17_cme_,https___www_norges_bank_no_en_news_events_news_Speeches_2024_2024_10_17_cme__p72,2024,10
Institusjonelt ansvar / mandat,Institutional accountability / mandate,Annet / administrativt / ikke kodbar,Other / administrative / not codable,Speech,https://www.norges-bank.no/en/news-events/news/Speeches/2024/2024-10-17-cme/,Norges Bank,2024-10-17,15:00,p,73,5,https___www_norges_bank_no_en_news_events_news_Speeches_2024_2024_10_17_cme_,https___www_norges_bank_no_en_news_events_news_Speeches_2024_2024_10_17_cme__p73,2024,10
Utsikter / fremoverskuende signal,Outlook / forward guidance,Rente og pengepolitisk linje,Interest rates and monetary stance,Speech,https://www.norges-bank.no/en/news-events/news/Speeches/2024/2024-09-19-pc/,Norges Bank,2024-09-19,10:30,li,5,6,https___www_norges_bank_no_en_news_events_news_Speeches_2024_2024_09_19_pc_,https___www_norges_bank_no_en_news_events_news_Speeches_2024_2024_09_19_pc__p5,2024,9
Institusjonelt ansvar / mandat,Institutional accountability / mandate,Rente og pengepolitisk linje,Interest rates and monetary stance,Speech,https://www.norges-bank.no/en/news-events/news/Speeches/2024/2024-09-19-pc/,Norges Bank,2024-09-19,10:30,p,6,22,https___www_norges_bank_no_en_news_events_news_Speeches_2024_2024_09_19_pc_,https___www_norges_bank_no_en_news_events_news_Speeches_2024_2024_09_19_pc__p6,2024,9
Politikkforklaring / begrunnelse,Policy explanation / justification,Rente og pengepolitisk linje,Interest rates and monetary stance,Speech,https://www.norges-bank.no/en/news-events/news/Speeches/2024/2024-09-19-pc/,Norges Bank,2024-09-19,10:30,p,7,6,https___www_norges_bank_no_en_news_events_news_Speeches_2024_2024_09_19_pc_,https___www_norges_bank_no_en_news_events_news_Speeches_2024_2024_09_19_pc__p7,2024,9
Utsikter / fremoverskuende signal,Outlook / forward guidance,Rente og pengepolitisk linje,Interest rates and monetary stance,Speech,https://www.norges-bank.no/en/news-events/news/Speeches/2024/2024-09-19-pc/,Norges Bank,2024-09-19,10:30,p,8,42,https___www_norges_bank_no_en_news_events_news_Speeches_2024_2024_09_19_pc_,https___www_norges_bank_no_en_news_events_news_Speeches_2024_2024_09_19_pc__p8,2024,9
Institusjonelt ansvar / mandat,Institutional accountability / mandate,Økonomisk aktivitet og arbeidsmarked,Economic activity and labor market,Speech,https://www.norges-bank.no/en/news-events/news/Speeches/2024/2024-09-19-pc/,Norges Bank,2024-09-19,10:30,p,9,39,https___www_norges_bank_no_en_news_events_news_Speeches_2024_2024_09_19_pc_,https___www_norges_bank_no_en_news_events_news_Speeches_2024_2024_09_19_pc__p9,2024,9
Politikkforklaring / begrunnelse,Policy explanation / justification,Rente og pengepolitisk linje,Interest rates and monetary stance,Speech,https://www.norges-bank.no/en/news-events/news/Speeches/2024/2024-09-19-pc/,Norges Bank,2024-09-19,10:30,p,10,43,https___www_norges_bank_no_en_news_events_news_Speeches_2024_2024_09_19_pc_,https___www_norges_bank_no_en_news_events_news_Speeches_2024_2024_09_19_pc__p10,2024,9
Utsikter / fremoverskuende signal,Outlook / forward guidance,Rente og pengepolitisk linje,Interest rates and monetary stance,Speech,https://www.norges-bank.no/en/news-events/news/Speeches/2024/2024-09-19-pc/,Norges Bank,2024-09-19,10:30,p,11,24,https___www_norges_bank_no_en_news_events_news_Speeches_2024_2024_09_19_pc_,https___www_norges_bank_no_en_news_events_news_Speeches_2024_2024_09_19_pc__p11,2024,9
Utsikter / fremoverskuende signal,Outlook / forward guidance,Inflasjon og priser,Inflation and prices,Speech,https://www.norges-bank.no/en/news-events/news/Speeches/2024/2024-09-19-pc/,Norges Bank,2024-09-19,10:30,p,12,47,https___www_norges_bank_no_en_news_events_news_Speeches_2024_2024_09_19_pc_,https___www_norges_bank_no_en_news_events_news_Speeches_2024_2024_09_19_pc__p12,2024,9
Politikkforklaring / begrunnelse,Policy explanation / justification,Rente og pengepolitisk linje,Interest rates and monetary stance,Speech,https://www.norges-bank.no/en/news-events/news/Speeches/2024/2024-09-19-pc/,Norges Bank,2024-09-19,10:30,p,13,69,https___www_norges_bank_no_en_news_events_news_Speeches_2024_2024_09_19_pc_,https___www_norges_bank_no_en_news_events_news_Speeches_2024_2024_09_19_pc__p13,2024,9
Utsikter / fremoverskuende signal,Outlook / forward guidance,Rente og pengepolitisk linje,Interest rates and monetary stance,Speech,https://www.norges-bank.no/en/news-events/news/Speeches/2024/2024-09-19-pc/,Norges Bank,2024-09-19,10:30,p,14,9,https___www_norges_bank_no_en_news_events_news_Speeches_2024_2024_09_19_pc_,https___www_norges_bank_no_en_news_events_news_Speeches_2024_2024_09_19_pc__p14,2024,9
Utsikter / fremoverskuende signal,Outlook / forward guidance,Rente og pengepolitisk linje,Interest rates and monetary stance,Speech,https://www.norges-bank.no/en/news-events/news/Speeches/2024/2024-09-19-pc/,Norges Bank,2024-09-19,10:30,p,15,92,https___www_norges_bank_no_en_news_events_news_Speeches_2024_2024_09_19_pc_,https___www_norges_bank_no_en_news_events_news_Speeches_2024_2024_09_19_pc__p15,2024,9
Institusjonelt ansvar / mandat,Institutional accountability / mandate,Annet / administrativt / ikke kodbar,Other / administrative / not codable,Speech,https://www.norges-bank.no/en/news-events/news/Speeches/2024/2024-09-19-pc/,Norges Bank,2024-09-19,10:30,p,16,18,https___www_norges_bank_no_en_news_events_news_Speeches_2024_2024_09_19_pc_,https___www_norges_bank_no_en_news_events_news_Speeches_2024_2024_09_19_pc__p16,2024,9
Utsikter / fremoverskuende signal,Outlook / forward guidance,Økonomisk aktivitet og arbeidsmarked,Economic activity and labor market,Speech,https://www.norges-bank.no/en/news-events/news/Speeches/2024/2024-09-19-pc/,Norges Bank,2024-09-19,10:30,p,17,8,https___www_norges_bank_no_en_news_events_news_Speeches_2024_2024_09_19_pc_,https___www_norges_bank_no_en_news_events_news_Speeches_2024_2024_09_19_pc__p17,2024,9
Økonomisk situasjonsbeskrivelse / diagnose,Economic assessment / diagnosis,Økonomisk aktivitet og arbeidsmarked,Economic activity and labor market,Speech,https://www.norges-bank.no/en/news-events/news/Speeches/2024/2024-09-19-pc/,Norges Bank,2024-09-19,10:30,p,18,55,https___www_norges_bank_no_en_news_events_news_Speeches_2024_2024_09_19_pc_,https___www_norges_bank_no_en_news_events_news_Speeches_2024_2024_09_19_pc__p18,2024,9
Utsikter / fremoverskuende signal,Outlook / forward guidance,Økonomisk aktivitet og arbeidsmarked,Economic activity and labor market,Speech,https://www.norges-bank.no/en/news-events/news/Speeches/2024/2024-09-19-pc/,Norges Bank,2024-09-19,10:30,p,19,41,https___www_norges_bank_no_en_news_events_news_Speeches_2024_2024_09_19_pc_,https___www_norges_bank_no_en_news_events_news_Speeches_2024_2024_09_19_pc__p19,2024,9
Økonomisk situasjonsbeskrivelse / diagnose,Economic assessment / diagnosis,Økonomisk aktivitet og arbeidsmarked,Economic activity and labor market,Speech,https://www.norges-bank.no/en/news-events/news/Speeches/2024/2024-09-19-pc/,Norges Bank,2024-09-19,10:30,p,20,46,https___www_norges_bank_no_en_news_events_news_Speeches_2024_2024_09_19_pc_,https___www_norges_bank_no_en_news_events_news_Speeches_2024_2024_09_19_pc__p20,2024,9
Utsikter / fremoverskuende signal,Outlook / forward guidance,Inflasjon og priser,Inflation and prices,Speech,https://www.norges-bank.no/en/news-events/news/Speeches/2024/2024-09-19-pc/,Norges Bank,2024-09-19,10:30,p,21,9,https___www_norges_bank_no_en_news_events_news_Speeches_2024_2024_09_19_pc_,https___www_norges_bank_no_en_news_events_news_Speeches_2024_2024_09_19_pc__p21,2024,9
Økonomisk situasjonsbeskrivelse / diagnose,Economic assessment / diagnosis,Inflasjon og priser,Inflation and prices,Speech,https://www.norges-bank.no/en/news-events/news/Speeches/2024/2024-09-19-pc/,Norges Bank,2024-09-19,10:30,p,22,44,https___www_norges_bank_no_en_news_events_news_Speeches_2024_2024_09_19_pc_,https___www_norges_bank_no_en_news_events_news_Speeches_2024_2024_09_19_pc__p22,2024,9
Utsikter / fremoverskuende signal,Outlook / forward guidance,Rente og pengepolitisk linje,Interest rates and monetary stance,Speech,https://www.norges-bank.no/en/news-events/news/Speeches/2024/2024-09-19-pc/,Norges Bank,2024-09-19,10:30,p,23,22,https___www_norges_bank_no_en_news_events_news_Speeches_2024_2024_09_19_pc_,https___www_norges_bank_no_en_news_events_news_Speeches_2024_2024_09_19_pc__p23,2024,9
Utsikter / fremoverskuende signal,Outlook / forward guidance,Økonomisk aktivitet og arbeidsmarked,Economic activity and labor market,Speech,https://www.norges-bank.no/en/news-events/news/Speeches/2024/2024-09-19-pc/,Norges Bank,2024-09-19,10:30,p,24,6,https___www_norges_bank_no_en_news_events_news_Speeches_2024_2024_09_19_pc_,https___www_norges_bank_no_en_news_events_news_Speeches_2024_2024_09_19_pc__p24,2024,9
Utsikter / fremoverskuende signal,Outlook / forward guidance,Økonomisk aktivitet og arbeidsmarked,Economic activity and labor market,Speech,https://www.norges-bank.no/en/news-events/news/Speeches/2024/2024-09-19-pc/,Norges Bank,2024-09-19,10:30,p,25,56,https___www_norges_bank_no_en_news_events_news_Speeches_2024_2024_09_19_pc_,https___www_norges_bank_no_en_news_events_news_Speeches_2024_2024_09_19_pc__p25,2024,9
Utsikter / fremoverskuende signal,Outlook / forward guidance,Valutakurs og eksterne forhold,Exchange rate and external conditions,Speech,https://www.norges-bank.no/en/news-events/news/Speeches/2024/2024-09-19-pc/,Norges Bank,2024-09-19,10:30,p,26,6,https___www_norges_bank_no_en_news_events_news_Speeches_2024_2024_09_19_pc_,https___www_norges_bank_no_en_news_events_news_Speeches_2024_2024_09_19_pc__p26,2024,9
Økonomisk situasjonsbeskrivelse / diagnose,Economic assessment / diagnosis,Valutakurs og eksterne forhold,Exchange rate and external conditions,Speech,https://www.norges-bank.no/en/news-events/news/Speeches/2024/2024-09-19-pc/,Norges Bank,2024-09-19,10:30,p,27,70,https___www_norges_bank_no_en_news_events_news_Speeches_2024_2024_09_19_pc_,https___www_norges_bank_no_en_news_events_news_Speeches_2024_2024_09_19_pc__p27,2024,9
Politikkforklaring / begrunnelse,Policy explanation / justification,Valutakurs og eksterne forhold,Exchange rate and external conditions,Speech,https://www.norges-bank.no/en/news-events/news/Speeches/2024/2024-09-19-pc/,Norges Bank,2024-09-19,10:30,p,28,82,https___www_norges_bank_no_en_news_events_news_Speeches_2024_2024_09_19_pc_,https___www_norges_bank_no_en_news_events_news_Speeches_2024_2024_09_19_pc__p28,2024,9
Utsikter / fremoverskuende signal,Outlook / forward guidance,Økonomisk aktivitet og arbeidsmarked,Economic activity and labor market,Speech,https://www.norges-bank.no/en/news-events/news/Speeches/2024/2024-09-19-pc/,Norges Bank,2024-09-19,10:30,p,29,9,https___www_norges_bank_no_en_news_events_news_Speeches_2024_2024_09_19_pc_,https___www_norges_bank_no_en_news_events_news_Speeches_2024_2024_09_19_pc__p29,2024,9
Utsikter / fremoverskuende signal,Outlook / forward guidance,Økonomisk aktivitet og arbeidsmarked,Economic activity and labor market,Speech,https://www.norges-bank.no/en/news-events/news/Speeches/2024/2024-09-19-pc/,Norges Bank,2024-09-19,10:30,p,30,35,https___www_norges_bank_no_en_news_events_news_Speeches_2024_2024_09_19_pc_,https___www_norges_bank_no_en_news_events_news_Speeches_2024_2024_09_19_pc__p30,2024,9
Utsikter / fremoverskuende signal,Outlook / forward guidance,Økonomisk aktivitet og arbeidsmarked,Economic activity and labor market,Speech,https://www.norges-bank.no/en/news-events/news/Speeches/2024/2024-09-19-pc/,Norges Bank,2024-09-19,10:30,p,31,47,https___www_norges_bank_no_en_news_events_news_Speeches_2024_2024_09_19_pc_,https___www_norges_bank_no_en_news_events_news_Speeches_2024_2024_09_19_pc__p31,2024,9
Utsikter / fremoverskuende signal,Outlook / forward guidance,Rente og pengepolitisk linje,Interest rates and monetary stance,Speech,https://www.norges-bank.no/en/news-events/news/Speeches/2024/2024-09-19-pc/,Norges Bank,2024-09-19,10:30,p,32,71,https___www_norges_bank_no_en_news_events_news_Speeches_2024_2024_09_19_pc_,https___www_norges_bank_no_en_news_events_news_Speeches_2024_2024_09_19_pc__p32,2024,9
Utsikter / fremoverskuende signal,Outlook / forward guidance,Inflasjon og priser,Inflation and prices,Speech,https://www.norges-bank.no/en/news-events/news/Speeches/2024/2024-09-19-pc/,Norges Bank,2024-09-19,10:30,p,33,47,https___www_norges_bank_no_en_news_events_news_Speeches_2024_2024_09_19_pc_,https___www_norges_bank_no_en_news_events_news_Speeches_2024_2024_09_19_pc__p33,2024,9
Utsikter / fremoverskuende signal,Outlook / forward guidance,Rente og pengepolitisk linje,Interest rates and monetary stance,Speech,https://www.norges-bank.no/en/news-events/news/Speeches/2024/2024-09-19-pc/,Norges Bank,2024-09-19,10:30,li,34,4,https___www_norges_bank_no_en_news_events_news_Speeches_2024_2024_09_19_pc_,https___www_norges_bank_no_en_news_events_news_Speeches_2024_2024_09_19_pc__p34,2024,9
Utsikter / fremoverskuende signal,Outlook / forward guidance,Finansiell stabilitet og bank,Financial stability and banking,Speech,https://www.norges-bank.no/en/news-events/news/Speeches/2024/2024-08-23-jackson-hole/,Norges Bank,2024-08-24,20:00,li,5,5,https___www_norges_bank_no_en_news_events_news_Speeches_2024_2024_08_23_jackson_hole_,https___www_norges_bank_no_en_news_events_news_Speeches_2024_2024_08_23_jackson_hole__p5,2024,8
Utsikter / fremoverskuende signal,Outlook / forward guidance,Økonomisk aktivitet og arbeidsmarked,Economic activity and labor market,Speech,https://www.norges-bank.no/en/news-events/news/Speeches/2024/2024-08-23-jackson-hole/,Norges Bank,2024-08-24,20:00,p,6,14,https___www_norges_bank_no_en_news_events_news_Speeches_2024_2024_08_23_jackson_hole_,https___www_norges_bank_no_en_news_events_news_Speeches_2024_2024_08_23_jackson_hole__p6,2024,8
Institusjonelt ansvar / mandat,Institutional accountability / mandate,Annet / administrativt / ikke kodbar,Other / administrative / not codable,Speech,https://www.norges-bank.no/en/news-events/news/Speeches/2024/2024-08-23-jackson-hole/,Norges Bank,2024-08-24,20:00,p,7,38,https___www_norges_bank_no_en_news_events_news_Speeches_2024_2024_08_23_jackson_hole_,https___www_norges_bank_no_en_news_events_news_Speeches_2024_2024_08_23_jackson_hole__p7,2024,8
Utsikter / fremoverskuende signal,Outlook / forward guidance,Rente og pengepolitisk linje,Interest rates and monetary stance,Speech,https://www.norges-bank.no/en/news-events/news/Speeches/2024/2024-08-23-jackson-hole/,Norges Bank,2024-08-24,20:00,p,8,52,https___www_norges_bank_no_en_news_events_news_Speeches_2024_2024_08_23_jackson_hole_,https___www_norges_bank_no_en_news_events_news_Speeches_2024_2024_08_23_jackson_hole__p8,2024,8
Utsikter / fremoverskuende signal,Outlook / forward guidance,Økonomisk aktivitet og arbeidsmarked,Economic activity and labor market,Speech,https://www.norges-bank.no/en/news-events/news/Speeches/2024/2024-08-23-jackson-hole/,Norges Bank,2024-08-24,20:00,p,9,40,https___www_norges_bank_no_en_news_events_news_Speeches_2024_2024_08_23_jackson_hole_,https___www_norges_bank_no_en_news_events_news_Speeches_2024_2024_08_23_jackson_hole__p9,2024,8
Politikkforklaring / begrunnelse,Policy explanation / justification,Økonomisk aktivitet og arbeidsmarked,Economic activity and labor market,Speech,https://www.norges-bank.no/en/news-events/news/Speeches/2024/2024-08-23-jackson-hole/,Norges Bank,2024-08-24,20:00,p,10,83,https___www_norges_bank_no_en_news_events_news_Speeches_2024_2024_08_23_jackson_hole_,https___www_norges_bank_no_en_news_events_news_Speeches_2024_2024_08_23_jackson_hole__p10,2024,8
Politikkforklaring / begrunnelse,Policy explanation / justification,Rente og pengepolitisk linje,Interest rates and monetary stance,Speech,https://www.norges-bank.no/en/news-events/news/Speeches/2024/2024-08-23-jackson-hole/,Norges Bank,2024-08-24,20:00,p,11,174,https___www_norges_bank_no_en_news_events_news_Speeches_2024_2024_08_23_jackson_hole_,https___www_norges_bank_no_en_news_events_news_Speeches_2024_2024_08_23_jackson_hole__p11,2024,8
Politikkforklaring / begrunnelse,Policy explanation / justification,Rente og pengepolitisk linje,Interest rates and monetary stance,Speech,https://www.norges-bank.no/en/news-events/news/Speeches/2024/2024-08-23-jackson-hole/,Norges Bank,2024-08-24,20:00,p,12,56,https___www_norges_bank_no_en_news_events_news_Speeches_2024_2024_08_23_jackson_hole_,https___www_norges_bank_no_en_news_events_news_Speeches_2024_2024_08_23_jackson_hole__p12,2024,8
Politikkforklaring / begrunnelse,Policy explanation / justification,Økonomisk aktivitet og arbeidsmarked,Economic activity and labor market,Speech,https://www.norges-bank.no/en/news-events/news/Speeches/2024/2024-08-23-jackson-hole/,Norges Bank,2024-08-24,20:00,p,13,72,https___www_norges_bank_no_en_news_events_news_Speeches_2024_2024_08_23_jackson_hole_,https___www_norges_bank_no_en_news_events_news_Speeches_2024_2024_08_23_jackson_hole__p13,2024,8
Økonomisk situasjonsbeskrivelse / diagnose,Economic assessment / diagnosis,Rente og pengepolitisk linje,Interest rates and monetary stance,Speech,https://www.norges-bank.no/en/news-events/news/Speeches/2024/2024-08-23-jackson-hole/,Norges Bank,2024-08-24,20:00,p,14,116,https___www_norges_bank_no_en_news_events_news_Speeches_2024_2024_08_23_jackson_hole_,https___www_norges_bank_no_en_news_events_news_Speeches_2024_2024_08_23_jackson_hole__p14,2024,8
Politikkforklaring / begrunnelse,Policy explanation / justification,Rente og pengepolitisk linje,Interest rates and monetary stance,Speech,https://www.norges-bank.no/en/news-events/news/Speeches/2024/2024-08-23-jackson-hole/,Norges Bank,2024-08-24,20:00,p,15,100,https___www_norges_bank_no_en_news_events_news_Speeches_2024_2024_08_23_jackson_hole_,https___www_norges_bank_no_en_news_events_news_Speeches_2024_2024_08_23_jackson_hole__p15,2024,8
Institusjonelt ansvar / mandat,Institutional accountability / mandate,Økonomisk aktivitet og arbeidsmarked,Economic activity and labor market,Speech,https://www.norges-bank.no/en/news-events/news/Speeches/2024/2024-08-23-jackson-hole/,Norges Bank,2024-08-24,20:00,p,16,28,https___www_norges_bank_no_en_news_events_news_Speeches_2024_2024_08_23_jackson_hole_,https___www_norges_bank_no_en_news_events_news_Speeches_2024_2024_08_23_jackson_hole__p16,2024,8
Politikkforklaring / begrunnelse,Policy explanation / justification,Rente og pengepolitisk linje,Interest rates and monetary stance,Speech,https://www.norges-bank.no/en/news-events/news/Speeches/2024/2024-08-23-jackson-hole/,Norges Bank,2024-08-24,20:00,p,17,157,https___www_norges_bank_no_en_news_events_news_Speeches_2024_2024_08_23_jackson_hole_,https___www_norges_bank_no_en_news_events_news_Speeches_2024_2024_08_23_jackson_hole__p17,2024,8
Politikkforklaring / begrunnelse,Policy explanation / justification,Rente og pengepolitisk linje,Interest rates and monetary stance,Speech,https://www.norges-bank.no/en/news-events/news/Speeches/2024/2024-08-23-jackson-hole/,Norges Bank,2024-08-24,20:00,p,18,207,https___www_norges_bank_no_en_news_events_news_Speeches_2024_2024_08_23_jackson_hole_,https___www_norges_bank_no_en_news_events_news_Speeches_2024_2024_08_23_jackson_hole__p18,2024,8
Politikkforklaring / begrunnelse,Policy explanation / justification,Økonomisk aktivitet og arbeidsmarked,Economic activity and labor market,Speech,https://www.norges-bank.no/en/news-events/news/Speeches/2024/2024-08-23-jackson-hole/,Norges Bank,2024-08-24,20:00,p,19,36,https___www_norges_bank_no_en_news_events_news_Speeches_2024_2024_08_23_jackson_hole_,https___www_norges_bank_no_en_news_events_news_Speeches_2024_2024_08_23_jackson_hole__p19,2024,8
Politikkforklaring / begrunnelse,Policy explanation / justification,Inflasjon og priser,Inflation and prices,Speech,https://www.norges-bank.no/en/news-events/news/Speeches/2024/2024-08-23-jackson-hole/,Norges Bank,2024-08-24,20:00,p,20,62,https___www_norges_bank_no_en_news_events_news_Speeches_2024_2024_08_23_jackson_hole_,https___www_norges_bank_no_en_news_events_news_Speeches_2024_2024_08_23_jackson_hole__p20,2024,8
Politikkforklaring / begrunnelse,Policy explanation / justification,Rente og pengepolitisk linje,Interest rates and monetary stance,Speech,https://www.norges-bank.no/en/news-events/news/Speeches/2024/2024-08-23-jackson-hole/,Norges Bank,2024-08-24,20:00,p,21,142,https___www_norges_bank_no_en_news_events_news_Speeches_2024_2024_08_23_jackson_hole_,https___www_norges_bank_no_en_news_events_news_Speeches_2024_2024_08_23_jackson_hole__p21,2024,8
Politikkforklaring / begrunnelse,Policy explanation / justification,Rente og pengepolitisk linje,Interest rates and monetary stance,Speech,https://www.norges-bank.no/en/news-events/news/Speeches/2024/2024-08-23-jackson-hole/,Norges Bank,2024-08-24,20:00,p,22,88,https___www_norges_bank_no_en_news_events_news_Speeches_2024_2024_08_23_jackson_hole_,https___www_norges_bank_no_en_news_events_news_Speeches_2024_2024_08_23_jackson_hole__p22,2024,8
Annet / administrativt / ikke kodbar,Other / administrative / not codable,Annet / administrativt / ikke kodbar,Other / administrative / not codable,Speech,https://www.norges-bank.no/en/news-events/news/Speeches/2024/2024-08-23-jackson-hole/,Norges Bank,2024-08-24,20:00,p,24,21,https___www_norges_bank_no_en_news_events_news_Speeches_2024_2024_08_23_jackson_hole_,https___www_norges_bank_no_en_news_events_news_Speeches_2024_2024_08_23_jackson_hole__p24,2024,8
Annet / administrativt / ikke kodbar,Other / administrative / not codable,Annet / administrativt / ikke kodbar,Other / administrative / not codable,Speech,https://www.norges-bank.no/en/news-events/news/Speeches/2024/2024-08-23-jackson-hole/,Norges Bank,2024-08-24,20:00,p,25,30,https___www_norges_bank_no_en_news_events_news_Speeches_2024_2024_08_23_jackson_hole_,https___www_norges_bank_no_en_news_events_news_Speeches_2024_2024_08_23_jackson_hole__p25,2024,8
Annet / administrativt / ikke kodbar,Other / administrative / not codable,Annet / administrativt / ikke kodbar,Other / administrative / not codable,Speech,https://www.norges-bank.no/en/news-events/news/Speeches/2024/2024-08-23-jackson-hole/,Norges Bank,2024-08-24,20:00,p,26,22,https___www_norges_bank_no_en_news_events_news_Speeches_2024_2024_08_23_jackson_hole_,https___www_norges_bank_no_en_news_events_news_Speeches_2024_2024_08_23_jackson_hole__p26,2024,8
Økonomisk situasjonsbeskrivelse / diagnose,Economic assessment / diagnosis,Annet / administrativt / ikke kodbar,Other / administrative / not codable,Speech,https://www.norges-bank.no/en/news-events/news/Speeches/2024/2024-08-23-jackson-hole/,Norges Bank,2024-08-24,20:00,p,27,19,https___www_norges_bank_no_en_news_events_news_Speeches_2024_2024_08_23_jackson_hole_,https___www_norges_bank_no_en_news_events_news_Speeches_2024_2024_08_23_jackson_hole__p27,2024,8
Økonomisk situasjonsbeskrivelse / diagnose,Economic assessment / diagnosis,Annet / administrativt / ikke kodbar,Other / administrative / not codable,Speech,https://www.norges-bank.no/en/news-events/news/Speeches/2024/2024-08-23-jackson-hole/,Norges Bank,2024-08-24,20:00,p,28,26,https___www_norges_bank_no_en_news_events_news_Speeches_2024_2024_08_23_jackson_hole_,https___www_norges_bank_no_en_news_events_news_Speeches_2024_2024_08_23_jackson_hole__p28,2024,8
Annet / administrativt / ikke kodbar,Other / administrative / not codable,Annet / administrativt / ikke kodbar,Other / administrative / not codable,Speech,https://www.norges-bank.no/en/news-events/news/Speeches/2024/2024-08-23-jackson-hole/,Norges Bank,2024-08-24,20:00,p,29,24,https___www_norges_bank_no_en_news_events_news_Speeches_2024_2024_08_23_jackson_hole_,https___www_norges_bank_no_en_news_events_news_Speeches_2024_2024_08_23_jackson_hole__p29,2024,8
Økonomisk situasjonsbeskrivelse / diagnose,Economic assessment / diagnosis,Annet / administrativt / ikke kodbar,Other / administrative / not codable,Speech,https://www.norges-bank.no/en/news-events/news/Speeches/2024/2024-08-23-jackson-hole/,Norges Bank,2024-08-24,20:00,p,30,29,https___www_norges_bank_no_en_news_events_news_Speeches_2024_2024_08_23_jackson_hole_,https___www_norges_bank_no_en_news_events_news_Speeches_2024_2024_08_23_jackson_hole__p30,2024,8
Annet / administrativt / ikke kodbar,Other / administrative / not codable,Annet / administrativt / ikke kodbar,Other / administrative / not codable,Speech,https://www.norges-bank.no/en/news-events/news/Speeches/2024/2024-08-23-jackson-hole/,Norges Bank,2024-08-24,20:00,p,31,24,https___www_norges_bank_no_en_news_events_news_Speeches_2024_2024_08_23_jackson_hole_,https___www_norges_bank_no_en_news_events_news_Speeches_2024_2024_08_23_jackson_hole__p31,2024,8
Annet / administrativt / ikke kodbar,Other / administrative / not codable,Økonomisk aktivitet og arbeidsmarked,Economic activity and labor market,Speech,https://www.norges-bank.no/en/news-events/news/Speeches/2024/2024-08-23-jackson-hole/,Norges Bank,2024-08-24,20:00,p,32,24,https___www_norges_bank_no_en_news_events_news_Speeches_2024_2024_08_23_jackson_hole_,https___www_norges_bank_no_en_news_events_news_Speeches_2024_2024_08_23_jackson_hole__p32,2024,8
Institusjonelt ansvar / mandat,Institutional accountability / mandate,Annet / administrativt / ikke kodbar,Other / administrative / not codable,Speech,https://www.norges-bank.no/en/news-events/news/Speeches/2024/2024-08-23-jackson-hole/,Norges Bank,2024-08-24,20:00,p,33,25,https___www_norges_bank_no_en_news_events_news_Speeches_2024_2024_08_23_jackson_hole_,https___www_norges_bank_no_en_news_events_news_Speeches_2024_2024_08_23_jackson_hole__p33,2024,8
Annet / administrativt / ikke kodbar,Other / administrative / not codable,Annet / administrativt / ikke kodbar,Other / administrative / not codable,Speech,https://www.norges-bank.no/en/news-events/news/Speeches/2024/2024-08-23-jackson-hole/,Norges Bank,2024-08-24,20:00,p,34,26,https___www_norges_bank_no_en_news_events_news_Speeches_2024_2024_08_23_jackson_hole_,https___www_norges_bank_no_en_news_events_news_Speeches_2024_2024_08_23_jackson_hole__p34,2024,8
Annet / administrativt / ikke kodbar,Other / administrative / not codable,Annet / administrativt / ikke kodbar,Other / administrative / not codable,Speech,https://www.norges-bank.no/en/news-events/news/Speeches/2024/2024-08-23-jackson-hole/,Norges Bank,2024-08-24,20:00,p,35,19,https___www_norges_bank_no_en_news_events_news_Speeches_2024_2024_08_23_jackson_hole_,https___www_norges_bank_no_en_news_events_news_Speeches_2024_2024_08_23_jackson_hole__p35,2024,8
Annet / administrativt / ikke kodbar,Other / administrative / not codable,Annet / administrativt / ikke kodbar,Other / administrative / not codable,Speech,https://www.norges-bank.no/en/news-events/news/Speeches/2024/2024-08-23-jackson-hole/,Norges Bank,2024-08-24,20:00,p,36,25,https___www_norges_bank_no_en_news_events_news_Speeches_2024_2024_08_23_jackson_hole_,https___www_norges_bank_no_en_news_events_news_Speeches_2024_2024_08_23_jackson_hole__p36,2024,8
Utsikter / fremoverskuende signal,Outlook / forward guidance,Økonomisk aktivitet og arbeidsmarked,Economic activity and labor market,Speech,https://www.norges-bank.no/en/news-events/news/Speeches/2024/2024-08-23-jackson-hole/,Norges Bank,2024-08-24,20:00,p,37,17,https___www_norges_bank_no_en_news_events_news_Speeches_2024_2024_08_23_jackson_hole_,https___www_norges_bank_no_en_news_events_news_Speeches_2024_2024_08_23_jackson_hole__p37,2024,8
Institusjonelt ansvar / mandat,Institutional accountability / mandate,Annet / administrativt / ikke kodbar,Other / administrative / not codable,Speech,https://www.norges-bank.no/en/news-events/news/Speeches/2024/2024-08-23-jackson-hole/,Norges Bank,2024-08-24,20:00,p,38,20,https___www_norges_bank_no_en_news_events_news_Speeches_2024_2024_08_23_jackson_hole_,https___www_norges_bank_no_en_news_events_news_Speeches_2024_2024_08_23_jackson_hole__p38,2024,8
Annet / administrativt / ikke kodbar,Other / administrative / not codable,Inflasjon og priser,Inflation and prices,Speech,https://www.norges-bank.no/en/news-events/news/Speeches/2024/2024-08-23-jackson-hole/,Norges Bank,2024-08-24,20:00,p,39,19,https___www_norges_bank_no_en_news_events_news_Speeches_2024_2024_08_23_jackson_hole_,https___www_norges_bank_no_en_news_events_news_Speeches_2024_2024_08_23_jackson_hole__p39,2024,8
Annet / administrativt / ikke kodbar,Other / administrative / not codable,Annet / administrativt / ikke kodbar,Other / administrative / not codable,Speech,https://www.norges-bank.no/en/news-events/news/Speeches/2024/2024-08-23-jackson-hole/,Norges Bank,2024-08-24,20:00,p,40,19,https___www_norges_bank_no_en_news_events_news_Speeches_2024_2024_08_23_jackson_hole_,https___www_norges_bank_no_en_news_events_news_Speeches_2024_2024_08_23_jackson_hole__p40,2024,8
Utsikter / fremoverskuende signal,Outlook / forward guidance,Rente og pengepolitisk linje,Interest rates and monetary stance,Speech,https://www.norges-bank.no/en/news-events/news/Speeches/2024/2024-08-15-pc/,Norges Bank,2024-08-15,10:30,li,5,6,https___www_norges_bank_no_en_news_events_news_Speeches_2024_2024_08_15_pc_,https___www_norges_bank_no_en_news_events_news_Speeches_2024_2024_08_15_pc__p5,2024,8
Institusjonelt ansvar / mandat,Institutional accountability / mandate,Rente og pengepolitisk linje,Interest rates and monetary stance,Speech,https://www.norges-bank.no/en/news-events/news/Speeches/2024/2024-08-15-pc/,Norges Bank,2024-08-15,10:30,p,6,22,https___www_norges_bank_no_en_news_events_news_Speeches_2024_2024_08_15_pc_,https___www_norges_bank_no_en_news_events_news_Speeches_2024_2024_08_15_pc__p6,2024,8
Institusjonelt ansvar / mandat,Institutional accountability / mandate,Annet / administrativt / ikke kodbar,Other / administrative / not codable,Speech,https://www.norges-bank.no/en/news-events/news/Speeches/2024/2024-08-15-pc/,Norges Bank,2024-08-15,10:30,p,7,28,https___www_norges_bank_no_en_news_events_news_Speeches_2024_2024_08_15_pc_,https___www_norges_bank_no_en_news_events_news_Speeches_2024_2024_08_15_pc__p7,2024,8
Politikkforklaring / begrunnelse,Policy explanation / justification,Rente og pengepolitisk linje,Interest rates and monetary stance,Speech,https://www.norges-bank.no/en/news-events/news/Speeches/2024/2024-08-15-pc/,Norges Bank,2024-08-15,10:30,p,8,9,https___www_norges_bank_no_en_news_events_news_Speeches_2024_2024_08_15_pc_,https___www_norges_bank_no_en_news_events_news_Speeches_2024_2024_08_15_pc__p8,2024,8
Utsikter / fremoverskuende signal,Outlook / forward guidance,Rente og pengepolitisk linje,Interest rates and monetary stance,Speech,https://www.norges-bank.no/en/news-events/news/Speeches/2024/2024-08-15-pc/,Norges Bank,2024-08-15,10:30,p,9,34,https___www_norges_bank_no_en_news_events_news_Speeches_2024_2024_08_15_pc_,https___www_norges_bank_no_en_news_events_news_Speeches_2024_2024_08_15_pc__p9,2024,8
Utsikter / fremoverskuende signal,Outlook / forward guidance,Økonomisk aktivitet og arbeidsmarked,Economic activity and labor market,Speech,https://www.norges-bank.no/en/news-events/news/Speeches/2024/2024-08-15-pc/,Norges Bank,2024-08-15,10:30,p,10,93,https___www_norges_bank_no_en_news_events_news_Speeches_2024_2024_08_15_pc_,https___www_norges_bank_no_en_news_events_news_Speeches_2024_2024_08_15_pc__p10,2024,8
Utsikter / fremoverskuende signal,Outlook / forward guidance,Økonomisk aktivitet og arbeidsmarked,Economic activity and labor market,Speech,https://www.norges-bank.no/en/news-events/news/Speeches/2024/2024-08-15-pc/,Norges Bank,2024-08-15,10:30,p,11,40,https___www_norges_bank_no_en_news_events_news_Speeches_2024_2024_08_15_pc_,https___www_norges_bank_no_en_news_events_news_Speeches_2024_2024_08_15_pc__p11,2024,8
Utsikter / fremoverskuende signal,Outlook / forward guidance,Inflasjon og priser,Inflation and prices,Speech,https://www.norges-bank.no/en/news-events/news/Speeches/2024/2024-08-15-pc/,Norges Bank,2024-08-15,10:30,p,12,6,https___www_norges_bank_no_en_news_events_news_Speeches_2024_2024_08_15_pc_,https___www_norges_bank_no_en_news_events_news_Speeches_2024_2024_08_15_pc__p12,2024,8
Økonomisk situasjonsbeskrivelse / diagnose,Economic assessment / diagnosis,Inflasjon og priser,Inflation and prices,Speech,https://www.norges-bank.no/en/news-events/news/Speeches/2024/2024-08-15-pc/,Norges Bank,2024-08-15,10:30,p,13,62,https___www_norges_bank_no_en_news_events_news_Speeches_2024_2024_08_15_pc_,https___www_norges_bank_no_en_news_events_news_Speeches_2024_2024_08_15_pc__p13,2024,8
Utsikter / fremoverskuende signal,Outlook / forward guidance,Økonomisk aktivitet og arbeidsmarked,Economic activity and labor market,Speech,https://www.norges-bank.no/en/news-events/news/Speeches/2024/2024-08-15-pc/,Norges Bank,2024-08-15,10:30,p,14,6,https___www_norges_bank_no_en_news_events_news_Speeches_2024_2024_08_15_pc_,https___www_norges_bank_no_en_news_events_news_Speeches_2024_2024_08_15_pc__p14,2024,8
Økonomisk situasjonsbeskrivelse / diagnose,Economic assessment / diagnosis,Økonomisk aktivitet og arbeidsmarked,Economic activity and labor market,Speech,https://www.norges-bank.no/en/news-events/news/Speeches/2024/2024-08-15-pc/,Norges Bank,2024-08-15,10:30,p,15,60,https___www_norges_bank_no_en_news_events_news_Speeches_2024_2024_08_15_pc_,https___www_norges_bank_no_en_news_events_news_Speeches_2024_2024_08_15_pc__p15,2024,8
Økonomisk situasjonsbeskrivelse / diagnose,Economic assessment / diagnosis,Økonomisk aktivitet og arbeidsmarked,Economic activity and labor market,Speech,https://www.norges-bank.no/en/news-events/news/Speeches/2024/2024-08-15-pc/,Norges Bank,2024-08-15,10:30,p,16,32,https___www_norges_bank_no_en_news_events_news_Speeches_2024_2024_08_15_pc_,https___www_norges_bank_no_en_news_events_news_Speeches_2024_2024_08_15_pc__p16,2024,8
Utsikter / fremoverskuende signal,Outlook / forward guidance,Inflasjon og priser,Inflation and prices,Speech,https://www.norges-bank.no/en/news-events/news/Speeches/2024/2024-08-15-pc/,Norges Bank,2024-08-15,10:30,p,17,6,https___www_norges_bank_no_en_news_events_news_Speeches_2024_2024_08_15_pc_,https___www_norges_bank_no_en_news_events_news_Speeches_2024_2024_08_15_pc__p17,2024,8
Utsikter / fremoverskuende signal,Outlook / forward guidance,Inflasjon og priser,Inflation and prices,Speech,https://www.norges-bank.no/en/news-events/news/Speeches/2024/2024-08-15-pc/,Norges Bank,2024-08-15,10:30,p,18,37,https___www_norges_bank_no_en_news_events_news_Speeches_2024_2024_08_15_pc_,https___www_norges_bank_no_en_news_events_news_Speeches_2024_2024_08_15_pc__p18,2024,8
Utsikter / fremoverskuende signal,Outlook / forward guidance,Valutakurs og eksterne forhold,Exchange rate and external conditions,Speech,https://www.norges-bank.no/en/news-events/news/Speeches/2024/2024-08-15-pc/,Norges Bank,2024-08-15,10:30,p,19,97,https___www_norges_bank_no_en_news_events_news_Speeches_2024_2024_08_15_pc_,https___www_norges_bank_no_en_news_events_news_Speeches_2024_2024_08_15_pc__p19,2024,8
Utsikter / fremoverskuende signal,Outlook / forward guidance,Valutakurs og eksterne forhold,Exchange rate and external conditions,Speech,https://www.norges-bank.no/en/news-events/news/Speeches/2024/2024-08-15-pc/,Norges Bank,2024-08-15,10:30,p,20,6,https___www_norges_bank_no_en_news_events_news_Speeches_2024_2024_08_15_pc_,https___www_norges_bank_no_en_news_events_news_Speeches_2024_2024_08_15_pc__p20,2024,8
Utsikter / fremoverskuende signal,Outlook / forward guidance,Valutakurs og eksterne forhold,Exchange rate and external conditions,Speech,https://www.norges-bank.no/en/news-events/news/Speeches/2024/2024-08-15-pc/,Norges Bank,2024-08-15,10:30,p,21,48,https___www_norges_bank_no_en_news_events_news_Speeches_2024_2024_08_15_pc_,https___www_norges_bank_no_en_news_events_news_Speeches_2024_2024_08_15_pc__p21,2024,8
Politikkforklaring / begrunnelse,Policy explanation / justification,Valutakurs og eksterne forhold,Exchange rate and external conditions,Speech,https://www.norges-bank.no/en/news-events/news/Speeches/2024/2024-08-15-pc/,Norges Bank,2024-08-15,10:30,p,22,72,https___www_norges_bank_no_en_news_events_news_Speeches_2024_2024_08_15_pc_,https___www_norges_bank_no_en_news_events_news_Speeches_2024_2024_08_15_pc__p22,2024,8
Politikkforklaring / begrunnelse,Policy explanation / justification,Valutakurs og eksterne forhold,Exchange rate and external conditions,Speech,https://www.norges-bank.no/en/news-events/news/Speeches/2024/2024-08-15-pc/,Norges Bank,2024-08-15,10:30,p,23,26,https___www_norges_bank_no_en_news_events_news_Speeches_2024_2024_08_15_pc_,https___www_norges_bank_no_en_news_events_news_Speeches_2024_2024_08_15_pc__p23,2024,8
Utsikter / fremoverskuende signal,Outlook / forward guidance,Valutakurs og eksterne forhold,Exchange rate and external conditions,Speech,https://www.norges-bank.no/en/news-events/news/Speeches/2024/2024-08-15-pc/,Norges Bank,2024-08-15,10:30,p,24,15,https___www_norges_bank_no_en_news_events_news_Speeches_2024_2024_08_15_pc_,https___www_norges_bank_no_en_news_events_news_Speeches_2024_2024_08_15_pc__p24,2024,8
Økonomisk situasjonsbeskrivelse / diagnose,Economic assessment / diagnosis,Valutakurs og eksterne forhold,Exchange rate and external conditions,Speech,https://www.norges-bank.no/en/news-events/news/Speeches/2024/2024-08-15-pc/,Norges Bank,2024-08-15,10:30,p,25,82,https___www_norges_bank_no_en_news_events_news_Speeches_2024_2024_08_15_pc_,https___www_norges_bank_no_en_news_events_news_Speeches_2024_2024_08_15_pc__p25,2024,8
Økonomisk situasjonsbeskrivelse / diagnose,Economic assessment / diagnosis,Valutakurs og eksterne forhold,Exchange rate and external conditions,Speech,https://www.norges-bank.no/en/news-events/news/Speeches/2024/2024-08-15-pc/,Norges Bank,2024-08-15,10:30,p,26,79,https___www_norges_bank_no_en_news_events_news_Speeches_2024_2024_08_15_pc_,https___www_norges_bank_no_en_news_events_news_Speeches_2024_2024_08_15_pc__p26,2024,8
Utsikter / fremoverskuende signal,Outlook / forward guidance,Valutakurs og eksterne forhold,Exchange rate and external conditions,Speech,https://www.norges-bank.no/en/news-events/news/Speeches/2024/2024-08-15-pc/,Norges Bank,2024-08-15,10:30,p,27,53,https___www_norges_bank_no_en_news_events_news_Speeches_2024_2024_08_15_pc_,https___www_norges_bank_no_en_news_events_news_Speeches_2024_2024_08_15_pc__p27,2024,8
Økonomisk situasjonsbeskrivelse / diagnose,Economic assessment / diagnosis,Valutakurs og eksterne forhold,Exchange rate and external conditions,Speech,https://www.norges-bank.no/en/news-events/news/Speeches/2024/2024-08-15-pc/,Norges Bank,2024-08-15,10:30,p,28,68,https___www_norges_bank_no_en_news_events_news_Speeches_2024_2024_08_15_pc_,https___www_norges_bank_no_en_news_events_news_Speeches_2024_2024_08_15_pc__p28,2024,8
Risiko / usikkerhet,Risk / uncertainty,Valutakurs og eksterne forhold,Exchange rate and external conditions,Speech,https://www.norges-bank.no/en/news-events/news/Speeches/2024/2024-08-15-pc/,Norges Bank,2024-08-15,10:30,p,29,68,https___www_norges_bank_no_en_news_events_news_Speeches_2024_2024_08_15_pc_,https___www_norges_bank_no_en_news_events_news_Speeches_2024_2024_08_15_pc__p29,2024,8
Politikkforklaring / begrunnelse,Policy explanation / justification,Valutakurs og eksterne forhold,Exchange rate and external conditions,Speech,https://www.norges-bank.no/en/news-events/news/Speeches/2024/2024-08-15-pc/,Norges Bank,2024-08-15,10:30,p,30,45,https___www_norges_bank_no_en_news_events_news_Speeches_2024_2024_08_15_pc_,https___www_norges_bank_no_en_news_events_news_Speeches_2024_2024_08_15_pc__p30,2024,8
Politikkforklaring / begrunnelse,Policy explanation / justification,Økonomisk aktivitet og arbeidsmarked,Economic activity and labor market,Speech,https://www.norges-bank.no/en/news-events/news/Speeches/2024/2024-08-15-pc/,Norges Bank,2024-08-15,10:30,p,31,72,https___www_norges_bank_no_en_news_events_news_Speeches_2024_2024_08_15_pc_,https___www_norges_bank_no_en_news_events_news_Speeches_2024_2024_08_15_pc__p31,2024,8
Politikkforklaring / begrunnelse,Policy explanation / justification,Valutakurs og eksterne forhold,Exchange rate and external conditions,Speech,https://www.norges-bank.no/en/news-events/news/Speeches/2024/2024-08-15-pc/,Norges Bank,2024-08-15,10:30,p,32,137,https___www_norges_bank_no_en_news_events_news_Speeches_2024_2024_08_15_pc_,https___www_norges_bank_no_en_news_events_news_Speeches_2024_2024_08_15_pc__p32,2024,8
Politikkforklaring / begrunnelse,Policy explanation / justification,Valutakurs og eksterne forhold,Exchange rate and external conditions,Speech,https://www.norges-bank.no/en/news-events/news/Speeches/2024/2024-08-15-pc/,Norges Bank,2024-08-15,10:30,p,33,107,https___www_norges_bank_no_en_news_events_news_Speeches_2024_2024_08_15_pc_,https___www_norges_bank_no_en_news_events_news_Speeches_2024_2024_08_15_pc__p33,2024,8
Utsikter / fremoverskuende signal,Outlook / forward guidance,Rente og pengepolitisk linje,Interest rates and monetary stance,Speech,https://www.norges-bank.no/en/news-events/news/Speeches/2024/2024-08-15-pc/,Norges Bank,2024-08-15,10:30,p,34,15,https___www_norges_bank_no_en_news_events_news_Speeches_2024_2024_08_15_pc_,https___www_norges_bank_no_en_news_events_news_Speeches_2024_2024_08_15_pc__p34,2024,8
Politikkforklaring / begrunnelse,Policy explanation / justification,Rente og pengepolitisk linje,Interest rates and monetary stance,Speech,https://www.norges-bank.no/en/news-events/news/Speeches/2024/2024-08-15-pc/,Norges Bank,2024-08-15,10:30,p,35,45,https___www_norges_bank_no_en_news_events_news_Speeches_2024_2024_08_15_pc_,https___www_norges_bank_no_en_news_events_news_Speeches_2024_2024_08_15_pc__p35,2024,8
Politikkforklaring / begrunnelse,Policy explanation / justification,Rente og pengepolitisk linje,Interest rates and monetary stance,Speech,https://www.norges-bank.no/en/news-events/news/Speeches/2024/2024-08-15-pc/,Norges Bank,2024-08-15,10:30,p,36,18,https___www_norges_bank_no_en_news_events_news_Speeches_2024_2024_08_15_pc_,https___www_norges_bank_no_en_news_events_news_Speeches_2024_2024_08_15_pc__p36,2024,8
Politikkforklaring / begrunnelse,Policy explanation / justification,Inflasjon og priser,Inflation and prices,Speech,https://www.norges-bank.no/en/news-events/news/Speeches/2024/2024-08-15-pc/,Norges Bank,2024-08-15,10:30,p,37,64,https___www_norges_bank_no_en_news_events_news_Speeches_2024_2024_08_15_pc_,https___www_norges_bank_no_en_news_events_news_Speeches_2024_2024_08_15_pc__p37,2024,8
Risiko / usikkerhet,Risk / uncertainty,Valutakurs og eksterne forhold,Exchange rate and external conditions,Speech,https://www.norges-bank.no/en/news-events/news/Speeches/2024/2024-08-15-pc/,Norges Bank,2024-08-15,10:30,p,38,84,https___www_norges_bank_no_en_news_events_news_Speeches_2024_2024_08_15_pc_,https___www_norges_bank_no_en_news_events_news_Speeches_2024_2024_08_15_pc__p38,2024,8
Politikkforklaring / begrunnelse,Policy explanation / justification,Inflasjon og priser,Inflation and prices,Speech,https://www.norges-bank.no/en/news-events/news/Speeches/2024/2024-08-15-pc/,Norges Bank,2024-08-15,10:30,p,39,48,https___www_norges_bank_no_en_news_events_news_Speeches_2024_2024_08_15_pc_,https___www_norges_bank_no_en_news_events_news_Speeches_2024_2024_08_15_pc__p39,2024,8
Utsikter / fremoverskuende signal,Outlook / forward guidance,Rente og pengepolitisk linje,Interest rates and monetary stance,Speech,https://www.norges-bank.no/en/news-events/news/Speeches/2024/2024-08-15-pc/,Norges Bank,2024-08-15,10:30,li,40,5,https___www_norges_bank_no_en_news_events_news_Speeches_2024_2024_08_15_pc_,https___www_norges_bank_no_en_news_events_news_Speeches_2024_2024_08_15_pc__p40,2024,8
Institusjonelt ansvar / mandat,Institutional accountability / mandate,Rente og pengepolitisk linje,Interest rates and monetary stance,Speech,https://www.norges-bank.no/en/news-events/news/Speeches/2024/2024-08-15-pc/,Norges Bank,2024-08-15,10:30,p,42,16,https___www_norges_bank_no_en_news_events_news_Speeches_2024_2024_08_15_pc_,https___www_norges_bank_no_en_news_events_news_Speeches_2024_2024_08_15_pc__p42,2024,8
Institusjonelt ansvar / mandat,Institutional accountability / mandate,Økonomisk aktivitet og arbeidsmarked,Economic activity and labor market,Speech,https://www.norges-bank.no/en/news-events/news/Speeches/2024/2024-07-24-spu-bache/,Norges Bank,2024-07-25,09:00,li,5,5,https___www_norges_bank_no_en_news_events_news_Speeches_2024_2024_07_24_spu_bache_,https___www_norges_bank_no_en_news_events_news_Speeches_2024_2024_07_24_spu_bache__p5,2024,7
Institusjonelt ansvar / mandat,Institutional accountability / mandate,Valutakurs og eksterne forhold,Exchange rate and external conditions,Speech,https://www.norges-bank.no/en/news-events/news/Speeches/2024/2024-07-24-spu-bache/,Norges Bank,2024-07-25,09:00,p,6,35,https___www_norges_bank_no_en_news_events_news_Speeches_2024_2024_07_24_spu_bache_,https___www_norges_bank_no_en_news_events_news_Speeches_2024_2024_07_24_spu_bache__p6,2024,7
Utsikter / fremoverskuende signal,Outlook / forward guidance,Rente og pengepolitisk linje,Interest rates and monetary stance,Speech,https://www.norges-bank.no/en/news-events/news/Speeches/2024/2024-06-20-pc/,Norges Bank,2024-06-20,10:30,li,5,5,https___www_norges_bank_no_en_news_events_news_Speeches_2024_2024_06_20_pc_,https___www_norges_bank_no_en_news_events_news_Speeches_2024_2024_06_20_pc__p5,2024,6
Institusjonelt ansvar / mandat,Institutional accountability / mandate,Rente og pengepolitisk linje,Interest rates and monetary stance,Speech,https://www.norges-bank.no/en/news-events/news/Speeches/2024/2024-06-20-pc/,Norges Bank,2024-06-20,10:30,p,6,22,https___www_norges_bank_no_en_news_events_news_Speeches_2024_2024_06_20_pc_,https___www_norges_bank_no_en_news_events_news_Speeches_2024_2024_06_20_pc__p6,2024,6
Politikkforklaring / begrunnelse,Policy explanation / justification,Rente og pengepolitisk linje,Interest rates and monetary stance,Speech,https://www.norges-bank.no/en/news-events/news/Speeches/2024/2024-06-20-pc/,Norges Bank,2024-06-20,10:30,p,7,17,https___www_norges_bank_no_en_news_events_news_Speeches_2024_2024_06_20_pc_,https___www_norges_bank_no_en_news_events_news_Speeches_2024_2024_06_20_pc__p7,2024,6
Institusjonelt ansvar / mandat,Institutional accountability / mandate,Økonomisk aktivitet og arbeidsmarked,Economic activity and labor market,Speech,https://www.norges-bank.no/en/news-events/news/Speeches/2024/2024-06-20-pc/,Norges Bank,2024-06-20,10:30,p,8,39,https___www_norges_bank_no_en_news_events_news_Speeches_2024_2024_06_20_pc_,https___www_norges_bank_no_en_news_events_news_Speeches_2024_2024_06_20_pc__p8,2024,6
Politikkforklaring / begrunnelse,Policy explanation / justification,Inflasjon og priser,Inflation and prices,Speech,https://www.norges-bank.no/en/news-events/news/Speeches/2024/2024-06-20-pc/,Norges Bank,2024-06-20,10:30,p,9,82,https___www_norges_bank_no_en_news_events_news_Speeches_2024_2024_06_20_pc_,https___www_norges_bank_no_en_news_events_news_Speeches_2024_2024_06_20_pc__p9,2024,6
Institusjonelt ansvar / mandat,Institutional accountability / mandate,Annet / administrativt / ikke kodbar,Other / administrative / not codable,Speech,https://www.norges-bank.no/en/news-events/news/Speeches/2024/2024-06-20-pc/,Norges Bank,2024-06-20,10:30,p,10,17,https___www_norges_bank_no_en_news_events_news_Speeches_2024_2024_06_20_pc_,https___www_norges_bank_no_en_news_events_news_Speeches_2024_2024_06_20_pc__p10,2024,6
Utsikter / fremoverskuende signal,Outlook / forward guidance,Inflasjon og priser,Inflation and prices,Speech,https://www.norges-bank.no/en/news-events/news/Speeches/2024/2024-06-20-pc/,Norges Bank,2024-06-20,10:30,p,11,38,https___www_norges_bank_no_en_news_events_news_Speeches_2024_2024_06_20_pc_,https___www_norges_bank_no_en_news_events_news_Speeches_2024_2024_06_20_pc__p11,2024,6
Utsikter / fremoverskuende signal,Outlook / forward guidance,Rente og pengepolitisk linje,Interest rates and monetary stance,Speech,https://www.norges-bank.no/en/news-events/news/Speeches/2024/2024-06-20-pc/,Norges Bank,2024-06-20,10:30,p,12,58,https___www_norges_bank_no_en_news_events_news_Speeches_2024_2024_06_20_pc_,https___www_norges_bank_no_en_news_events_news_Speeches_2024_2024_06_20_pc__p12,2024,6
Utsikter / fremoverskuende signal,Outlook / forward guidance,Valutakurs og eksterne forhold,Exchange rate and external conditions,Speech,https://www.norges-bank.no/en/news-events/news/Speeches/2024/2024-06-20-pc/,Norges Bank,2024-06-20,10:30,p,13,83,https___www_norges_bank_no_en_news_events_news_Speeches_2024_2024_06_20_pc_,https___www_norges_bank_no_en_news_events_news_Speeches_2024_2024_06_20_pc__p13,2024,6
Utsikter / fremoverskuende signal,Outlook / forward guidance,Økonomisk aktivitet og arbeidsmarked,Economic activity and labor market,Speech,https://www.norges-bank.no/en/news-events/news/Speeches/2024/2024-06-20-pc/,Norges Bank,2024-06-20,10:30,p,14,98,https___www_norges_bank_no_en_news_events_news_Speeches_2024_2024_06_20_pc_,https___www_norges_bank_no_en_news_events_news_Speeches_2024_2024_06_20_pc__p14,2024,6
Økonomisk situasjonsbeskrivelse / diagnose,Economic assessment / diagnosis,Økonomisk aktivitet og arbeidsmarked,Economic activity and labor market,Speech,https://www.norges-bank.no/en/news-events/news/Speeches/2024/2024-06-20-pc/,Norges Bank,2024-06-20,10:30,p,15,40,https___www_norges_bank_no_en_news_events_news_Speeches_2024_2024_06_20_pc_,https___www_norges_bank_no_en_news_events_news_Speeches_2024_2024_06_20_pc__p15,2024,6
Utsikter / fremoverskuende signal,Outlook / forward guidance,Økonomisk aktivitet og arbeidsmarked,Economic activity and labor market,Speech,https://www.norges-bank.no/en/news-events/news/Speeches/2024/2024-06-20-pc/,Norges Bank,2024-06-20,10:30,p,16,41,https___www_norges_bank_no_en_news_events_news_Speeches_2024_2024_06_20_pc_,https___www_norges_bank_no_en_news_events_news_Speeches_2024_2024_06_20_pc__p16,2024,6
Økonomisk situasjonsbeskrivelse / diagnose,Economic assessment / diagnosis,Inflasjon og priser,Inflation and prices,Speech,https://www.norges-bank.no/en/news-events/news/Speeches/2024/2024-06-20-pc/,Norges Bank,2024-06-20,10:30,p,17,32,https___www_norges_bank_no_en_news_events_news_Speeches_2024_2024_06_20_pc_,https___www_norges_bank_no_en_news_events_news_Speeches_2024_2024_06_20_pc__p17,2024,6
Økonomisk situasjonsbeskrivelse / diagnose,Economic assessment / diagnosis,Inflasjon og priser,Inflation and prices,Speech,https://www.norges-bank.no/en/news-events/news/Speeches/2024/2024-06-20-pc/,Norges Bank,2024-06-20,10:30,p,18,57,https___www_norges_bank_no_en_news_events_news_Speeches_2024_2024_06_20_pc_,https___www_norges_bank_no_en_news_events_news_Speeches_2024_2024_06_20_pc__p18,2024,6
Utsikter / fremoverskuende signal,Outlook / forward guidance,Inflasjon og priser,Inflation and prices,Speech,https://www.norges-bank.no/en/news-events/news/Speeches/2024/2024-06-20-pc/,Norges Bank,2024-06-20,10:30,p,19,94,https___www_norges_bank_no_en_news_events_news_Speeches_2024_2024_06_20_pc_,https___www_norges_bank_no_en_news_events_news_Speeches_2024_2024_06_20_pc__p19,2024,6
Utsikter / fremoverskuende signal,Outlook / forward guidance,Rente og pengepolitisk linje,Interest rates and monetary stance,Speech,https://www.norges-bank.no/en/news-events/news/Speeches/2024/2024-06-20-pc/,Norges Bank,2024-06-20,10:30,p,20,107,https___www_norges_bank_no_en_news_events_news_Speeches_2024_2024_06_20_pc_,https___www_norges_bank_no_en_news_events_news_Speeches_2024_2024_06_20_pc__p20,2024,6
Utsikter / fremoverskuende signal,Outlook / forward guidance,Økonomisk aktivitet og arbeidsmarked,Economic activity and labor market,Speech,https://www.norges-bank.no/en/news-events/news/Speeches/2024/2024-06-20-pc/,Norges Bank,2024-06-20,10:30,p,21,63,https___www_norges_bank_no_en_news_events_news_Speeches_2024_2024_06_20_pc_,https___www_norges_bank_no_en_news_events_news_Speeches_2024_2024_06_20_pc__p21,2024,6
Utsikter / fremoverskuende signal,Outlook / forward guidance,Økonomisk aktivitet og arbeidsmarked,Economic activity and labor market,Speech,https://www.norges-bank.no/en/news-events/news/Speeches/2024/2024-06-20-pc/,Norges Bank,2024-06-20,10:30,p,22,54,https___www_norges_bank_no_en_news_events_news_Speeches_2024_2024_06_20_pc_,https___www_norges_bank_no_en_news_events_news_Speeches_2024_2024_06_20_pc__p22,2024,6
Utsikter / fremoverskuende signal,Outlook / forward guidance,Rente og pengepolitisk linje,Interest rates and monetary stance,Speech,https://www.norges-bank.no/en/news-events/news/Speeches/2024/2024-06-20-pc/,Norges Bank,2024-06-20,10:30,p,23,104,https___www_norges_bank_no_en_news_events_news_Speeches_2024_2024_06_20_pc_,https___www_norges_bank_no_en_news_events_news_Speeches_2024_2024_06_20_pc__p23,2024,6
Politikkforklaring / begrunnelse,Policy explanation / justification,Inflasjon og priser,Inflation and prices,Speech,https://www.norges-bank.no/en/news-events/news/Speeches/2024/2024-06-20-pc/,Norges Bank,2024-06-20,10:30,p,24,56,https___www_norges_bank_no_en_news_events_news_Speeches_2024_2024_06_20_pc_,https___www_norges_bank_no_en_news_events_news_Speeches_2024_2024_06_20_pc__p24,2024,6
Utsikter / fremoverskuende signal,Outlook / forward guidance,Rente og pengepolitisk linje,Interest rates and monetary stance,Speech,https://www.norges-bank.no/en/news-events/news/Speeches/2024/2024-06-20-pc/,Norges Bank,2024-06-20,10:30,li,25,4,https___www_norges_bank_no_en_news_events_news_Speeches_2024_2024_06_20_pc_,https___www_norges_bank_no_en_news_events_news_Speeches_2024_2024_06_20_pc__p25,2024,6
Politikkforklaring / begrunnelse,Policy explanation / justification,Rente og pengepolitisk linje,Interest rates and monetary stance,Speech,https://www.norges-bank.no/en/news-events/news/Speeches/2024/2024-05-07-storting/,Norges Bank,2024-05-07,10:15,li,5,5,https___www_norges_bank_no_en_news_events_news_Speeches_2024_2024_05_07_storting_,https___www_norges_bank_no_en_news_events_news_Speeches_2024_2024_05_07_storting__p5,2024,5
Institusjonelt ansvar / mandat,Institutional accountability / mandate,Økonomisk aktivitet og arbeidsmarked,Economic activity and labor market,Speech,https://www.norges-bank.no/en/news-events/news/Speeches/2024/2024-05-07-storting/,Norges Bank,2024-05-07,10:15,p,6,38,https___www_norges_bank_no_en_news_events_news_Speeches_2024_2024_05_07_storting_,https___www_norges_bank_no_en_news_events_news_Speeches_2024_2024_05_07_storting__p6,2024,5
Institusjonelt ansvar / mandat,Institutional accountability / mandate,Annet / administrativt / ikke kodbar,Other / administrative / not codable,Speech,https://www.norges-bank.no/en/news-events/news/Speeches/2024/2024-05-07-storting/,Norges Bank,2024-05-07,10:15,p,7,45,https___www_norges_bank_no_en_news_events_news_Speeches_2024_2024_05_07_storting_,https___www_norges_bank_no_en_news_events_news_Speeches_2024_2024_05_07_storting__p7,2024,5
Institusjonelt ansvar / mandat,Institutional accountability / mandate,Rente og pengepolitisk linje,Interest rates and monetary stance,Speech,https://www.norges-bank.no/en/news-events/news/Speeches/2024/2024-05-07-storting/,Norges Bank,2024-05-07,10:15,p,8,15,https___www_norges_bank_no_en_news_events_news_Speeches_2024_2024_05_07_storting_,https___www_norges_bank_no_en_news_events_news_Speeches_2024_2024_05_07_storting__p8,2024,5
Utsikter / fremoverskuende signal,Outlook / forward guidance,Økonomisk aktivitet og arbeidsmarked,Economic activity and labor market,Speech,https://www.norges-bank.no/en/news-events/news/Speeches/2024/2024-05-07-storting/,Norges Bank,2024-05-07,10:15,p,9,67,https___www_norges_bank_no_en_news_events_news_Speeches_2024_2024_05_07_storting_,https___www_norges_bank_no_en_news_events_news_Speeches_2024_2024_05_07_storting__p9,2024,5
Utsikter / fremoverskuende signal,Outlook / forward guidance,Økonomisk aktivitet og arbeidsmarked,Economic activity and labor market,Speech,https://www.norges-bank.no/en/news-events/news/Speeches/2024/2024-05-07-storting/,Norges Bank,2024-05-07,10:15,p,10,100,https___www_norges_bank_no_en_news_events_news_Speeches_2024_2024_05_07_storting_,https___www_norges_bank_no_en_news_events_news_Speeches_2024_2024_05_07_storting__p10,2024,5
Økonomisk situasjonsbeskrivelse / diagnose,Economic assessment / diagnosis,Økonomisk aktivitet og arbeidsmarked,Economic activity and labor market,Speech,https://www.norges-bank.no/en/news-events/news/Speeches/2024/2024-05-07-storting/,Norges Bank,2024-05-07,10:15,p,11,14,https___www_norges_bank_no_en_news_events_news_Speeches_2024_2024_05_07_storting_,https___www_norges_bank_no_en_news_events_news_Speeches_2024_2024_05_07_storting__p11,2024,5
Økonomisk situasjonsbeskrivelse / diagnose,Economic assessment / diagnosis,Økonomisk aktivitet og arbeidsmarked,Economic activity and labor market,Speech,https://www.norges-bank.no/en/news-events/news/Speeches/2024/2024-05-07-storting/,Norges Bank,2024-05-07,10:15,p,12,94,https___www_norges_bank_no_en_news_events_news_Speeches_2024_2024_05_07_storting_,https___www_norges_bank_no_en_news_events_news_Speeches_2024_2024_05_07_storting__p12,2024,5
Økonomisk situasjonsbeskrivelse / diagnose,Economic assessment / diagnosis,Inflasjon og priser,Inflation and prices,Speech,https://www.norges-bank.no/en/news-events/news/Speeches/2024/2024-05-07-storting/,Norges Bank,2024-05-07,10:15,p,13,55,https___www_norges_bank_no_en_news_events_news_Speeches_2024_2024_05_07_storting_,https___www_norges_bank_no_en_news_events_news_Speeches_2024_2024_05_07_storting__p13,2024,5
Økonomisk situasjonsbeskrivelse / diagnose,Economic assessment / diagnosis,Økonomisk aktivitet og arbeidsmarked,Economic activity and labor market,Speech,https://www.norges-bank.no/en/news-events/news/Speeches/2024/2024-05-07-storting/,Norges Bank,2024-05-07,10:15,p,14,56,https___www_norges_bank_no_en_news_events_news_Speeches_2024_2024_05_07_storting_,https___www_norges_bank_no_en_news_events_news_Speeches_2024_2024_05_07_storting__p14,2024,5
Utsikter / fremoverskuende signal,Outlook / forward guidance,Valutakurs og eksterne forhold,Exchange rate and external conditions,Speech,https://www.norges-bank.no/en/news-events/news/Speeches/2024/2024-05-07-storting/,Norges Bank,2024-05-07,10:15,p,15,101,https___www_norges_bank_no_en_news_events_news_Speeches_2024_2024_05_07_storting_,https___www_norges_bank_no_en_news_events_news_Speeches_2024_2024_05_07_storting__p15,2024,5
Politikkforklaring / begrunnelse,Policy explanation / justification,Valutakurs og eksterne forhold,Exchange rate and external conditions,Speech,https://www.norges-bank.no/en/news-events/news/Speeches/2024/2024-05-07-storting/,Norges Bank,2024-05-07,10:15,p,16,103,https___www_norges_bank_no_en_news_events_news_Speeches_2024_2024_05_07_storting_,https___www_norges_bank_no_en_news_events_news_Speeches_2024_2024_05_07_storting__p16,2024,5
Politikkforklaring / begrunnelse,Policy explanation / justification,Inflasjon og priser,Inflation and prices,Speech,https://www.norges-bank.no/en/news-events/news/Speeches/2024/2024-05-07-storting/,Norges Bank,2024-05-07,10:15,p,17,69,https___www_norges_bank_no_en_news_events_news_Speeches_2024_2024_05_07_storting_,https___www_norges_bank_no_en_news_events_news_Speeches_2024_2024_05_07_storting__p17,2024,5
Utsikter / fremoverskuende signal,Outlook / forward guidance,Økonomisk aktivitet og arbeidsmarked,Economic activity and labor market,Speech,https://www.norges-bank.no/en/news-events/news/Speeches/2024/2024-05-07-storting/,Norges Bank,2024-05-07,10:15,p,18,79,https___www_norges_bank_no_en_news_events_news_Speeches_2024_2024_05_07_storting_,https___www_norges_bank_no_en_news_events_news_Speeches_2024_2024_05_07_storting__p18,2024,5
Politikkforklaring / begrunnelse,Policy explanation / justification,Økonomisk aktivitet og arbeidsmarked,Economic activity and labor market,Speech,https://www.norges-bank.no/en/news-events/news/Speeches/2024/2024-05-07-storting/,Norges Bank,2024-05-07,10:15,p,19,154,https___www_norges_bank_no_en_news_events_news_Speeches_2024_2024_05_07_storting_,https___www_norges_bank_no_en_news_events_news_Speeches_2024_2024_05_07_storting__p19,2024,5
Politikkforklaring / begrunnelse,Policy explanation / justification,Rente og pengepolitisk linje,Interest rates and monetary stance,Speech,https://www.norges-bank.no/en/news-events/news/Speeches/2024/2024-05-07-storting/,Norges Bank,2024-05-07,10:15,p,20,67,https___www_norges_bank_no_en_news_events_news_Speeches_2024_2024_05_07_storting_,https___www_norges_bank_no_en_news_events_news_Speeches_2024_2024_05_07_storting__p20,2024,5
Politikkforklaring / begrunnelse,Policy explanation / justification,Rente og pengepolitisk linje,Interest rates and monetary stance,Speech,https://www.norges-bank.no/en/news-events/news/Speeches/2024/2024-05-07-storting/,Norges Bank,2024-05-07,10:15,p,21,143,https___www_norges_bank_no_en_news_events_news_Speeches_2024_2024_05_07_storting_,https___www_norges_bank_no_en_news_events_news_Speeches_2024_2024_05_07_storting__p21,2024,5
Politikkforklaring / begrunnelse,Policy explanation / justification,Inflasjon og priser,Inflation and prices,Speech,https://www.norges-bank.no/en/news-events/news/Speeches/2024/2024-05-07-storting/,Norges Bank,2024-05-07,10:15,p,22,81,https___www_norges_bank_no_en_news_events_news_Speeches_2024_2024_05_07_storting_,https___www_norges_bank_no_en_news_events_news_Speeches_2024_2024_05_07_storting__p22,2024,5
Utsikter / fremoverskuende signal,Outlook / forward guidance,Inflasjon og priser,Inflation and prices,Speech,https://www.norges-bank.no/en/news-events/news/Speeches/2024/2024-05-07-storting/,Norges Bank,2024-05-07,10:15,p,23,56,https___www_norges_bank_no_en_news_events_news_Speeches_2024_2024_05_07_storting_,https___www_norges_bank_no_en_news_events_news_Speeches_2024_2024_05_07_storting__p23,2024,5
Utsikter / fremoverskuende signal,Outlook / forward guidance,Inflasjon og priser,Inflation and prices,Speech,https://www.norges-bank.no/en/news-events/news/Speeches/2024/2024-05-07-storting/,Norges Bank,2024-05-07,10:15,p,24,55,https___www_norges_bank_no_en_news_events_news_Speeches_2024_2024_05_07_storting_,https___www_norges_bank_no_en_news_events_news_Speeches_2024_2024_05_07_storting__p24,2024,5
Politikkforklaring / begrunnelse,Policy explanation / justification,Rente og pengepolitisk linje,Interest rates and monetary stance,Speech,https://www.norges-bank.no/en/news-events/news/Speeches/2024/2024-05-07-storting/,Norges Bank,2024-05-07,10:15,p,25,71,https___www_norges_bank_no_en_news_events_news_Speeches_2024_2024_05_07_storting_,https___www_norges_bank_no_en_news_events_news_Speeches_2024_2024_05_07_storting__p25,2024,5
Utsikter / fremoverskuende signal,Outlook / forward guidance,Inflasjon og priser,Inflation and prices,Speech,https://www.norges-bank.no/en/news-events/news/Speeches/2024/2024-05-07-storting/,Norges Bank,2024-05-07,10:15,p,26,63,https___www_norges_bank_no_en_news_events_news_Speeches_2024_2024_05_07_storting_,https___www_norges_bank_no_en_news_events_news_Speeches_2024_2024_05_07_storting__p26,2024,5
Utsikter / fremoverskuende signal,Outlook / forward guidance,Rente og pengepolitisk linje,Interest rates and monetary stance,Speech,https://www.norges-bank.no/en/news-events/news/Speeches/2024/2024-05-07-storting/,Norges Bank,2024-05-07,10:15,p,27,48,https___www_norges_bank_no_en_news_events_news_Speeches_2024_2024_05_07_storting_,https___www_norges_bank_no_en_news_events_news_Speeches_2024_2024_05_07_storting__p27,2024,5
Risiko / usikkerhet,Risk / uncertainty,Valutakurs og eksterne forhold,Exchange rate and external conditions,Speech,https://www.norges-bank.no/en/news-events/news/Speeches/2024/2024-05-07-storting/,Norges Bank,2024-05-07,10:15,p,28,104,https___www_norges_bank_no_en_news_events_news_Speeches_2024_2024_05_07_storting_,https___www_norges_bank_no_en_news_events_news_Speeches_2024_2024_05_07_storting__p28,2024,5
Institusjonelt ansvar / mandat,Institutional accountability / mandate,Inflasjon og priser,Inflation and prices,Speech,https://www.norges-bank.no/en/news-events/news/Speeches/2024/2024-05-07-storting/,Norges Bank,2024-05-07,10:15,p,29,86,https___www_norges_bank_no_en_news_events_news_Speeches_2024_2024_05_07_storting_,https___www_norges_bank_no_en_news_events_news_Speeches_2024_2024_05_07_storting__p29,2024,5
Institusjonelt ansvar / mandat,Institutional accountability / mandate,Økonomisk aktivitet og arbeidsmarked,Economic activity and labor market,Speech,https://www.norges-bank.no/en/news-events/news/Speeches/2024/2024-05-07-storting/,Norges Bank,2024-05-07,10:15,p,30,138,https___www_norges_bank_no_en_news_events_news_Speeches_2024_2024_05_07_storting_,https___www_norges_bank_no_en_news_events_news_Speeches_2024_2024_05_07_storting__p30,2024,5
Politikkforklaring / begrunnelse,Policy explanation / justification,Rente og pengepolitisk linje,Interest rates and monetary stance,Speech,https://www.norges-bank.no/en/news-events/news/Speeches/2024/2024-05-07-storting/,Norges Bank,2024-05-07,10:15,p,31,110,https___www_norges_bank_no_en_news_events_news_Speeches_2024_2024_05_07_storting_,https___www_norges_bank_no_en_news_events_news_Speeches_2024_2024_05_07_storting__p31,2024,5
Utsikter / fremoverskuende signal,Outlook / forward guidance,Annet / administrativt / ikke kodbar,Other / administrative / not codable,Speech,https://www.norges-bank.no/en/news-events/news/Speeches/2024/2024-05-07-storting/,Norges Bank,2024-05-07,10:15,p,32,3,https___www_norges_bank_no_en_news_events_news_Speeches_2024_2024_05_07_storting_,https___www_norges_bank_no_en_news_events_news_Speeches_2024_2024_05_07_storting__p32,2024,5
Utsikter / fremoverskuende signal,Outlook / forward guidance,Inflasjon og priser,Inflation and prices,Speech,https://www.norges-bank.no/en/news-events/news/Speeches/2024/2024-05-07-storting/,Norges Bank,2024-05-07,10:15,p,33,18,https___www_norges_bank_no_en_news_events_news_Speeches_2024_2024_05_07_storting_,https___www_norges_bank_no_en_news_events_news_Speeches_2024_2024_05_07_storting__p33,2024,5
Utsikter / fremoverskuende signal,Outlook / forward guidance,Økonomisk aktivitet og arbeidsmarked,Economic activity and labor market,Speech,https://www.norges-bank.no/en/news-events/news/Speeches/2024/2024-05-07-storting/,Norges Bank,2024-05-07,10:15,p,34,92,https___www_norges_bank_no_en_news_events_news_Speeches_2024_2024_05_07_storting_,https___www_norges_bank_no_en_news_events_news_Speeches_2024_2024_05_07_storting__p34,2024,5
Utsikter / fremoverskuende signal,Outlook / forward guidance,Rente og pengepolitisk linje,Interest rates and monetary stance,Speech,https://www.norges-bank.no/en/news-events/news/Speeches/2024/2024-05-07-storting/,Norges Bank,2024-05-07,10:15,p,35,65,https___www_norges_bank_no_en_news_events_news_Speeches_2024_2024_05_07_storting_,https___www_norges_bank_no_en_news_events_news_Speeches_2024_2024_05_07_storting__p35,2024,5
Institusjonelt ansvar / mandat,Institutional accountability / mandate,Annet / administrativt / ikke kodbar,Other / administrative / not codable,Speech,https://www.norges-bank.no/en/news-events/news/Speeches/2024/2024-05-07-storting/,Norges Bank,2024-05-07,10:15,p,36,11,https___www_norges_bank_no_en_news_events_news_Speeches_2024_2024_05_07_storting_,https___www_norges_bank_no_en_news_events_news_Speeches_2024_2024_05_07_storting__p36,2024,5
Utsikter / fremoverskuende signal,Outlook / forward guidance,Rente og pengepolitisk linje,Interest rates and monetary stance,Speech,https://www.norges-bank.no/en/news-events/news/Speeches/2024/2024-05-03-pc/,Norges Bank,2024-05-03,10:30,li,5,5,https___www_norges_bank_no_en_news_events_news_Speeches_2024_2024_05_03_pc_,https___www_norges_bank_no_en_news_events_news_Speeches_2024_2024_05_03_pc__p5,2024,5
Institusjonelt ansvar / mandat,Institutional accountability / mandate,Rente og pengepolitisk linje,Interest rates and monetary stance,Speech,https://www.norges-bank.no/en/news-events/news/Speeches/2024/2024-05-03-pc/,Norges Bank,2024-05-03,10:30,p,6,21,https___www_norges_bank_no_en_news_events_news_Speeches_2024_2024_05_03_pc_,https___www_norges_bank_no_en_news_events_news_Speeches_2024_2024_05_03_pc__p6,2024,5
Politikkforklaring / begrunnelse,Policy explanation / justification,Rente og pengepolitisk linje,Interest rates and monetary stance,Speech,https://www.norges-bank.no/en/news-events/news/Speeches/2024/2024-05-03-pc/,Norges Bank,2024-05-03,10:30,p,7,18,https___www_norges_bank_no_en_news_events_news_Speeches_2024_2024_05_03_pc_,https___www_norges_bank_no_en_news_events_news_Speeches_2024_2024_05_03_pc__p7,2024,5
Institusjonelt ansvar / mandat,Institutional accountability / mandate,Økonomisk aktivitet og arbeidsmarked,Economic activity and labor market,Speech,https://www.norges-bank.no/en/news-events/news/Speeches/2024/2024-05-03-pc/,Norges Bank,2024-05-03,10:30,p,8,39,https___www_norges_bank_no_en_news_events_news_Speeches_2024_2024_05_03_pc_,https___www_norges_bank_no_en_news_events_news_Speeches_2024_2024_05_03_pc__p8,2024,5
Utsikter / fremoverskuende signal,Outlook / forward guidance,Rente og pengepolitisk linje,Interest rates and monetary stance,Speech,https://www.norges-bank.no/en/news-events/news/Speeches/2024/2024-05-03-pc/,Norges Bank,2024-05-03,10:30,p,9,36,https___www_norges_bank_no_en_news_events_news_Speeches_2024_2024_05_03_pc_,https___www_norges_bank_no_en_news_events_news_Speeches_2024_2024_05_03_pc__p9,2024,5
Utsikter / fremoverskuende signal,Outlook / forward guidance,Inflasjon og priser,Inflation and prices,Speech,https://www.norges-bank.no/en/news-events/news/Speeches/2024/2024-05-03-pc/,Norges Bank,2024-05-03,10:30,p,10,27,https___www_norges_bank_no_en_news_events_news_Speeches_2024_2024_05_03_pc_,https___www_norges_bank_no_en_news_events_news_Speeches_2024_2024_05_03_pc__p10,2024,5
Utsikter / fremoverskuende signal,Outlook / forward guidance,Rente og pengepolitisk linje,Interest rates and monetary stance,Speech,https://www.norges-bank.no/en/news-events/news/Speeches/2024/2024-05-03-pc/,Norges Bank,2024-05-03,10:30,p,11,36,https___www_norges_bank_no_en_news_events_news_Speeches_2024_2024_05_03_pc_,https___www_norges_bank_no_en_news_events_news_Speeches_2024_2024_05_03_pc__p11,2024,5
Utsikter / fremoverskuende signal,Outlook / forward guidance,Valutakurs og eksterne forhold,Exchange rate and external conditions,Speech,https://www.norges-bank.no/en/news-events/news/Speeches/2024/2024-05-03-pc/,Norges Bank,2024-05-03,10:30,p,12,74,https___www_norges_bank_no_en_news_events_news_Speeches_2024_2024_05_03_pc_,https___www_norges_bank_no_en_news_events_news_Speeches_2024_2024_05_03_pc__p12,2024,5
Økonomisk situasjonsbeskrivelse / diagnose,Economic assessment / diagnosis,Økonomisk aktivitet og arbeidsmarked,Economic activity and labor market,Speech,https://www.norges-bank.no/en/news-events/news/Speeches/2024/2024-05-03-pc/,Norges Bank,2024-05-03,10:30,p,13,75,https___www_norges_bank_no_en_news_events_news_Speeches_2024_2024_05_03_pc_,https___www_norges_bank_no_en_news_events_news_Speeches_2024_2024_05_03_pc__p13,2024,5
Økonomisk situasjonsbeskrivelse / diagnose,Economic assessment / diagnosis,Økonomisk aktivitet og arbeidsmarked,Economic activity and labor market,Speech,https://www.norges-bank.no/en/news-events/news/Speeches/2024/2024-05-03-pc/,Norges Bank,2024-05-03,10:30,p,14,38,https___www_norges_bank_no_en_news_events_news_Speeches_2024_2024_05_03_pc_,https___www_norges_bank_no_en_news_events_news_Speeches_2024_2024_05_03_pc__p14,2024,5
Økonomisk situasjonsbeskrivelse / diagnose,Economic assessment / diagnosis,Inflasjon og priser,Inflation and prices,Speech,https://www.norges-bank.no/en/news-events/news/Speeches/2024/2024-05-03-pc/,Norges Bank,2024-05-03,10:30,p,15,38,https___www_norges_bank_no_en_news_events_news_Speeches_2024_2024_05_03_pc_,https___www_norges_bank_no_en_news_events_news_Speeches_2024_2024_05_03_pc__p15,2024,5
Utsikter / fremoverskuende signal,Outlook / forward guidance,Inflasjon og priser,Inflation and prices,Speech,https://www.norges-bank.no/en/news-events/news/Speeches/2024/2024-05-03-pc/,Norges Bank,2024-05-03,10:30,p,16,29,https___www_norges_bank_no_en_news_events_news_Speeches_2024_2024_05_03_pc_,https___www_norges_bank_no_en_news_events_news_Speeches_2024_2024_05_03_pc__p16,2024,5
Utsikter / fremoverskuende signal,Outlook / forward guidance,Økonomisk aktivitet og arbeidsmarked,Economic activity and labor market,Speech,https://www.norges-bank.no/en/news-events/news/Speeches/2024/2024-05-03-pc/,Norges Bank,2024-05-03,10:30,p,17,33,https___www_norges_bank_no_en_news_events_news_Speeches_2024_2024_05_03_pc_,https___www_norges_bank_no_en_news_events_news_Speeches_2024_2024_05_03_pc__p17,2024,5
Politikkforklaring / begrunnelse,Policy explanation / justification,Inflasjon og priser,Inflation and prices,Speech,https://www.norges-bank.no/en/news-events/news/Speeches/2024/2024-05-03-pc/,Norges Bank,2024-05-03,10:30,p,18,46,https___www_norges_bank_no_en_news_events_news_Speeches_2024_2024_05_03_pc_,https___www_norges_bank_no_en_news_events_news_Speeches_2024_2024_05_03_pc__p18,2024,5
Utsikter / fremoverskuende signal,Outlook / forward guidance,Inflasjon og priser,Inflation and prices,Speech,https://www.norges-bank.no/en/news-events/news/Speeches/2024/2024-05-03-pc/,Norges Bank,2024-05-03,10:30,p,19,51,https___www_norges_bank_no_en_news_events_news_Speeches_2024_2024_05_03_pc_,https___www_norges_bank_no_en_news_events_news_Speeches_2024_2024_05_03_pc__p19,2024,5
Utsikter / fremoverskuende signal,Outlook / forward guidance,Økonomisk aktivitet og arbeidsmarked,Economic activity and labor market,Speech,https://www.norges-bank.no/en/news-events/news/Speeches/2024/2024-05-03-pc/,Norges Bank,2024-05-03,10:30,p,20,53,https___www_norges_bank_no_en_news_events_news_Speeches_2024_2024_05_03_pc_,https___www_norges_bank_no_en_news_events_news_Speeches_2024_2024_05_03_pc__p20,2024,5
Utsikter / fremoverskuende signal,Outlook / forward guidance,Rente og pengepolitisk linje,Interest rates and monetary stance,Speech,https://www.norges-bank.no/en/news-events/news/Speeches/2024/2024-05-03-pc/,Norges Bank,2024-05-03,10:30,p,21,61,https___www_norges_bank_no_en_news_events_news_Speeches_2024_2024_05_03_pc_,https___www_norges_bank_no_en_news_events_news_Speeches_2024_2024_05_03_pc__p21,2024,5
Utsikter / fremoverskuende signal,Outlook / forward guidance,Rente og pengepolitisk linje,Interest rates and monetary stance,Speech,https://www.norges-bank.no/en/news-events/news/Speeches/2024/2024-05-03-pc/,Norges Bank,2024-05-03,10:30,p,22,70,https___www_norges_bank_no_en_news_events_news_Speeches_2024_2024_05_03_pc_,https___www_norges_bank_no_en_news_events_news_Speeches_2024_2024_05_03_pc__p22,2024,5
Institusjonelt ansvar / mandat,Institutional accountability / mandate,Rente og pengepolitisk linje,Interest rates and monetary stance,Speech,https://www.norges-bank.no/en/news-events/news/Speeches/2024/2024-05-03-pc/,Norges Bank,2024-05-03,10:30,p,23,42,https___www_norges_bank_no_en_news_events_news_Speeches_2024_2024_05_03_pc_,https___www_norges_bank_no_en_news_events_news_Speeches_2024_2024_05_03_pc__p23,2024,5
Utsikter / fremoverskuende signal,Outlook / forward guidance,Økonomisk aktivitet og arbeidsmarked,Economic activity and labor market,Speech,https://www.norges-bank.no/en/news-events/news/Speeches/2024/2024-05-03-pc/,Norges Bank,2024-05-03,10:30,p,24,91,https___www_norges_bank_no_en_news_events_news_Speeches_2024_2024_05_03_pc_,https___www_norges_bank_no_en_news_events_news_Speeches_2024_2024_05_03_pc__p24,2024,5
Institusjonelt ansvar / mandat,Institutional accountability / mandate,Annet / administrativt / ikke kodbar,Other / administrative / not codable,Speech,https://www.norges-bank.no/en/news-events/news/Speeches/2024/2024-05-03-pc/,Norges Bank,2024-05-03,10:30,p,25,13,https___www_norges_bank_no_en_news_events_news_Speeches_2024_2024_05_03_pc_,https___www_norges_bank_no_en_news_events_news_Speeches_2024_2024_05_03_pc__p25,2024,5
Utsikter / fremoverskuende signal,Outlook / forward guidance,Rente og pengepolitisk linje,Interest rates and monetary stance,Speech,https://www.norges-bank.no/en/news-events/news/Speeches/2024/2024-05-03-pc/,Norges Bank,2024-05-03,10:30,li,26,5,https___www_norges_bank_no_en_news_events_news_Speeches_2024_2024_05_03_pc_,https___www_norges_bank_no_en_news_events_news_Speeches_2024_2024_05_03_pc__p26,2024,5
Institusjonelt ansvar / mandat,Institutional accountability / mandate,Rente og pengepolitisk linje,Interest rates and monetary stance,Speech,https://www.norges-bank.no/en/news-events/news/Speeches/2024/2024-04-30-spu-tangen/,Norges Bank,2024-04-30,10:20,li,5,4,https___www_norges_bank_no_en_news_events_news_Speeches_2024_2024_04_30_spu_tangen_,https___www_norges_bank_no_en_news_events_news_Speeches_2024_2024_04_30_spu_tangen__p5,2024,4
Institusjonelt ansvar / mandat,Institutional accountability / mandate,Annet / administrativt / ikke kodbar,Other / administrative / not codable,Speech,https://www.norges-bank.no/en/news-events/news/Speeches/2024/2024-04-30-spu-tangen/,Norges Bank,2024-04-30,10:20,p,6,31,https___www_norges_bank_no_en_news_events_news_Speeches_2024_2024_04_30_spu_tangen_,https___www_norges_bank_no_en_news_events_news_Speeches_2024_2024_04_30_spu_tangen__p6,2024,4
Institusjonelt ansvar / mandat,Institutional accountability / mandate,Økonomisk aktivitet og arbeidsmarked,Economic activity and labor market,Speech,https://www.norges-bank.no/en/news-events/news/Speeches/2024/2024-04-30-spu-tangen/,Norges Bank,2024-04-30,10:20,p,7,19,https___www_norges_bank_no_en_news_events_news_Speeches_2024_2024_04_30_spu_tangen_,https___www_norges_bank_no_en_news_events_news_Speeches_2024_2024_04_30_spu_tangen__p7,2024,4
Institusjonelt ansvar / mandat,Institutional accountability / mandate,Annet / administrativt / ikke kodbar,Other / administrative / not codable,Speech,https://www.norges-bank.no/en/news-events/news/Speeches/2024/2024-04-30-spu-tangen/,Norges Bank,2024-04-30,10:20,p,8,20,https___www_norges_bank_no_en_news_events_news_Speeches_2024_2024_04_30_spu_tangen_,https___www_norges_bank_no_en_news_events_news_Speeches_2024_2024_04_30_spu_tangen__p8,2024,4
Annet / administrativt / ikke kodbar,Other / administrative / not codable,Annet / administrativt / ikke kodbar,Other / administrative / not codable,Speech,https://www.norges-bank.no/en/news-events/news/Speeches/2024/2024-04-30-spu-tangen/,Norges Bank,2024-04-30,10:20,p,9,48,https___www_norges_bank_no_en_news_events_news_Speeches_2024_2024_04_30_spu_tangen_,https___www_norges_bank_no_en_news_events_news_Speeches_2024_2024_04_30_spu_tangen__p9,2024,4
Institusjonelt ansvar / mandat,Institutional accountability / mandate,Annet / administrativt / ikke kodbar,Other / administrative / not codable,Speech,https://www.norges-bank.no/en/news-events/news/Speeches/2024/2024-04-30-spu-tangen/,Norges Bank,2024-04-30,10:20,p,10,35,https___www_norges_bank_no_en_news_events_news_Speeches_2024_2024_04_30_spu_tangen_,https___www_norges_bank_no_en_news_events_news_Speeches_2024_2024_04_30_spu_tangen__p10,2024,4
Annet / administrativt / ikke kodbar,Other / administrative / not codable,Annet / administrativt / ikke kodbar,Other / administrative / not codable,Speech,https://www.norges-bank.no/en/news-events/news/Speeches/2024/2024-04-30-spu-tangen/,Norges Bank,2024-04-30,10:20,p,11,47,https___www_norges_bank_no_en_news_events_news_Speeches_2024_2024_04_30_spu_tangen_,https___www_norges_bank_no_en_news_events_news_Speeches_2024_2024_04_30_spu_tangen__p11,2024,4
Institusjonelt ansvar / mandat,Institutional accountability / mandate,Annet / administrativt / ikke kodbar,Other / administrative / not codable,Speech,https://www.norges-bank.no/en/news-events/news/Speeches/2024/2024-04-30-spu-tangen/,Norges Bank,2024-04-30,10:20,p,12,34,https___www_norges_bank_no_en_news_events_news_Speeches_2024_2024_04_30_spu_tangen_,https___www_norges_bank_no_en_news_events_news_Speeches_2024_2024_04_30_spu_tangen__p12,2024,4
Annet / administrativt / ikke kodbar,Other / administrative / not codable,Annet / administrativt / ikke kodbar,Other / administrative / not codable,Speech,https://www.norges-bank.no/en/news-events/news/Speeches/2024/2024-04-30-spu-tangen/,Norges Bank,2024-04-30,10:20,p,13,27,https___www_norges_bank_no_en_news_events_news_Speeches_2024_2024_04_30_spu_tangen_,https___www_norges_bank_no_en_news_events_news_Speeches_2024_2024_04_30_spu_tangen__p13,2024,4
Utsikter / fremoverskuende signal,Outlook / forward guidance,Finansiell stabilitet og bank,Financial stability and banking,Speech,https://www.norges-bank.no/en/news-events/news/Speeches/2024/2024-04-30-spu-tangen/,Norges Bank,2024-04-30,10:20,p,14,41,https___www_norges_bank_no_en_news_events_news_Speeches_2024_2024_04_30_spu_tangen_,https___www_norges_bank_no_en_news_events_news_Speeches_2024_2024_04_30_spu_tangen__p14,2024,4
Økonomisk situasjonsbeskrivelse / diagnose,Economic assessment / diagnosis,Finansiell stabilitet og bank,Financial stability and banking,Speech,https://www.norges-bank.no/en/news-events/news/Speeches/2024/2024-04-30-spu-tangen/,Norges Bank,2024-04-30,10:20,p,15,63,https___www_norges_bank_no_en_news_events_news_Speeches_2024_2024_04_30_spu_tangen_,https___www_norges_bank_no_en_news_events_news_Speeches_2024_2024_04_30_spu_tangen__p15,2024,4
Utsikter / fremoverskuende signal,Outlook / forward guidance,Finansiell stabilitet og bank,Financial stability and banking,Speech,https://www.norges-bank.no/en/news-events/news/Speeches/2024/2024-04-30-spu-tangen/,Norges Bank,2024-04-30,10:20,p,16,36,https___www_norges_bank_no_en_news_events_news_Speeches_2024_2024_04_30_spu_tangen_,https___www_norges_bank_no_en_news_events_news_Speeches_2024_2024_04_30_spu_tangen__p16,2024,4
Risiko / usikkerhet,Risk / uncertainty,Finansiell stabilitet og bank,Financial stability and banking,Speech,https://www.norges-bank.no/en/news-events/news/Speeches/2024/2024-04-30-spu-tangen/,Norges Bank,2024-04-30,10:20,p,17,73,https___www_norges_bank_no_en_news_events_news_Speeches_2024_2024_04_30_spu_tangen_,https___www_norges_bank_no_en_news_events_news_Speeches_2024_2024_04_30_spu_tangen__p17,2024,4
Utsikter / fremoverskuende signal,Outlook / forward guidance,Inflasjon og priser,Inflation and prices,Speech,https://www.norges-bank.no/en/news-events/news/Speeches/2024/2024-04-30-spu-tangen/,Norges Bank,2024-04-30,10:20,p,18,79,https___www_norges_bank_no_en_news_events_news_Speeches_2024_2024_04_30_spu_tangen_,https___www_norges_bank_no_en_news_events_news_Speeches_2024_2024_04_30_spu_tangen__p18,2024,4
Utsikter / fremoverskuende signal,Outlook / forward guidance,Annet / administrativt / ikke kodbar,Other / administrative / not codable,Speech,https://www.norges-bank.no/en/news-events/news/Speeches/2024/2024-04-30-spu-tangen/,Norges Bank,2024-04-30,10:20,p,19,17,https___www_norges_bank_no_en_news_events_news_Speeches_2024_2024_04_30_spu_tangen_,https___www_norges_bank_no_en_news_events_news_Speeches_2024_2024_04_30_spu_tangen__p19,2024,4
Annet / administrativt / ikke kodbar,Other / administrative / not codable,Annet / administrativt / ikke kodbar,Other / administrative / not codable,Speech,https://www.norges-bank.no/en/news-events/news/Speeches/2024/2024-04-30-spu-tangen/,Norges Bank,2024-04-30,10:20,p,20,75,https___www_norges_bank_no_en_news_events_news_Speeches_2024_2024_04_30_spu_tangen_,https___www_norges_bank_no_en_news_events_news_Speeches_2024_2024_04_30_spu_tangen__p20,2024,4
Utsikter / fremoverskuende signal,Outlook / forward guidance,Annet / administrativt / ikke kodbar,Other / administrative / not codable,Speech,https://www.norges-bank.no/en/news-events/news/Speeches/2024/2024-04-30-spu-tangen/,Norges Bank,2024-04-30,10:20,p,21,46,https___www_norges_bank_no_en_news_events_news_Speeches_2024_2024_04_30_spu_tangen_,https___www_norges_bank_no_en_news_events_news_Speeches_2024_2024_04_30_spu_tangen__p21,2024,4
Institusjonelt ansvar / mandat,Institutional accountability / mandate,Finansiell stabilitet og bank,Financial stability and banking,Speech,https://www.norges-bank.no/en/news-events/news/Speeches/2024/2024-04-30-spu-tangen/,Norges Bank,2024-04-30,10:20,p,22,50,https___www_norges_bank_no_en_news_events_news_Speeches_2024_2024_04_30_spu_tangen_,https___www_norges_bank_no_en_news_events_news_Speeches_2024_2024_04_30_spu_tangen__p22,2024,4
Institusjonelt ansvar / mandat,Institutional accountability / mandate,Valutakurs og eksterne forhold,Exchange rate and external conditions,Speech,https://www.norges-bank.no/en/news-events/news/Speeches/2024/2024-04-30-spu-tangen/,Norges Bank,2024-04-30,10:20,p,23,46,https___www_norges_bank_no_en_news_events_news_Speeches_2024_2024_04_30_spu_tangen_,https___www_norges_bank_no_en_news_events_news_Speeches_2024_2024_04_30_spu_tangen__p23,2024,4
Risiko / usikkerhet,Risk / uncertainty,Valutakurs og eksterne forhold,Exchange rate and external conditions,Speech,https://www.norges-bank.no/en/news-events/news/Speeches/2024/2024-04-30-spu-tangen/,Norges Bank,2024-04-30,10:20,p,24,33,https___www_norges_bank_no_en_news_events_news_Speeches_2024_2024_04_30_spu_tangen_,https___www_norges_bank_no_en_news_events_news_Speeches_2024_2024_04_30_spu_tangen__p24,2024,4
Utsikter / fremoverskuende signal,Outlook / forward guidance,Økonomisk aktivitet og arbeidsmarked,Economic activity and labor market,Speech,https://www.norges-bank.no/en/news-events/news/Speeches/2024/2024-04-30-spu-tangen/,Norges Bank,2024-04-30,10:20,p,25,64,https___www_norges_bank_no_en_news_events_news_Speeches_2024_2024_04_30_spu_tangen_,https___www_norges_bank_no_en_news_events_news_Speeches_2024_2024_04_30_spu_tangen__p25,2024,4
Risiko / usikkerhet,Risk / uncertainty,Finansiell stabilitet og bank,Financial stability and banking,Speech,https://www.norges-bank.no/en/news-events/news/Speeches/2024/2024-04-30-spu-tangen/,Norges Bank,2024-04-30,10:20,p,26,30,https___www_norges_bank_no_en_news_events_news_Speeches_2024_2024_04_30_spu_tangen_,https___www_norges_bank_no_en_news_events_news_Speeches_2024_2024_04_30_spu_tangen__p26,2024,4
Institusjonelt ansvar / mandat,Institutional accountability / mandate,Annet / administrativt / ikke kodbar,Other / administrative / not codable,Speech,https://www.norges-bank.no/en/news-events/news/Speeches/2024/2024-04-30-spu-tangen/,Norges Bank,2024-04-30,10:20,p,27,47,https___www_norges_bank_no_en_news_events_news_Speeches_2024_2024_04_30_spu_tangen_,https___www_norges_bank_no_en_news_events_news_Speeches_2024_2024_04_30_spu_tangen__p27,2024,4
Institusjonelt ansvar / mandat,Institutional accountability / mandate,Finansiell stabilitet og bank,Financial stability and banking,Speech,https://www.norges-bank.no/en/news-events/news/Speeches/2024/2024-04-30-spu-tangen/,Norges Bank,2024-04-30,10:20,p,28,33,https___www_norges_bank_no_en_news_events_news_Speeches_2024_2024_04_30_spu_tangen_,https___www_norges_bank_no_en_news_events_news_Speeches_2024_2024_04_30_spu_tangen__p28,2024,4
Risiko / usikkerhet,Risk / uncertainty,Finansiell stabilitet og bank,Financial stability and banking,Speech,https://www.norges-bank.no/en/news-events/news/Speeches/2024/2024-04-30-spu-tangen/,Norges Bank,2024-04-30,10:20,p,29,33,https___www_norges_bank_no_en_news_events_news_Speeches_2024_2024_04_30_spu_tangen_,https___www_norges_bank_no_en_news_events_news_Speeches_2024_2024_04_30_spu_tangen__p29,2024,4
Institusjonelt ansvar / mandat,Institutional accountability / mandate,Finansiell stabilitet og bank,Financial stability and banking,Speech,https://www.norges-bank.no/en/news-events/news/Speeches/2024/2024-04-30-spu-tangen/,Norges Bank,2024-04-30,10:20,p,30,56,https___www_norges_bank_no_en_news_events_news_Speeches_2024_2024_04_30_spu_tangen_,https___www_norges_bank_no_en_news_events_news_Speeches_2024_2024_04_30_spu_tangen__p30,2024,4
Institusjonelt ansvar / mandat,Institutional accountability / mandate,Finansiell stabilitet og bank,Financial stability and banking,Speech,https://www.norges-bank.no/en/news-events/news/Speeches/2024/2024-04-30-spu-tangen/,Norges Bank,2024-04-30,10:20,p,31,46,https___www_norges_bank_no_en_news_events_news_Speeches_2024_2024_04_30_spu_tangen_,https___www_norges_bank_no_en_news_events_news_Speeches_2024_2024_04_30_spu_tangen__p31,2024,4
Institusjonelt ansvar / mandat,Institutional accountability / mandate,Finansiell stabilitet og bank,Financial stability and banking,Speech,https://www.norges-bank.no/en/news-events/news/Speeches/2024/2024-04-30-spu-tangen/,Norges Bank,2024-04-30,10:20,p,32,65,https___www_norges_bank_no_en_news_events_news_Speeches_2024_2024_04_30_spu_tangen_,https___www_norges_bank_no_en_news_events_news_Speeches_2024_2024_04_30_spu_tangen__p32,2024,4
Institusjonelt ansvar / mandat,Institutional accountability / mandate,Annet / administrativt / ikke kodbar,Other / administrative / not codable,Speech,https://www.norges-bank.no/en/news-events/news/Speeches/2024/2024-04-30-spu-tangen/,Norges Bank,2024-04-30,10:20,p,33,42,https___www_norges_bank_no_en_news_events_news_Speeches_2024_2024_04_30_spu_tangen_,https___www_norges_bank_no_en_news_events_news_Speeches_2024_2024_04_30_spu_tangen__p33,2024,4
Institusjonelt ansvar / mandat,Institutional accountability / mandate,Annet / administrativt / ikke kodbar,Other / administrative / not codable,Speech,https://www.norges-bank.no/en/news-events/news/Speeches/2024/2024-04-30-spu-tangen/,Norges Bank,2024-04-30,10:20,p,34,29,https___www_norges_bank_no_en_news_events_news_Speeches_2024_2024_04_30_spu_tangen_,https___www_norges_bank_no_en_news_events_news_Speeches_2024_2024_04_30_spu_tangen__p34,2024,4
Institusjonelt ansvar / mandat,Institutional accountability / mandate,Økonomisk aktivitet og arbeidsmarked,Economic activity and labor market,Speech,https://www.norges-bank.no/en/news-events/news/Speeches/2024/2024-04-30-spu-tangen/,Norges Bank,2024-04-30,10:20,p,35,71,https___www_norges_bank_no_en_news_events_news_Speeches_2024_2024_04_30_spu_tangen_,https___www_norges_bank_no_en_news_events_news_Speeches_2024_2024_04_30_spu_tangen__p35,2024,4
Politikkforklaring / begrunnelse,Policy explanation / justification,Finansiell stabilitet og bank,Financial stability and banking,Speech,https://www.norges-bank.no/en/news-events/news/Speeches/2024/2024-04-30-spu-tangen/,Norges Bank,2024-04-30,10:20,p,36,71,https___www_norges_bank_no_en_news_events_news_Speeches_2024_2024_04_30_spu_tangen_,https___www_norges_bank_no_en_news_events_news_Speeches_2024_2024_04_30_spu_tangen__p36,2024,4
Utsikter / fremoverskuende signal,Outlook / forward guidance,Finansiell stabilitet og bank,Financial stability and banking,Speech,https://www.norges-bank.no/en/news-events/news/Speeches/2024/2024-04-30-spu-tangen/,Norges Bank,2024-04-30,10:20,p,37,33,https___www_norges_bank_no_en_news_events_news_Speeches_2024_2024_04_30_spu_tangen_,https___www_norges_bank_no_en_news_events_news_Speeches_2024_2024_04_30_spu_tangen__p37,2024,4
Institusjonelt ansvar / mandat,Institutional accountability / mandate,Annet / administrativt / ikke kodbar,Other / administrative / not codable,Speech,https://www.norges-bank.no/en/news-events/news/Speeches/2024/2024-04-30-spu-tangen/,Norges Bank,2024-04-30,10:20,p,38,76,https___www_norges_bank_no_en_news_events_news_Speeches_2024_2024_04_30_spu_tangen_,https___www_norges_bank_no_en_news_events_news_Speeches_2024_2024_04_30_spu_tangen__p38,2024,4
Annet / administrativt / ikke kodbar,Other / administrative / not codable,Annet / administrativt / ikke kodbar,Other / administrative / not codable,Speech,https://www.norges-bank.no/en/news-events/news/Speeches/2024/2024-04-30-spu-tangen/,Norges Bank,2024-04-30,10:20,p,39,50,https___www_norges_bank_no_en_news_events_news_Speeches_2024_2024_04_30_spu_tangen_,https___www_norges_bank_no_en_news_events_news_Speeches_2024_2024_04_30_spu_tangen__p39,2024,4
Annet / administrativt / ikke kodbar,Other / administrative / not codable,Annet / administrativt / ikke kodbar,Other / administrative / not codable,Speech,https://www.norges-bank.no/en/news-events/news/Speeches/2024/2024-04-30-spu-tangen/,Norges Bank,2024-04-30,10:20,p,40,31,https___www_norges_bank_no_en_news_events_news_Speeches_2024_2024_04_30_spu_tangen_,https___www_norges_bank_no_en_news_events_news_Speeches_2024_2024_04_30_spu_tangen__p40,2024,4
Utsikter / fremoverskuende signal,Outlook / forward guidance,Økonomisk aktivitet og arbeidsmarked,Economic activity and labor market,Speech,https://www.norges-bank.no/en/news-events/news/Speeches/2024/2024-04-30-spu-tangen/,Norges Bank,2024-04-30,10:20,p,41,42,https___www_norges_bank_no_en_news_events_news_Speeches_2024_2024_04_30_spu_tangen_,https___www_norges_bank_no_en_news_events_news_Speeches_2024_2024_04_30_spu_tangen__p41,2024,4
Institusjonelt ansvar / mandat,Institutional accountability / mandate,Annet / administrativt / ikke kodbar,Other / administrative / not codable,Speech,https://www.norges-bank.no/en/news-events/news/Speeches/2024/2024-04-30-spu-tangen/,Norges Bank,2024-04-30,10:20,p,42,49,https___www_norges_bank_no_en_news_events_news_Speeches_2024_2024_04_30_spu_tangen_,https___www_norges_bank_no_en_news_events_news_Speeches_2024_2024_04_30_spu_tangen__p42,2024,4
Institusjonelt ansvar / mandat,Institutional accountability / mandate,Finansiell stabilitet og bank,Financial stability and banking,Speech,https://www.norges-bank.no/en/news-events/news/Speeches/2024/2024-04-30-spu-tangen/,Norges Bank,2024-04-30,10:20,p,43,38,https___www_norges_bank_no_en_news_events_news_Speeches_2024_2024_04_30_spu_tangen_,https___www_norges_bank_no_en_news_events_news_Speeches_2024_2024_04_30_spu_tangen__p43,2024,4
Institusjonelt ansvar / mandat,Institutional accountability / mandate,Økonomisk aktivitet og arbeidsmarked,Economic activity and labor market,Speech,https://www.norges-bank.no/en/news-events/news/Speeches/2024/2024-04-30-spu-tangen/,Norges Bank,2024-04-30,10:20,li,45,6,https___www_norges_bank_no_en_news_events_news_Speeches_2024_2024_04_30_spu_tangen_,https___www_norges_bank_no_en_news_events_news_Speeches_2024_2024_04_30_spu_tangen__p45,2024,4
Institusjonelt ansvar / mandat,Institutional accountability / mandate,Økonomisk aktivitet og arbeidsmarked,Economic activity and labor market,Speech,https://www.norges-bank.no/en/news-events/news/Speeches/2024/2024-04-30-spu-tangen/,Norges Bank,2024-04-30,10:20,li,46,4,https___www_norges_bank_no_en_news_events_news_Speeches_2024_2024_04_30_spu_tangen_,https___www_norges_bank_no_en_news_events_news_Speeches_2024_2024_04_30_spu_tangen__p46,2024,4
Institusjonelt ansvar / mandat,Institutional accountability / mandate,Rente og pengepolitisk linje,Interest rates and monetary stance,Speech,https://www.norges-bank.no/en/news-events/news/Speeches/2024/2024-04-30-spu-bache/,Norges Bank,2024-04-30,10:20,li,5,4,https___www_norges_bank_no_en_news_events_news_Speeches_2024_2024_04_30_spu_bache_,https___www_norges_bank_no_en_news_events_news_Speeches_2024_2024_04_30_spu_bache__p5,2024,4
Institusjonelt ansvar / mandat,Institutional accountability / mandate,Annet / administrativt / ikke kodbar,Other / administrative / not codable,Speech,https://www.norges-bank.no/en/news-events/news/Speeches/2024/2024-04-30-spu-bache/,Norges Bank,2024-04-30,10:20,p,6,31,https___www_norges_bank_no_en_news_events_news_Speeches_2024_2024_04_30_spu_bache_,https___www_norges_bank_no_en_news_events_news_Speeches_2024_2024_04_30_spu_bache__p6,2024,4
Institusjonelt ansvar / mandat,Institutional accountability / mandate,Økonomisk aktivitet og arbeidsmarked,Economic activity and labor market,Speech,https://www.norges-bank.no/en/news-events/news/Speeches/2024/2024-04-30-spu-bache/,Norges Bank,2024-04-30,10:20,p,7,19,https___www_norges_bank_no_en_news_events_news_Speeches_2024_2024_04_30_spu_bache_,https___www_norges_bank_no_en_news_events_news_Speeches_2024_2024_04_30_spu_bache__p7,2024,4
Institusjonelt ansvar / mandat,Institutional accountability / mandate,Annet / administrativt / ikke kodbar,Other / administrative / not codable,Speech,https://www.norges-bank.no/en/news-events/news/Speeches/2024/2024-04-30-spu-bache/,Norges Bank,2024-04-30,10:20,p,8,17,https___www_norges_bank_no_en_news_events_news_Speeches_2024_2024_04_30_spu_bache_,https___www_norges_bank_no_en_news_events_news_Speeches_2024_2024_04_30_spu_bache__p8,2024,4
Politikkforklaring / begrunnelse,Policy explanation / justification,Finansiell stabilitet og bank,Financial stability and banking,Speech,https://www.norges-bank.no/en/news-events/news/Speeches/2024/2024-04-30-spu-bache/,Norges Bank,2024-04-30,10:20,p,9,52,https___www_norges_bank_no_en_news_events_news_Speeches_2024_2024_04_30_spu_bache_,https___www_norges_bank_no_en_news_events_news_Speeches_2024_2024_04_30_spu_bache__p9,2024,4
Risiko / usikkerhet,Risk / uncertainty,Inflasjon og priser,Inflation and prices,Speech,https://www.norges-bank.no/en/news-events/news/Speeches/2024/2024-04-30-spu-bache/,Norges Bank,2024-04-30,10:20,p,10,87,https___www_norges_bank_no_en_news_events_news_Speeches_2024_2024_04_30_spu_bache_,https___www_norges_bank_no_en_news_events_news_Speeches_2024_2024_04_30_spu_bache__p10,2024,4
Risiko / usikkerhet,Risk / uncertainty,Finansiell stabilitet og bank,Financial stability and banking,Speech,https://www.norges-bank.no/en/news-events/news/Speeches/2024/2024-04-30-spu-bache/,Norges Bank,2024-04-30,10:20,p,11,28,https___www_norges_bank_no_en_news_events_news_Speeches_2024_2024_04_30_spu_bache_,https___www_norges_bank_no_en_news_events_news_Speeches_2024_2024_04_30_spu_bache__p11,2024,4
Økonomisk situasjonsbeskrivelse / diagnose,Economic assessment / diagnosis,Finansiell stabilitet og bank,Financial stability and banking,Speech,https://www.norges-bank.no/en/news-events/news/Speeches/2024/2024-04-30-spu-bache/,Norges Bank,2024-04-30,10:20,p,12,104,https___www_norges_bank_no_en_news_events_news_Speeches_2024_2024_04_30_spu_bache_,https___www_norges_bank_no_en_news_events_news_Speeches_2024_2024_04_30_spu_bache__p12,2024,4
Utsikter / fremoverskuende signal,Outlook / forward guidance,Finansiell stabilitet og bank,Financial stability and banking,Speech,https://www.norges-bank.no/en/news-events/news/Speeches/2024/2024-04-30-spu-bache/,Norges Bank,2024-04-30,10:20,p,13,56,https___www_norges_bank_no_en_news_events_news_Speeches_2024_2024_04_30_spu_bache_,https___www_norges_bank_no_en_news_events_news_Speeches_2024_2024_04_30_spu_bache__p13,2024,4
Politikkforklaring / begrunnelse,Policy explanation / justification,Finansiell stabilitet og bank,Financial stability and banking,Speech,https://www.norges-bank.no/en/news-events/news/Speeches/2024/2024-04-30-spu-bache/,Norges Bank,2024-04-30,10:20,p,14,58,https___www_norges_bank_no_en_news_events_news_Speeches_2024_2024_04_30_spu_bache_,https___www_norges_bank_no_en_news_events_news_Speeches_2024_2024_04_30_spu_bache__p14,2024,4
Institusjonelt ansvar / mandat,Institutional accountability / mandate,Annet / administrativt / ikke kodbar,Other / administrative / not codable,Speech,https://www.norges-bank.no/en/news-events/news/Speeches/2024/2024-04-30-spu-bache/,Norges Bank,2024-04-30,10:20,p,15,52,https___www_norges_bank_no_en_news_events_news_Speeches_2024_2024_04_30_spu_bache_,https___www_norges_bank_no_en_news_events_news_Speeches_2024_2024_04_30_spu_bache__p15,2024,4
Politikkforklaring / begrunnelse,Policy explanation / justification,Finansiell stabilitet og bank,Financial stability and banking,Speech,https://www.norges-bank.no/en/news-events/news/Speeches/2024/2024-04-30-spu-bache/,Norges Bank,2024-04-30,10:20,p,16,46,https___www_norges_bank_no_en_news_events_news_Speeches_2024_2024_04_30_spu_bache_,https___www_norges_bank_no_en_news_events_news_Speeches_2024_2024_04_30_spu_bache__p16,2024,4
Politikkforklaring / begrunnelse,Policy explanation / justification,Finansiell stabilitet og bank,Financial stability and banking,Speech,https://www.norges-bank.no/en/news-events/news/Speeches/2024/2024-04-30-spu-bache/,Norges Bank,2024-04-30,10:20,p,17,115,https___www_norges_bank_no_en_news_events_news_Speeches_2024_2024_04_30_spu_bache_,https___www_norges_bank_no_en_news_events_news_Speeches_2024_2024_04_30_spu_bache__p17,2024,4
Politikkforklaring / begrunnelse,Policy explanation / justification,Finansiell stabilitet og bank,Financial stability and banking,Speech,https://www.norges-bank.no/en/news-events/news/Speeches/2024/2024-04-30-spu-bache/,Norges Bank,2024-04-30,10:20,p,18,30,https___www_norges_bank_no_en_news_events_news_Speeches_2024_2024_04_30_spu_bache_,https___www_norges_bank_no_en_news_events_news_Speeches_2024_2024_04_30_spu_bache__p18,2024,4
Politikkforklaring / begrunnelse,Policy explanation / justification,Annet / administrativt / ikke kodbar,Other / administrative / not codable,Speech,https://www.norges-bank.no/en/news-events/news/Speeches/2024/2024-04-30-spu-bache/,Norges Bank,2024-04-30,10:20,p,19,50,https___www_norges_bank_no_en_news_events_news_Speeches_2024_2024_04_30_spu_bache_,https___www_norges_bank_no_en_news_events_news_Speeches_2024_2024_04_30_spu_bache__p19,2024,4
Institusjonelt ansvar / mandat,Institutional accountability / mandate,Annet / administrativt / ikke kodbar,Other / administrative / not codable,Speech,https://www.norges-bank.no/en/news-events/news/Speeches/2024/2024-04-30-spu-bache/,Norges Bank,2024-04-30,10:20,p,20,37,https___www_norges_bank_no_en_news_events_news_Speeches_2024_2024_04_30_spu_bache_,https___www_norges_bank_no_en_news_events_news_Speeches_2024_2024_04_30_spu_bache__p20,2024,4
Institusjonelt ansvar / mandat,Institutional accountability / mandate,Annet / administrativt / ikke kodbar,Other / administrative / not codable,Speech,https://www.norges-bank.no/en/news-events/news/Speeches/2024/2024-04-30-spu-bache/,Norges Bank,2024-04-30,10:20,p,21,44,https___www_norges_bank_no_en_news_events_news_Speeches_2024_2024_04_30_spu_bache_,https___www_norges_bank_no_en_news_events_news_Speeches_2024_2024_04_30_spu_bache__p21,2024,4
Institusjonelt ansvar / mandat,Institutional accountability / mandate,Finansiell stabilitet og bank,Financial stability and banking,Speech,https://www.norges-bank.no/en/news-events/news/Speeches/2024/2024-04-30-spu-bache/,Norges Bank,2024-04-30,10:20,p,22,49,https___www_norges_bank_no_en_news_events_news_Speeches_2024_2024_04_30_spu_bache_,https___www_norges_bank_no_en_news_events_news_Speeches_2024_2024_04_30_spu_bache__p22,2024,4
Institusjonelt ansvar / mandat,Institutional accountability / mandate,Annet / administrativt / ikke kodbar,Other / administrative / not codable,Speech,https://www.norges-bank.no/en/news-events/news/Speeches/2024/2024-04-30-spu-bache/,Norges Bank,2024-04-30,10:20,p,23,48,https___www_norges_bank_no_en_news_events_news_Speeches_2024_2024_04_30_spu_bache_,https___www_norges_bank_no_en_news_events_news_Speeches_2024_2024_04_30_spu_bache__p23,2024,4
Risiko / usikkerhet,Risk / uncertainty,Valutakurs og eksterne forhold,Exchange rate and external conditions,Speech,https://www.norges-bank.no/en/news-events/news/Speeches/2024/2024-04-30-spu-bache/,Norges Bank,2024-04-30,10:20,p,24,83,https___www_norges_bank_no_en_news_events_news_Speeches_2024_2024_04_30_spu_bache_,https___www_norges_bank_no_en_news_events_news_Speeches_2024_2024_04_30_spu_bache__p24,2024,4
Institusjonelt ansvar / mandat,Institutional accountability / mandate,Finansiell stabilitet og bank,Financial stability and banking,Speech,https://www.norges-bank.no/en/news-events/news/Speeches/2024/2024-04-30-spu-bache/,Norges Bank,2024-04-30,10:20,p,25,29,https___www_norges_bank_no_en_news_events_news_Speeches_2024_2024_04_30_spu_bache_,https___www_norges_bank_no_en_news_events_news_Speeches_2024_2024_04_30_spu_bache__p25,2024,4
Institusjonelt ansvar / mandat,Institutional accountability / mandate,Annet / administrativt / ikke kodbar,Other / administrative / not codable,Speech,https://www.norges-bank.no/en/news-events/news/Speeches/2024/2024-04-30-spu-bache/,Norges Bank,2024-04-30,10:20,p,26,35,https___www_norges_bank_no_en_news_events_news_Speeches_2024_2024_04_30_spu_bache_,https___www_norges_bank_no_en_news_events_news_Speeches_2024_2024_04_30_spu_bache__p26,2024,4
Institusjonelt ansvar / mandat,Institutional accountability / mandate,Annet / administrativt / ikke kodbar,Other / administrative / not codable,Speech,https://www.norges-bank.no/en/news-events/news/Speeches/2024/2024-04-30-spu-bache/,Norges Bank,2024-04-30,10:20,p,27,36,https___www_norges_bank_no_en_news_events_news_Speeches_2024_2024_04_30_spu_bache_,https___www_norges_bank_no_en_news_events_news_Speeches_2024_2024_04_30_spu_bache__p27,2024,4
Institusjonelt ansvar / mandat,Institutional accountability / mandate,Annet / administrativt / ikke kodbar,Other / administrative / not codable,Speech,https://www.norges-bank.no/en/news-events/news/Speeches/2024/2024-04-30-spu-bache/,Norges Bank,2024-04-30,10:20,p,28,62,https___www_norges_bank_no_en_news_events_news_Speeches_2024_2024_04_30_spu_bache_,https___www_norges_bank_no_en_news_events_news_Speeches_2024_2024_04_30_spu_bache__p28,2024,4
Institusjonelt ansvar / mandat,Institutional accountability / mandate,Annet / administrativt / ikke kodbar,Other / administrative / not codable,Speech,https://www.norges-bank.no/en/news-events/news/Speeches/2024/2024-04-30-spu-bache/,Norges Bank,2024-04-30,10:20,p,29,79,https___www_norges_bank_no_en_news_events_news_Speeches_2024_2024_04_30_spu_bache_,https___www_norges_bank_no_en_news_events_news_Speeches_2024_2024_04_30_spu_bache__p29,2024,4
Institusjonelt ansvar / mandat,Institutional accountability / mandate,Annet / administrativt / ikke kodbar,Other / administrative / not codable,Speech,https://www.norges-bank.no/en/news-events/news/Speeches/2024/2024-04-30-spu-bache/,Norges Bank,2024-04-30,10:20,p,30,8,https___www_norges_bank_no_en_news_events_news_Speeches_2024_2024_04_30_spu_bache_,https___www_norges_bank_no_en_news_events_news_Speeches_2024_2024_04_30_spu_bache__p30,2024,4
Institusjonelt ansvar / mandat,Institutional accountability / mandate,Annet / administrativt / ikke kodbar,Other / administrative / not codable,Speech,https://www.norges-bank.no/en/news-events/news/Speeches/2024/2024-04-30-spu-bache/,Norges Bank,2024-04-30,10:20,li,31,6,https___www_norges_bank_no_en_news_events_news_Speeches_2024_2024_04_30_spu_bache_,https___www_norges_bank_no_en_news_events_news_Speeches_2024_2024_04_30_spu_bache__p31,2024,4
Institusjonelt ansvar / mandat,Institutional accountability / mandate,Annet / administrativt / ikke kodbar,Other / administrative / not codable,Speech,https://www.norges-bank.no/en/news-events/news/Speeches/2024/2024-04-30-spu-bache/,Norges Bank,2024-04-30,10:20,li,32,4,https___www_norges_bank_no_en_news_events_news_Speeches_2024_2024_04_30_spu_bache_,https___www_norges_bank_no_en_news_events_news_Speeches_2024_2024_04_30_spu_bache__p32,2024,4
